# Generated from current Luavi geometry; rerun generate_land_airfields.py after layout edits.
GENERATED 3 00000085.fld
HOLD 18138.3247 1113.8783
RUNWAY 17770.3617 1349.5568 255.87361 2333.0226 32.9597
TOUCHDOWN 20 10 300
TOUCHDOWN_SPEED 70.222
APPROACH FINAL
A 24558.6797 3057.9882 76.200 230.000 0 0 0 1542.588 230.000 0 0 0
A 24510.1917 3045.7851 76.200 230.000 0 0 0 1521.773 230.000 0 0 0
A 24461.7037 3033.5821 76.200 230.000 0 0 0 1501.108 230.000 0 0 0
A 24413.2158 3021.3790 76.200 230.000 0 0 0 1480.591 230.000 0 0 0
A 24364.7278 3009.1759 76.200 230.000 0 0 0 1460.223 230.000 0 0 0
A 24316.2398 2996.9728 76.200 230.000 0 0 0 1440.004 230.000 0 0 0
A 24267.7518 2984.7697 76.200 230.000 0 0 0 1419.933 230.000 0 0 0
A 24219.2638 2972.5667 76.200 230.000 0 0 0 1400.012 230.000 0 0 0
A 24170.7758 2960.3636 76.200 230.000 0 0 0 1380.239 230.000 0 0 0
A 24122.2878 2948.1605 76.200 230.000 0 0 0 1360.615 230.000 0 0 0
A 24073.7999 2935.9574 76.200 230.000 0 0 0 1341.139 230.000 0 0 0
A 24025.3119 2923.7543 76.200 230.000 0 0 0 1321.813 230.000 0 0 0
A 23976.8239 2911.5513 76.200 230.000 0 0 0 1302.635 230.000 0 0 0
A 23928.3359 2899.3482 76.200 230.000 0 0 0 1283.606 230.000 0 0 0
A 23879.8479 2887.1451 76.200 230.000 0 0 0 1264.726 230.000 0 0 0
A 23831.3599 2874.9420 76.200 230.000 0 0 0 1245.995 230.000 0 0 0
A 23782.8719 2862.7389 76.200 230.000 0 0 0 1227.412 230.000 0 0 0
A 23734.3840 2850.5358 76.200 230.000 0 0 0 1208.978 230.000 0 0 0
A 23685.8960 2838.3328 76.200 230.000 0 0 0 1190.693 230.000 0 0 0
A 23637.4080 2826.1297 76.200 230.000 0 0 0 1172.557 230.000 0 0 0
A 23588.9200 2813.9266 76.200 230.000 0 0 0 1154.569 230.000 0 0 0
A 23540.4320 2801.7235 76.200 230.000 0 0 0 1136.731 230.000 0 0 0
A 23491.9440 2789.5204 76.200 230.000 0 0 0 1119.041 230.000 0 0 0
A 23443.4560 2777.3174 76.200 230.000 0 0 0 1101.500 230.000 0 0 0
A 23394.9681 2765.1143 76.200 230.000 0 0 0 1084.107 230.000 0 0 0
A 23346.4801 2752.9112 76.200 230.000 0 0 0 1066.864 230.000 0 0 0
A 23297.9921 2740.7081 76.200 230.000 0 0 0 1049.769 230.000 0 0 0
A 23249.5041 2728.5050 76.200 230.000 0 0 0 1032.823 230.000 0 0 0
A 23201.0161 2716.3020 76.200 230.000 0 0 0 1016.025 230.000 0 0 0
A 23152.5281 2704.0989 76.200 230.000 0 0 0 999.377 230.000 0 0 0
A 23104.0401 2691.8958 76.200 230.000 0 0 0 982.877 230.000 0 0 0
A 23055.5521 2679.6927 76.200 228.803 0 0 0 966.526 228.803 0 0 0
A 23007.0642 2667.4896 76.200 226.807 0 0 0 950.324 226.807 0 0 0
A 22958.5762 2655.2865 76.200 224.811 0 0 0 934.271 224.811 0 0 0
A 22910.0882 2643.0835 76.200 222.815 0 0 0 918.366 222.815 0 0 0
A 22861.6002 2630.8804 76.200 220.819 0 0 0 902.610 220.819 0 0 0
A 22813.1122 2618.6773 76.200 218.824 0 0 0 887.003 218.824 0 0 0
A 22764.6242 2606.4742 76.200 216.828 0 0 0 871.545 216.828 0 0 0
A 22716.1362 2594.2711 76.200 214.832 0 0 0 856.236 214.832 0 0 0
A 22667.6483 2582.0681 76.200 212.836 0 0 0 841.075 212.836 0 0 0
A 22619.1603 2569.8650 76.200 210.840 0 0 0 826.063 210.840 0 0 0
A 22570.6723 2557.6619 76.200 208.845 0 0 0 811.200 208.845 0 0 0
A 22522.1843 2545.4588 76.200 206.849 0 0 0 796.486 206.849 0 0 0
A 22473.6963 2533.2557 76.200 204.853 0 0 0 781.920 204.853 0 0 0
A 22425.2083 2521.0527 76.200 202.857 0 0 0 767.503 202.857 0 0 0
A 22376.7203 2508.8496 76.200 200.861 0 0 0 753.235 200.861 0 0 0
A 22328.2324 2496.6465 76.200 198.866 0 0 0 739.116 198.866 0 0 0
A 22279.7444 2484.4434 76.200 196.870 0 0 0 725.146 196.870 0 0 0
A 22231.2564 2472.2403 76.200 194.874 0 0 0 711.324 194.874 0 0 0
A 22182.7684 2460.0372 76.200 192.878 0 0 0 697.651 192.878 0 0 0
A 22134.2804 2447.8342 76.200 190.882 0 0 0 684.127 190.882 0 0 0
A 22085.7924 2435.6311 76.200 188.887 0 0 0 670.752 188.887 0 0 0
A 22037.3044 2423.4280 76.200 186.891 0 0 0 657.525 186.891 0 0 0
A 21988.8165 2411.2249 76.200 184.895 0 0 0 644.447 184.895 0 0 0
A 21940.3285 2399.0218 76.200 182.899 0 0 0 631.518 182.899 0 0 0
A 21891.8405 2386.8188 76.200 180.903 0 0 0 618.738 180.903 0 0 0
A 21843.3525 2374.6157 76.200 178.908 0 0 0 606.107 178.908 0 0 0
A 21794.8645 2362.4126 76.200 176.912 0 0 0 593.624 176.912 0 0 0
A 21746.3765 2350.2095 76.200 174.916 0 0 0 581.290 174.916 0 0 0
A 21697.8885 2338.0064 76.200 172.920 0 0 0 569.105 172.920 0 0 0
A 21649.4005 2325.8034 76.200 170.924 0 0 0 557.069 170.924 0 0 0
A 21600.9126 2313.6003 76.200 168.929 0 0 0 545.181 168.929 0 0 0
A 21552.4246 2301.3972 76.200 166.933 0 0 0 533.443 166.933 0 0 0
A 21503.9366 2289.1941 76.200 164.937 0 0 0 521.853 164.937 0 0 0
A 21455.4486 2276.9910 76.200 162.941 0 0 0 510.411 162.941 0 0 0
A 21406.9606 2264.7879 76.200 160.945 0 0 0 499.119 160.945 0 0 0
A 21358.4726 2252.5849 76.200 158.950 0 0 0 487.975 158.950 0 0 0
A 21309.9846 2240.3818 76.200 156.954 0 0 0 476.981 156.954 0 0 0
A 21261.4967 2228.1787 76.200 154.958 0 0 0 466.135 154.958 0 0 0
A 21213.0087 2215.9756 76.200 152.962 0 0 0 455.437 152.962 0 0 0
A 21164.5207 2203.7725 76.200 150.966 0 0 0 444.889 150.966 0 0 0
A 21116.0327 2191.5695 76.200 148.971 0 0 0 434.489 148.971 0 0 0
A 21067.5447 2179.3664 76.200 146.975 0 0 0 424.238 146.975 0 0 0
A 21019.0567 2167.1633 76.200 144.979 0 0 0 414.136 144.979 0 0 0
A 20970.5687 2154.9602 76.200 142.983 0 0 0 404.183 142.983 0 0 0
A 20922.0808 2142.7571 76.200 140.987 0 0 0 394.378 140.987 0 0 0
A 20873.5928 2130.5540 76.200 138.992 0 0 0 384.722 138.992 0 0 0
A 20825.1048 2118.3510 76.200 136.996 0 1 0 375.215 136.996 0 1 0
A 20776.6168 2106.1479 76.200 135.000 0 1 0 365.857 135.000 0 1 0
A 20728.1288 2093.9448 76.200 133.004 0 1 0 356.647 133.004 0 1 0
A 20679.6408 2081.7417 76.200 131.008 0 1 0 347.587 131.008 0 1 0
A 20631.1528 2069.5386 76.200 129.013 0 1 0 338.675 129.013 0 1 0
A 20582.6649 2057.3356 76.200 127.017 0 1 0 329.912 127.017 0 1 0
A 20534.1769 2045.1325 76.200 125.021 0 1 0 321.297 125.021 0 1 0
A 20485.6889 2032.9294 76.200 123.025 0 1 0 312.832 123.025 0 1 0
A 20437.2009 2020.7263 76.200 121.029 0 1 0 304.515 121.029 0 1 0
A 20388.7129 2008.5232 76.200 119.034 0 1 0 296.347 119.034 0 1 0
A 20340.2249 1996.3202 76.200 117.038 1 1 0 288.328 117.038 1 1 0
A 20291.7369 1984.1171 76.200 115.042 1 1 0 280.457 115.042 1 1 0
A 20243.2489 1971.9140 76.200 113.046 1 1 0 272.735 113.046 1 1 0
A 20194.7610 1959.7109 76.200 111.051 1 1 0 265.163 111.051 1 1 0
A 20146.2730 1947.5078 76.200 109.055 1 1 0 257.738 109.055 1 1 0
A 20097.7850 1935.3047 76.200 107.059 1 1 0 250.463 107.059 1 1 0
A 20049.2970 1923.1017 76.200 105.063 1 1 0 243.336 105.063 1 1 0
A 20000.8090 1910.8986 76.200 103.067 1 1 0 236.359 103.067 1 1 0
A 19952.3210 1898.6955 76.200 101.072 1 1 0 229.530 101.072 1 1 0
A 19903.8330 1886.4924 76.200 99.076 1 1 0 222.849 99.076 1 1 0
A 19855.3451 1874.2893 76.200 97.080 1 1 0 216.318 97.080 1 1 0
A 19806.8571 1862.0863 76.200 95.084 1 1 0 209.935 95.084 1 1 0
A 19758.3691 1849.8832 76.200 93.088 1 1 0 203.701 93.088 1 1 0
A 19709.8811 1837.6801 76.200 91.093 1 1 0 197.616 91.093 1 1 0
A 19661.3931 1825.4770 76.200 89.097 1 1 0 191.680 89.097 1 1 0
A 19612.9051 1813.2739 76.200 87.101 1 1 0 185.893 87.101 1 1 0
A 19564.4171 1801.0709 76.200 85.105 1 1 0 180.254 85.105 1 1 0
A 19515.9292 1788.8678 76.200 83.109 1 1 0 174.764 83.109 1 1 0
A 19467.4412 1776.6647 76.200 82.311 1 1 0 169.423 82.311 1 1 0
A 19418.9532 1764.4616 76.200 82.311 1 1 0 164.230 82.311 1 1 0
A 19370.4652 1752.2585 76.200 82.311 1 1 0 159.187 82.311 1 1 0
A 19321.9772 1740.0554 76.200 82.311 1 1 0 154.292 82.311 1 1 0
A 19273.4892 1727.8524 76.200 82.311 1 1 0 149.546 82.311 1 1 0
A 19225.0012 1715.6493 76.200 82.311 1 1 0 144.948 82.311 1 1 0
A 19176.5133 1703.4462 76.200 82.311 1 1 0 140.500 82.311 1 1 0
A 19128.0253 1691.2431 76.200 82.311 1 1 0 136.200 82.311 1 1 0
A 19079.5373 1679.0400 74.299 82.311 1 1 0 130.148 82.311 1 1 0
A 19031.0493 1666.8370 71.678 82.311 1 1 0 123.525 82.311 1 1 0
A 18982.5613 1654.6339 69.058 82.311 1 1 0 117.051 82.311 1 1 0
A 18934.0733 1642.4308 66.437 82.311 1 1 0 110.726 82.311 1 1 0
A 18885.5853 1630.2277 63.817 82.311 1 1 0 104.550 82.311 1 1 0
A 18837.0973 1618.0246 61.197 82.311 1 1 0 98.523 82.311 1 1 0
A 18788.6094 1605.8216 58.576 82.311 1 1 0 92.644 82.311 1 1 0
A 18740.1214 1593.6185 55.956 82.311 1 1 0 86.914 82.311 1 1 0
A 18691.6334 1581.4154 53.336 82.311 1 1 0 81.333 82.311 1 1 0
A 18643.1454 1569.2123 50.715 82.311 1 1 0 75.901 82.311 1 1 0
A 18594.6574 1557.0092 48.095 82.311 1 1 0 70.617 82.311 1 1 0
A 18546.1694 1544.8061 45.474 82.311 1 1 0 65.482 82.311 1 1 0
A 18497.6814 1532.6031 42.854 82.311 1 1 0 60.496 82.311 1 1 0
A 18449.1935 1520.4000 40.234 82.311 1 1 0 55.659 82.311 1 1 0
A 18400.7055 1508.1969 37.613 82.311 1 1 0 50.971 82.311 1 1 0
A 18352.2175 1495.9938 34.993 82.311 1 1 0 46.431 82.311 1 1 0
A 18303.7295 1483.7907 32.372 82.311 1 1 0 42.040 82.311 1 1 0
A 18255.2415 1471.5877 29.752 82.311 1 1 0 37.798 82.311 1 1 0
A 18206.7535 1459.3846 27.132 82.311 1 1 0 33.705 82.311 1 1 0
A 18158.2655 1447.1815 24.511 82.311 1 1 0 29.760 82.311 1 1 0
A 18109.7776 1434.9784 21.891 82.311 1 1 0 25.964 82.311 1 1 0
A 18061.2896 1422.7753 19.270 82.311 1 1 0 22.318 82.311 1 1 0
A 18012.8016 1410.5723 16.650 82.311 1 1 0 18.819 82.311 1 1 0
A 17964.3136 1398.3692 14.030 82.311 1 1 0 15.470 82.311 1 1 0
A 17915.8256 1386.1661 11.409 82.311 1 1 0 12.269 82.311 1 1 0
A 17867.3376 1373.9630 8.789 82.311 1 1 0 9.217 82.311 1 1 0
A 17818.8496 1361.7599 6.169 82.311 1 1 0 6.314 82.311 1 1 0
A 17770.3617 1349.5568 3.548 82.311 1 1 0 3.560 82.311 1 1 0
A 17721.8737 1337.3538 2.500 82.311 1 1 0 2.500 82.311 1 1 0
A 17673.3857 1325.1507 2.500 82.311 1 1 0 2.500 82.311 1 1 0
REARM FUELTANK1_90281 17137.4348 1521.6328 346.279 17086.6800 1509.2400
ROUTE FUELTANK1_90281 IN
R 17750.9665 1344.6756 10.0
R 17747.0940 1343.7010 10.0
R 17743.2215 1342.7264 10.0
R 17739.3491 1341.7518 10.0
R 17735.4766 1340.7772 10.0
R 17731.6041 1339.8027 10.0
R 17727.7316 1338.8281 10.0
R 17723.8592 1337.8535 10.0
R 17719.9867 1336.8789 10.0
R 17716.1142 1335.9043 10.0
R 17712.2418 1334.9297 10.0
R 17708.3693 1333.9551 10.0
R 17704.4968 1332.9805 10.0
R 17700.6244 1332.0059 10.0
R 17696.7519 1331.0313 10.0
R 17692.8794 1330.0567 10.0
R 17689.0070 1329.0821 10.0
R 17685.1345 1328.1075 10.0
R 17681.2620 1327.1329 10.0
R 17677.3896 1326.1584 10.0
R 17673.5171 1325.1838 10.0
R 17669.6446 1324.2092 10.0
R 17665.7722 1323.2346 10.0
R 17661.8997 1322.2600 10.0
R 17658.0272 1321.2854 10.0
R 17654.1547 1320.3108 10.0
R 17650.2823 1319.3362 10.0
R 17646.4098 1318.3616 10.0
R 17642.5373 1317.3870 10.0
R 17638.6649 1316.4124 10.0
R 17634.7924 1315.4378 10.0
R 17630.9199 1314.4632 10.0
R 17627.0475 1313.4886 10.0
R 17623.1750 1312.5141 10.0
R 17619.3025 1311.5395 10.0
R 17615.4301 1310.5649 10.0
R 17611.5576 1309.5903 10.0
R 17607.6851 1308.6157 10.0
R 17603.8127 1307.6411 10.0
R 17599.9402 1306.6665 10.0
R 17596.0677 1305.6919 10.0
R 17592.1953 1304.7173 10.0
R 17588.3228 1303.7427 10.0
R 17584.4503 1302.7681 10.0
R 17580.5779 1301.7935 10.0
R 17576.7054 1300.8189 10.0
R 17572.8329 1299.8443 10.0
R 17568.9604 1298.8698 10.0
R 17568.0343 1302.5498 10.0
R 17567.1081 1306.2298 10.0
R 17566.1820 1309.9098 10.0
R 17565.2558 1313.5899 10.0
R 17564.3296 1317.2699 10.0
R 17563.4035 1320.9499 10.0
R 17562.4773 1324.6299 10.0
R 17561.5512 1328.3100 10.0
R 17560.6250 1331.9900 10.0
R 17558.7753 1335.2690 10.0
R 17556.9256 1338.5480 10.0
R 17555.0759 1341.8270 10.0
R 17553.2261 1345.1061 10.0
R 17551.3764 1348.3851 10.0
R 17549.5267 1351.6641 10.0
R 17547.6770 1354.9431 10.0
R 17545.8273 1358.2221 10.0
R 17543.9776 1361.5011 10.0
R 17542.1278 1364.7802 10.0
R 17540.2781 1368.0592 10.0
R 17538.4284 1371.3382 10.0
R 17536.5787 1374.6172 10.0
R 17534.7290 1377.8962 10.0
R 17531.5548 1378.8798 10.0
R 17528.3807 1379.8633 10.0
R 17527.5200 1380.1300 10.0
R 17524.4315 1381.0870 10.0
R 17522.3712 1381.7254 10.0
R 17520.3110 1382.3638 10.0
R 17519.6451 1385.0214 10.0
R 17518.9791 1387.6790 10.0
R 17518.3132 1390.3367 10.0
R 17514.4864 1389.3778 10.0
R 17510.6597 1388.4189 10.0
R 17506.8329 1387.4600 10.0
R 17503.0062 1386.5011 10.0
R 17499.1794 1385.5422 10.0
R 17495.3526 1384.5833 10.0
R 17491.5259 1383.6244 10.0
R 17487.6991 1382.6655 10.0
R 17483.8724 1381.7066 10.0
R 17480.0456 1380.7477 10.0
R 17476.2188 1379.7888 10.0
R 17472.3921 1378.8299 10.0
R 17468.5653 1377.8710 10.0
R 17464.7386 1376.9121 10.0
R 17460.9118 1375.9532 10.0
R 17457.0851 1374.9943 10.0
R 17453.2583 1374.0354 10.0
R 17449.4315 1373.0765 10.0
R 17445.6048 1372.1176 10.0
R 17441.7780 1371.1587 10.0
R 17437.9513 1370.1998 10.0
R 17434.1245 1369.2409 10.0
R 17430.2977 1368.2820 10.0
R 17426.4710 1367.3231 10.0
R 17422.6442 1366.3642 10.0
R 17418.8175 1365.4053 10.0
R 17414.9907 1364.4464 10.0
R 17411.1640 1363.4875 10.0
R 17407.3372 1362.5286 10.0
R 17403.5104 1361.5697 10.0
R 17399.6837 1360.6108 10.0
R 17395.8569 1359.6519 10.0
R 17392.0302 1358.6930 10.0
R 17388.2034 1357.7341 10.0
R 17384.3766 1356.7752 10.0
R 17380.5499 1355.8163 10.0
R 17376.7231 1354.8574 10.0
R 17372.8964 1353.8985 10.0
R 17369.0696 1352.9396 10.0
R 17365.2429 1351.9807 10.0
R 17361.4161 1351.0218 10.0
R 17357.5893 1350.0629 10.0
R 17353.7626 1349.1040 10.0
R 17349.9358 1348.1451 10.0
R 17346.1091 1347.1862 10.0
R 17342.2823 1346.2273 10.0
R 17338.4555 1345.2684 10.0
R 17334.6288 1344.3095 10.0
R 17330.8020 1343.3506 10.0
R 17326.9753 1342.3917 10.0
R 17323.1485 1341.4328 10.0
R 17319.3218 1340.4739 10.0
R 17315.4950 1339.5150 10.0
R 17311.6826 1338.5597 10.0
R 17307.8703 1337.6044 10.0
R 17304.0579 1336.6491 10.0
R 17300.2456 1335.6938 10.0
R 17296.4332 1334.7385 10.0
R 17292.6209 1333.7833 10.0
R 17288.8085 1332.8280 10.0
R 17284.9962 1331.8727 10.0
R 17281.1838 1330.9174 10.0
R 17277.3715 1329.9621 10.0
R 17273.5591 1329.0068 10.0
R 17269.7467 1328.0515 10.0
R 17265.9344 1327.0962 10.0
R 17262.1220 1326.1409 10.0
R 17258.3097 1325.1856 10.0
R 17254.4973 1324.2304 10.0
R 17250.6850 1323.2751 10.0
R 17246.8726 1322.3198 10.0
R 17243.0603 1321.3645 10.0
R 17239.2479 1320.4092 10.0
R 17235.4355 1319.4539 10.0
R 17231.6232 1318.4986 10.0
R 17227.8108 1317.5433 10.0
R 17223.9985 1316.5880 10.0
R 17220.1861 1315.6327 10.0
R 17216.3738 1314.6775 10.0
R 17212.5614 1313.7222 10.0
R 17208.7491 1312.7669 10.0
R 17204.9367 1311.8116 10.0
R 17201.1244 1310.8563 10.0
R 17197.3120 1309.9010 10.0
R 17193.4996 1308.9457 10.0
R 17189.6873 1307.9904 10.0
R 17185.8749 1307.0351 10.0
R 17182.0626 1306.0798 10.0
R 17178.2502 1305.1246 10.0
R 17174.4379 1304.1693 10.0
R 17170.6255 1303.2140 10.0
R 17166.8132 1302.2587 10.0
R 17163.0008 1301.3034 10.0
R 17159.1885 1300.3481 10.0
R 17155.3761 1299.3928 10.0
R 17151.5637 1298.4375 10.0
R 17147.7514 1297.4822 10.0
R 17143.9390 1296.5269 10.0
R 17140.1267 1295.5717 10.0
R 17136.3143 1294.6164 10.0
R 17132.5020 1293.6611 10.0
R 17128.6896 1292.7058 10.0
R 17124.8773 1291.7505 10.0
R 17121.0649 1290.7952 10.0
R 17117.2525 1289.8399 10.0
R 17113.4402 1288.8846 10.0
R 17112.0050 1288.5250 10.0
R 17110.4747 1291.9940 10.0
R 17108.9443 1295.4631 10.0
R 17107.4140 1298.9321 10.0
R 17105.8837 1302.4012 10.0
R 17104.3533 1305.8702 10.0
R 17102.8230 1309.3393 10.0
R 17101.2927 1312.8083 10.0
R 17099.7624 1316.2774 10.0
R 17098.2320 1319.7464 10.0
R 17096.7017 1323.2155 10.0
R 17095.1714 1326.6845 10.0
R 17095.5528 1328.0800 10.0
R 17096.2206 1330.5237 10.0
R 17096.8885 1332.9673 10.0
R 17097.6475 1335.7443 10.0
R 17098.4065 1338.5213 10.0
R 17099.2851 1341.7361 10.0
R 17100.1662 1344.9596 10.0
R 17101.0151 1348.0656 10.0
R 17101.8028 1350.9476 10.0
R 17102.4218 1353.2125 10.0
R 17102.8796 1354.8873 10.0
R 17103.1307 1355.8061 10.0
R 17103.2224 1356.1418 10.0
R 17103.7606 1358.1107 10.0
R 17104.2987 1360.0797 10.0
R 17104.9713 1362.5404 10.0
R 17105.6562 1365.0466 10.0
R 17106.3153 1367.4579 10.0
R 17106.9879 1369.9188 10.0
R 17107.1115 1370.3712 10.0
R 17107.4551 1371.6283 10.0
R 17108.4466 1375.2558 10.0
R 17109.4380 1378.8833 10.0
R 17110.4294 1382.5108 10.0
R 17111.4209 1386.1383 10.0
R 17112.4123 1389.7658 10.0
R 17113.4038 1393.3933 10.0
R 17114.3952 1397.0208 10.0
R 17115.3867 1400.6483 10.0
R 17116.2578 1403.8356 10.0
R 17117.1289 1407.0228 10.0
R 17118.0000 1410.2100 10.0
R 17119.0377 1414.0066 10.0
R 17120.0753 1417.8032 10.0
R 17121.1130 1421.5998 10.0
R 17122.1507 1425.3965 10.0
R 17123.1883 1429.1931 10.0
R 17124.2260 1432.9897 10.0
R 17125.2637 1436.7863 10.0
R 17126.3013 1440.5829 10.0
R 17127.3390 1444.3795 10.0
R 17128.3767 1448.1761 10.0
R 17129.4143 1451.9727 10.0
R 17130.4520 1455.7694 10.0
R 17131.4897 1459.5660 10.0
R 17132.5273 1463.3626 10.0
R 17133.5650 1467.1592 10.0
R 17134.6026 1470.9558 10.0
R 17135.6403 1474.7524 10.0
R 17136.6780 1478.5490 10.0
R 17137.7156 1482.3456 10.0
R 17138.7533 1486.1423 10.0
R 17139.7910 1489.9389 10.0
R 17140.8286 1493.7355 10.0
R 17144.0542 1494.5231 10.0
R 17143.1085 1498.3959 10.0
R 17142.1629 1502.2687 10.0
R 17141.2173 1506.1415 10.0
R 17140.2716 1510.0143 10.0
R 17139.3260 1513.8872 10.0
R 17138.3804 1517.7600 10.0
R 17137.4348 1521.6328 10.0
ROUTE FUELTANK1_90281 OUT
R 17137.4348 1521.6328 10.0
R 17138.3804 1517.7600 10.0
R 17139.3260 1513.8872 10.0
R 17140.2716 1510.0143 10.0
R 17141.2173 1506.1415 10.0
R 17142.1629 1502.2687 10.0
R 17143.1085 1498.3959 10.0
R 17144.0542 1494.5231 10.0
R 17140.8286 1493.7355 10.0
R 17139.7910 1489.9389 10.0
R 17138.7533 1486.1423 10.0
R 17137.7156 1482.3456 10.0
R 17136.6780 1478.5490 10.0
R 17135.6403 1474.7524 10.0
R 17134.6026 1470.9558 10.0
R 17133.5650 1467.1592 10.0
R 17132.5273 1463.3626 10.0
R 17131.4897 1459.5660 10.0
R 17130.4520 1455.7694 10.0
R 17129.4143 1451.9727 10.0
R 17128.3767 1448.1761 10.0
R 17127.3390 1444.3795 10.0
R 17126.3013 1440.5829 10.0
R 17125.2637 1436.7863 10.0
R 17124.2260 1432.9897 10.0
R 17123.1883 1429.1931 10.0
R 17122.1507 1425.3965 10.0
R 17121.1130 1421.5998 10.0
R 17120.0753 1417.8032 10.0
R 17119.0377 1414.0066 10.0
R 17118.0000 1410.2100 10.0
R 17117.1289 1407.0228 10.0
R 17116.2578 1403.8356 10.0
R 17115.3867 1400.6483 10.0
R 17114.3952 1397.0208 10.0
R 17113.4038 1393.3933 10.0
R 17112.4123 1389.7658 10.0
R 17111.4209 1386.1383 10.0
R 17110.4294 1382.5108 10.0
R 17109.4380 1378.8833 10.0
R 17108.4466 1375.2558 10.0
R 17107.4551 1371.6283 10.0
R 17107.1115 1370.3712 10.0
R 17106.9879 1369.9188 10.0
R 17106.3153 1367.4579 10.0
R 17105.6562 1365.0466 10.0
R 17104.9713 1362.5404 10.0
R 17104.2987 1360.0797 10.0
R 17103.7606 1358.1107 10.0
R 17103.2224 1356.1418 10.0
R 17103.1307 1355.8061 10.0
R 17102.8796 1354.8873 10.0
R 17102.4218 1353.2125 10.0
R 17101.8028 1350.9476 10.0
R 17101.0151 1348.0656 10.0
R 17100.1662 1344.9596 10.0
R 17099.2851 1341.7361 10.0
R 17098.4065 1338.5213 10.0
R 17097.6475 1335.7443 10.0
R 17096.8885 1332.9673 10.0
R 17096.2206 1330.5237 10.0
R 17095.5528 1328.0800 10.0
R 17095.1714 1326.6845 10.0
R 17096.7017 1323.2155 10.0
R 17098.2320 1319.7464 10.0
R 17099.7624 1316.2774 10.0
R 17101.2927 1312.8083 10.0
R 17102.8230 1309.3393 10.0
R 17104.3533 1305.8702 10.0
R 17105.8837 1302.4012 10.0
R 17107.4140 1298.9321 10.0
R 17108.9443 1295.4631 10.0
R 17110.4747 1291.9940 10.0
R 17112.0050 1288.5250 10.0
R 17113.4402 1288.8846 10.0
R 17117.2525 1289.8399 10.0
R 17121.0649 1290.7952 10.0
R 17124.8773 1291.7505 10.0
R 17128.6896 1292.7058 10.0
R 17132.5020 1293.6611 10.0
R 17136.3143 1294.6164 10.0
R 17140.1267 1295.5717 10.0
R 17143.9390 1296.5269 10.0
R 17147.7514 1297.4822 10.0
R 17151.5637 1298.4375 10.0
R 17155.3761 1299.3928 10.0
R 17159.1885 1300.3481 10.0
R 17163.0008 1301.3034 10.0
R 17166.8132 1302.2587 10.0
R 17170.6255 1303.2140 10.0
R 17174.4379 1304.1693 10.0
R 17178.2502 1305.1246 10.0
R 17182.0626 1306.0798 10.0
R 17185.8749 1307.0351 10.0
R 17189.6873 1307.9904 10.0
R 17193.4996 1308.9457 10.0
R 17197.3120 1309.9010 10.0
R 17201.1244 1310.8563 10.0
R 17204.9367 1311.8116 10.0
R 17208.7491 1312.7669 10.0
R 17212.5614 1313.7222 10.0
R 17216.3738 1314.6775 10.0
R 17220.1861 1315.6327 10.0
R 17223.9985 1316.5880 10.0
R 17227.8108 1317.5433 10.0
R 17231.6232 1318.4986 10.0
R 17235.4355 1319.4539 10.0
R 17239.2479 1320.4092 10.0
R 17243.0603 1321.3645 10.0
R 17246.8726 1322.3198 10.0
R 17250.6850 1323.2751 10.0
R 17254.4973 1324.2304 10.0
R 17258.3097 1325.1856 10.0
R 17262.1220 1326.1409 10.0
R 17265.9344 1327.0962 10.0
R 17269.7467 1328.0515 10.0
R 17273.5591 1329.0068 10.0
R 17277.3715 1329.9621 10.0
R 17281.1838 1330.9174 10.0
R 17284.9962 1331.8727 10.0
R 17288.8085 1332.8280 10.0
R 17292.6209 1333.7833 10.0
R 17296.4332 1334.7385 10.0
R 17300.2456 1335.6938 10.0
R 17304.0579 1336.6491 10.0
R 17307.8703 1337.6044 10.0
R 17311.6826 1338.5597 10.0
R 17315.4950 1339.5150 10.0
R 17319.3218 1340.4739 10.0
R 17323.1485 1341.4328 10.0
R 17326.9753 1342.3917 10.0
R 17330.8020 1343.3506 10.0
R 17334.6288 1344.3095 10.0
R 17338.4555 1345.2684 10.0
R 17342.2823 1346.2273 10.0
R 17346.1091 1347.1862 10.0
R 17349.9358 1348.1451 10.0
R 17353.7626 1349.1040 10.0
R 17357.5893 1350.0629 10.0
R 17361.4161 1351.0218 10.0
R 17365.2429 1351.9807 10.0
R 17369.0696 1352.9396 10.0
R 17372.8964 1353.8985 10.0
R 17376.7231 1354.8574 10.0
R 17380.5499 1355.8163 10.0
R 17384.3766 1356.7752 10.0
R 17388.2034 1357.7341 10.0
R 17392.0302 1358.6930 10.0
R 17395.8569 1359.6519 10.0
R 17399.6837 1360.6108 10.0
R 17403.5104 1361.5697 10.0
R 17407.3372 1362.5286 10.0
R 17411.1640 1363.4875 10.0
R 17414.9907 1364.4464 10.0
R 17418.8175 1365.4053 10.0
R 17422.6442 1366.3642 10.0
R 17426.4710 1367.3231 10.0
R 17430.2977 1368.2820 10.0
R 17434.1245 1369.2409 10.0
R 17437.9513 1370.1998 10.0
R 17441.7780 1371.1587 10.0
R 17445.6048 1372.1176 10.0
R 17449.4315 1373.0765 10.0
R 17453.2583 1374.0354 10.0
R 17457.0851 1374.9943 10.0
R 17460.9118 1375.9532 10.0
R 17464.7386 1376.9121 10.0
R 17468.5653 1377.8710 10.0
R 17472.3921 1378.8299 10.0
R 17476.2188 1379.7888 10.0
R 17480.0456 1380.7477 10.0
R 17483.8724 1381.7066 10.0
R 17487.6991 1382.6655 10.0
R 17491.5259 1383.6244 10.0
R 17495.3526 1384.5833 10.0
R 17499.1794 1385.5422 10.0
R 17503.0062 1386.5011 10.0
R 17506.8329 1387.4600 10.0
R 17510.6597 1388.4189 10.0
R 17514.4864 1389.3778 10.0
R 17518.3132 1390.3367 10.0
R 17518.9791 1387.6790 10.0
R 17519.6451 1385.0214 10.0
R 17520.3110 1382.3638 10.0
R 17522.3712 1381.7254 10.0
R 17524.4315 1381.0870 10.0
R 17527.5200 1380.1300 10.0
R 17528.3807 1379.8633 10.0
R 17531.5548 1378.8798 10.0
R 17534.7290 1377.8962 10.0
R 17536.5787 1374.6172 10.0
R 17538.4284 1371.3382 10.0
R 17540.2781 1368.0592 10.0
R 17542.1278 1364.7802 10.0
R 17543.9776 1361.5011 10.0
R 17545.8273 1358.2221 10.0
R 17547.6770 1354.9431 10.0
R 17549.5267 1351.6641 10.0
R 17551.3764 1348.3851 10.0
R 17553.2261 1345.1061 10.0
R 17555.0759 1341.8270 10.0
R 17556.9256 1338.5480 10.0
R 17558.7753 1335.2690 10.0
R 17560.6250 1331.9900 10.0
R 17561.5512 1328.3100 10.0
R 17562.4773 1324.6299 10.0
R 17563.4035 1320.9499 10.0
R 17564.3296 1317.2699 10.0
R 17565.2558 1313.5899 10.0
R 17566.1820 1309.9098 10.0
R 17567.1081 1306.2298 10.0
R 17568.0343 1302.5498 10.0
R 17568.9604 1298.8698 10.0
R 17572.8329 1299.8443 10.0
R 17576.7054 1300.8189 10.0
R 17580.5779 1301.7935 10.0
R 17584.4503 1302.7681 10.0
R 17588.3228 1303.7427 10.0
R 17592.1953 1304.7173 10.0
R 17596.0677 1305.6919 10.0
R 17599.9402 1306.6665 10.0
R 17603.8127 1307.6411 10.0
R 17607.6851 1308.6157 10.0
R 17611.5576 1309.5903 10.0
R 17615.4301 1310.5649 10.0
R 17619.3025 1311.5395 10.0
R 17623.1750 1312.5141 10.0
R 17627.0475 1313.4886 10.0
R 17630.9199 1314.4632 10.0
R 17634.7924 1315.4378 10.0
R 17638.6649 1316.4124 10.0
R 17642.5373 1317.3870 10.0
R 17646.4098 1318.3616 10.0
R 17650.2823 1319.3362 10.0
R 17654.1547 1320.3108 10.0
R 17658.0272 1321.2854 10.0
R 17661.8997 1322.2600 10.0
R 17665.7722 1323.2346 10.0
R 17669.6446 1324.2092 10.0
R 17673.5171 1325.1838 10.0
R 17677.3896 1326.1584 10.0
R 17681.2620 1327.1329 10.0
R 17685.1345 1328.1075 10.0
R 17689.0070 1329.0821 10.0
R 17692.8794 1330.0567 10.0
R 17696.7519 1331.0313 10.0
R 17700.6244 1332.0059 10.0
R 17704.4968 1332.9805 10.0
R 17708.3693 1333.9551 10.0
R 17712.2418 1334.9297 10.0
R 17716.1142 1335.9043 10.0
R 17719.9867 1336.8789 10.0
R 17723.8592 1337.8535 10.0
R 17727.7316 1338.8281 10.0
R 17731.6041 1339.8027 10.0
R 17735.4766 1340.7772 10.0
R 17739.3491 1341.7518 10.0
R 17743.2215 1342.7264 10.0
R 17747.0940 1343.7010 10.0
R 17750.9665 1344.6756 10.0
REARM HANGER_WEAPON_90274 17204.1976 1509.7548 346.334 17192.2200 1535.3500
ROUTE HANGER_WEAPON_90274 IN
R 17750.9665 1344.6756 10.0
R 17747.0940 1343.7010 10.0
R 17743.2215 1342.7264 10.0
R 17739.3491 1341.7518 10.0
R 17735.4766 1340.7772 10.0
R 17731.6041 1339.8027 10.0
R 17727.7316 1338.8281 10.0
R 17723.8592 1337.8535 10.0
R 17719.9867 1336.8789 10.0
R 17716.1142 1335.9043 10.0
R 17712.2418 1334.9297 10.0
R 17708.3693 1333.9551 10.0
R 17704.4968 1332.9805 10.0
R 17700.6244 1332.0059 10.0
R 17696.7519 1331.0313 10.0
R 17692.8794 1330.0567 10.0
R 17689.0070 1329.0821 10.0
R 17685.1345 1328.1075 10.0
R 17681.2620 1327.1329 10.0
R 17677.3896 1326.1584 10.0
R 17673.5171 1325.1838 10.0
R 17669.6446 1324.2092 10.0
R 17665.7722 1323.2346 10.0
R 17661.8997 1322.2600 10.0
R 17658.0272 1321.2854 10.0
R 17654.1547 1320.3108 10.0
R 17650.2823 1319.3362 10.0
R 17646.4098 1318.3616 10.0
R 17642.5373 1317.3870 10.0
R 17638.6649 1316.4124 10.0
R 17634.7924 1315.4378 10.0
R 17630.9199 1314.4632 10.0
R 17627.0475 1313.4886 10.0
R 17623.1750 1312.5141 10.0
R 17619.3025 1311.5395 10.0
R 17615.4301 1310.5649 10.0
R 17611.5576 1309.5903 10.0
R 17607.6851 1308.6157 10.0
R 17603.8127 1307.6411 10.0
R 17599.9402 1306.6665 10.0
R 17596.0677 1305.6919 10.0
R 17592.1953 1304.7173 10.0
R 17588.3228 1303.7427 10.0
R 17584.4503 1302.7681 10.0
R 17580.5779 1301.7935 10.0
R 17576.7054 1300.8189 10.0
R 17572.8329 1299.8443 10.0
R 17568.9604 1298.8698 10.0
R 17568.0343 1302.5498 10.0
R 17567.1081 1306.2298 10.0
R 17566.1820 1309.9098 10.0
R 17565.2558 1313.5899 10.0
R 17564.3296 1317.2699 10.0
R 17563.4035 1320.9499 10.0
R 17562.4773 1324.6299 10.0
R 17561.5512 1328.3100 10.0
R 17560.6250 1331.9900 10.0
R 17558.7753 1335.2690 10.0
R 17556.9256 1338.5480 10.0
R 17555.0759 1341.8270 10.0
R 17553.2261 1345.1061 10.0
R 17551.3764 1348.3851 10.0
R 17549.5267 1351.6641 10.0
R 17547.6770 1354.9431 10.0
R 17545.8273 1358.2221 10.0
R 17543.9776 1361.5011 10.0
R 17542.1278 1364.7802 10.0
R 17540.2781 1368.0592 10.0
R 17538.4284 1371.3382 10.0
R 17536.5787 1374.6172 10.0
R 17534.7290 1377.8962 10.0
R 17531.5548 1378.8798 10.0
R 17528.3807 1379.8633 10.0
R 17527.5200 1380.1300 10.0
R 17524.4315 1381.0870 10.0
R 17522.3712 1381.7254 10.0
R 17520.3110 1382.3638 10.0
R 17519.6451 1385.0214 10.0
R 17518.9791 1387.6790 10.0
R 17518.3132 1390.3367 10.0
R 17514.4864 1389.3778 10.0
R 17510.6597 1388.4189 10.0
R 17506.8329 1387.4600 10.0
R 17503.0062 1386.5011 10.0
R 17499.1794 1385.5422 10.0
R 17495.3526 1384.5833 10.0
R 17491.5259 1383.6244 10.0
R 17487.6991 1382.6655 10.0
R 17483.8724 1381.7066 10.0
R 17480.0456 1380.7477 10.0
R 17476.2188 1379.7888 10.0
R 17472.3921 1378.8299 10.0
R 17468.5653 1377.8710 10.0
R 17464.7386 1376.9121 10.0
R 17460.9118 1375.9532 10.0
R 17457.0851 1374.9943 10.0
R 17453.2583 1374.0354 10.0
R 17449.4315 1373.0765 10.0
R 17445.6048 1372.1176 10.0
R 17441.7780 1371.1587 10.0
R 17437.9513 1370.1998 10.0
R 17434.1245 1369.2409 10.0
R 17430.2977 1368.2820 10.0
R 17426.4710 1367.3231 10.0
R 17422.6442 1366.3642 10.0
R 17418.8175 1365.4053 10.0
R 17414.9907 1364.4464 10.0
R 17411.1640 1363.4875 10.0
R 17407.3372 1362.5286 10.0
R 17403.5104 1361.5697 10.0
R 17399.6837 1360.6108 10.0
R 17395.8569 1359.6519 10.0
R 17392.0302 1358.6930 10.0
R 17388.2034 1357.7341 10.0
R 17384.3766 1356.7752 10.0
R 17380.5499 1355.8163 10.0
R 17376.7231 1354.8574 10.0
R 17372.8964 1353.8985 10.0
R 17369.0696 1352.9396 10.0
R 17365.2429 1351.9807 10.0
R 17361.4161 1351.0218 10.0
R 17357.5893 1350.0629 10.0
R 17353.7626 1349.1040 10.0
R 17349.9358 1348.1451 10.0
R 17346.1091 1347.1862 10.0
R 17342.2823 1346.2273 10.0
R 17338.4555 1345.2684 10.0
R 17334.6288 1344.3095 10.0
R 17330.8020 1343.3506 10.0
R 17326.9753 1342.3917 10.0
R 17323.1485 1341.4328 10.0
R 17319.3218 1340.4739 10.0
R 17315.4950 1339.5150 10.0
R 17311.6826 1338.5597 10.0
R 17307.8703 1337.6044 10.0
R 17304.0579 1336.6491 10.0
R 17300.2456 1335.6938 10.0
R 17296.4332 1334.7385 10.0
R 17292.6209 1333.7833 10.0
R 17288.8085 1332.8280 10.0
R 17284.9962 1331.8727 10.0
R 17281.1838 1330.9174 10.0
R 17277.3715 1329.9621 10.0
R 17273.5591 1329.0068 10.0
R 17269.7467 1328.0515 10.0
R 17265.9344 1327.0962 10.0
R 17262.1220 1326.1409 10.0
R 17258.3097 1325.1856 10.0
R 17254.4973 1324.2304 10.0
R 17250.6850 1323.2751 10.0
R 17246.8726 1322.3198 10.0
R 17243.0603 1321.3645 10.0
R 17239.2479 1320.4092 10.0
R 17235.4355 1319.4539 10.0
R 17231.6232 1318.4986 10.0
R 17227.8108 1317.5433 10.0
R 17223.9985 1316.5880 10.0
R 17220.1861 1315.6327 10.0
R 17216.3738 1314.6775 10.0
R 17212.5614 1313.7222 10.0
R 17208.7491 1312.7669 10.0
R 17204.9367 1311.8116 10.0
R 17201.1244 1310.8563 10.0
R 17197.3120 1309.9010 10.0
R 17193.4996 1308.9457 10.0
R 17189.6873 1307.9904 10.0
R 17185.8749 1307.0351 10.0
R 17182.0626 1306.0798 10.0
R 17178.2502 1305.1246 10.0
R 17174.4379 1304.1693 10.0
R 17170.6255 1303.2140 10.0
R 17166.8132 1302.2587 10.0
R 17163.0008 1301.3034 10.0
R 17159.1885 1300.3481 10.0
R 17155.3761 1299.3928 10.0
R 17151.5637 1298.4375 10.0
R 17147.7514 1297.4822 10.0
R 17143.9390 1296.5269 10.0
R 17140.1267 1295.5717 10.0
R 17136.3143 1294.6164 10.0
R 17132.5020 1293.6611 10.0
R 17128.6896 1292.7058 10.0
R 17124.8773 1291.7505 10.0
R 17121.0649 1290.7952 10.0
R 17117.2525 1289.8399 10.0
R 17113.4402 1288.8846 10.0
R 17112.0050 1288.5250 10.0
R 17110.4747 1291.9940 10.0
R 17108.9443 1295.4631 10.0
R 17107.4140 1298.9321 10.0
R 17105.8837 1302.4012 10.0
R 17104.3533 1305.8702 10.0
R 17102.8230 1309.3393 10.0
R 17101.2927 1312.8083 10.0
R 17099.7624 1316.2774 10.0
R 17098.2320 1319.7464 10.0
R 17096.7017 1323.2155 10.0
R 17095.1714 1326.6845 10.0
R 17095.5528 1328.0800 10.0
R 17096.2206 1330.5237 10.0
R 17096.8885 1332.9673 10.0
R 17097.6475 1335.7443 10.0
R 17098.4065 1338.5213 10.0
R 17099.2851 1341.7361 10.0
R 17100.1662 1344.9596 10.0
R 17101.0151 1348.0656 10.0
R 17101.8028 1350.9476 10.0
R 17102.4218 1353.2125 10.0
R 17102.8796 1354.8873 10.0
R 17103.1307 1355.8061 10.0
R 17103.2224 1356.1418 10.0
R 17102.8850 1356.2750 10.0
R 17105.0383 1357.9650 10.0
R 17107.1917 1359.6550 10.0
R 17109.3450 1361.3450 10.0
R 17112.6869 1363.1619 10.0
R 17116.0289 1364.9788 10.0
R 17119.3708 1366.7957 10.0
R 17122.7127 1368.6126 10.0
R 17126.0547 1370.4296 10.0
R 17129.3966 1372.2465 10.0
R 17132.7385 1374.0634 10.0
R 17136.0805 1375.8803 10.0
R 17139.4224 1377.6972 10.0
R 17142.7643 1379.5141 10.0
R 17146.1063 1381.3310 10.0
R 17149.4482 1383.1479 10.0
R 17152.7901 1384.9649 10.0
R 17156.1321 1386.7818 10.0
R 17159.4740 1388.5987 10.0
R 17163.1870 1387.6343 10.0
R 17166.9000 1386.6700 10.0
R 17170.6130 1385.7057 10.0
R 17174.3260 1384.7413 10.0
R 17178.1196 1385.6637 10.0
R 17181.9133 1386.5862 10.0
R 17185.7069 1387.5086 10.0
R 17189.5005 1388.4310 10.0
R 17193.2941 1389.3534 10.0
R 17197.0877 1390.2758 10.0
R 17200.8814 1391.1983 10.0
R 17204.6750 1392.1207 10.0
R 17208.4686 1393.0431 10.0
R 17212.2622 1393.9655 10.0
R 17216.0559 1394.8879 10.0
R 17219.8495 1395.8104 10.0
R 17223.6431 1396.7328 10.0
R 17227.4367 1397.6552 10.0
R 17231.2304 1398.5776 10.0
R 17230.3423 1402.2298 10.0
R 17229.4543 1405.8819 10.0
R 17228.5663 1409.5341 10.0
R 17227.6783 1413.1863 10.0
R 17226.7902 1416.8384 10.0
R 17225.9022 1420.4906 10.0
R 17225.0142 1424.1427 10.0
R 17224.1262 1427.7949 10.0
R 17223.2381 1431.4470 10.0
R 17222.3501 1435.0992 10.0
R 17221.4621 1438.7514 10.0
R 17220.5741 1442.4035 10.0
R 17219.6860 1446.0557 10.0
R 17218.7980 1449.7078 10.0
R 17217.9100 1453.3600 10.0
R 17216.9958 1457.1197 10.0
R 17216.0817 1460.8793 10.0
R 17215.1675 1464.6390 10.0
R 17214.2534 1468.3986 10.0
R 17213.3392 1472.1583 10.0
R 17212.4250 1475.9179 10.0
R 17211.5109 1479.6776 10.0
R 17210.5967 1483.4372 10.0
R 17209.6826 1487.1969 10.0
R 17208.7684 1490.9565 10.0
R 17207.8542 1494.7162 10.0
R 17206.9401 1498.4758 10.0
R 17206.0259 1502.2355 10.0
R 17205.1118 1505.9951 10.0
R 17204.1976 1509.7548 10.0
ROUTE HANGER_WEAPON_90274 OUT
R 17204.1976 1509.7548 10.0
R 17205.1118 1505.9951 10.0
R 17206.0259 1502.2355 10.0
R 17206.9401 1498.4758 10.0
R 17207.8542 1494.7162 10.0
R 17208.7684 1490.9565 10.0
R 17209.6826 1487.1969 10.0
R 17210.5967 1483.4372 10.0
R 17211.5109 1479.6776 10.0
R 17212.4250 1475.9179 10.0
R 17213.3392 1472.1583 10.0
R 17214.2534 1468.3986 10.0
R 17215.1675 1464.6390 10.0
R 17216.0817 1460.8793 10.0
R 17216.9958 1457.1197 10.0
R 17217.9100 1453.3600 10.0
R 17218.7980 1449.7078 10.0
R 17219.6860 1446.0557 10.0
R 17220.5741 1442.4035 10.0
R 17221.4621 1438.7514 10.0
R 17222.3501 1435.0992 10.0
R 17223.2381 1431.4470 10.0
R 17224.1262 1427.7949 10.0
R 17225.0142 1424.1427 10.0
R 17225.9022 1420.4906 10.0
R 17226.7902 1416.8384 10.0
R 17227.6783 1413.1863 10.0
R 17228.5663 1409.5341 10.0
R 17229.4543 1405.8819 10.0
R 17230.3423 1402.2298 10.0
R 17231.2304 1398.5776 10.0
R 17227.4367 1397.6552 10.0
R 17223.6431 1396.7328 10.0
R 17219.8495 1395.8104 10.0
R 17216.0559 1394.8879 10.0
R 17212.2622 1393.9655 10.0
R 17208.4686 1393.0431 10.0
R 17204.6750 1392.1207 10.0
R 17200.8814 1391.1983 10.0
R 17197.0877 1390.2758 10.0
R 17193.2941 1389.3534 10.0
R 17189.5005 1388.4310 10.0
R 17185.7069 1387.5086 10.0
R 17181.9133 1386.5862 10.0
R 17178.1196 1385.6637 10.0
R 17174.3260 1384.7413 10.0
R 17170.6130 1385.7057 10.0
R 17166.9000 1386.6700 10.0
R 17163.1870 1387.6343 10.0
R 17159.4740 1388.5987 10.0
R 17156.1321 1386.7818 10.0
R 17152.7901 1384.9649 10.0
R 17149.4482 1383.1479 10.0
R 17146.1063 1381.3310 10.0
R 17142.7643 1379.5141 10.0
R 17139.4224 1377.6972 10.0
R 17136.0805 1375.8803 10.0
R 17132.7385 1374.0634 10.0
R 17129.3966 1372.2465 10.0
R 17126.0547 1370.4296 10.0
R 17122.7127 1368.6126 10.0
R 17119.3708 1366.7957 10.0
R 17116.0289 1364.9788 10.0
R 17112.6869 1363.1619 10.0
R 17109.3450 1361.3450 10.0
R 17107.1917 1359.6550 10.0
R 17105.0383 1357.9650 10.0
R 17102.8850 1356.2750 10.0
R 17103.2224 1356.1418 10.0
R 17103.1307 1355.8061 10.0
R 17102.8796 1354.8873 10.0
R 17102.4218 1353.2125 10.0
R 17101.8028 1350.9476 10.0
R 17101.0151 1348.0656 10.0
R 17100.1662 1344.9596 10.0
R 17099.2851 1341.7361 10.0
R 17098.4065 1338.5213 10.0
R 17097.6475 1335.7443 10.0
R 17096.8885 1332.9673 10.0
R 17096.2206 1330.5237 10.0
R 17095.5528 1328.0800 10.0
R 17095.1714 1326.6845 10.0
R 17096.7017 1323.2155 10.0
R 17098.2320 1319.7464 10.0
R 17099.7624 1316.2774 10.0
R 17101.2927 1312.8083 10.0
R 17102.8230 1309.3393 10.0
R 17104.3533 1305.8702 10.0
R 17105.8837 1302.4012 10.0
R 17107.4140 1298.9321 10.0
R 17108.9443 1295.4631 10.0
R 17110.4747 1291.9940 10.0
R 17112.0050 1288.5250 10.0
R 17113.4402 1288.8846 10.0
R 17117.2525 1289.8399 10.0
R 17121.0649 1290.7952 10.0
R 17124.8773 1291.7505 10.0
R 17128.6896 1292.7058 10.0
R 17132.5020 1293.6611 10.0
R 17136.3143 1294.6164 10.0
R 17140.1267 1295.5717 10.0
R 17143.9390 1296.5269 10.0
R 17147.7514 1297.4822 10.0
R 17151.5637 1298.4375 10.0
R 17155.3761 1299.3928 10.0
R 17159.1885 1300.3481 10.0
R 17163.0008 1301.3034 10.0
R 17166.8132 1302.2587 10.0
R 17170.6255 1303.2140 10.0
R 17174.4379 1304.1693 10.0
R 17178.2502 1305.1246 10.0
R 17182.0626 1306.0798 10.0
R 17185.8749 1307.0351 10.0
R 17189.6873 1307.9904 10.0
R 17193.4996 1308.9457 10.0
R 17197.3120 1309.9010 10.0
R 17201.1244 1310.8563 10.0
R 17204.9367 1311.8116 10.0
R 17208.7491 1312.7669 10.0
R 17212.5614 1313.7222 10.0
R 17216.3738 1314.6775 10.0
R 17220.1861 1315.6327 10.0
R 17223.9985 1316.5880 10.0
R 17227.8108 1317.5433 10.0
R 17231.6232 1318.4986 10.0
R 17235.4355 1319.4539 10.0
R 17239.2479 1320.4092 10.0
R 17243.0603 1321.3645 10.0
R 17246.8726 1322.3198 10.0
R 17250.6850 1323.2751 10.0
R 17254.4973 1324.2304 10.0
R 17258.3097 1325.1856 10.0
R 17262.1220 1326.1409 10.0
R 17265.9344 1327.0962 10.0
R 17269.7467 1328.0515 10.0
R 17273.5591 1329.0068 10.0
R 17277.3715 1329.9621 10.0
R 17281.1838 1330.9174 10.0
R 17284.9962 1331.8727 10.0
R 17288.8085 1332.8280 10.0
R 17292.6209 1333.7833 10.0
R 17296.4332 1334.7385 10.0
R 17300.2456 1335.6938 10.0
R 17304.0579 1336.6491 10.0
R 17307.8703 1337.6044 10.0
R 17311.6826 1338.5597 10.0
R 17315.4950 1339.5150 10.0
R 17319.3218 1340.4739 10.0
R 17323.1485 1341.4328 10.0
R 17326.9753 1342.3917 10.0
R 17330.8020 1343.3506 10.0
R 17334.6288 1344.3095 10.0
R 17338.4555 1345.2684 10.0
R 17342.2823 1346.2273 10.0
R 17346.1091 1347.1862 10.0
R 17349.9358 1348.1451 10.0
R 17353.7626 1349.1040 10.0
R 17357.5893 1350.0629 10.0
R 17361.4161 1351.0218 10.0
R 17365.2429 1351.9807 10.0
R 17369.0696 1352.9396 10.0
R 17372.8964 1353.8985 10.0
R 17376.7231 1354.8574 10.0
R 17380.5499 1355.8163 10.0
R 17384.3766 1356.7752 10.0
R 17388.2034 1357.7341 10.0
R 17392.0302 1358.6930 10.0
R 17395.8569 1359.6519 10.0
R 17399.6837 1360.6108 10.0
R 17403.5104 1361.5697 10.0
R 17407.3372 1362.5286 10.0
R 17411.1640 1363.4875 10.0
R 17414.9907 1364.4464 10.0
R 17418.8175 1365.4053 10.0
R 17422.6442 1366.3642 10.0
R 17426.4710 1367.3231 10.0
R 17430.2977 1368.2820 10.0
R 17434.1245 1369.2409 10.0
R 17437.9513 1370.1998 10.0
R 17441.7780 1371.1587 10.0
R 17445.6048 1372.1176 10.0
R 17449.4315 1373.0765 10.0
R 17453.2583 1374.0354 10.0
R 17457.0851 1374.9943 10.0
R 17460.9118 1375.9532 10.0
R 17464.7386 1376.9121 10.0
R 17468.5653 1377.8710 10.0
R 17472.3921 1378.8299 10.0
R 17476.2188 1379.7888 10.0
R 17480.0456 1380.7477 10.0
R 17483.8724 1381.7066 10.0
R 17487.6991 1382.6655 10.0
R 17491.5259 1383.6244 10.0
R 17495.3526 1384.5833 10.0
R 17499.1794 1385.5422 10.0
R 17503.0062 1386.5011 10.0
R 17506.8329 1387.4600 10.0
R 17510.6597 1388.4189 10.0
R 17514.4864 1389.3778 10.0
R 17518.3132 1390.3367 10.0
R 17518.9791 1387.6790 10.0
R 17519.6451 1385.0214 10.0
R 17520.3110 1382.3638 10.0
R 17522.3712 1381.7254 10.0
R 17524.4315 1381.0870 10.0
R 17527.5200 1380.1300 10.0
R 17528.3807 1379.8633 10.0
R 17531.5548 1378.8798 10.0
R 17534.7290 1377.8962 10.0
R 17536.5787 1374.6172 10.0
R 17538.4284 1371.3382 10.0
R 17540.2781 1368.0592 10.0
R 17542.1278 1364.7802 10.0
R 17543.9776 1361.5011 10.0
R 17545.8273 1358.2221 10.0
R 17547.6770 1354.9431 10.0
R 17549.5267 1351.6641 10.0
R 17551.3764 1348.3851 10.0
R 17553.2261 1345.1061 10.0
R 17555.0759 1341.8270 10.0
R 17556.9256 1338.5480 10.0
R 17558.7753 1335.2690 10.0
R 17560.6250 1331.9900 10.0
R 17561.5512 1328.3100 10.0
R 17562.4773 1324.6299 10.0
R 17563.4035 1320.9499 10.0
R 17564.3296 1317.2699 10.0
R 17565.2558 1313.5899 10.0
R 17566.1820 1309.9098 10.0
R 17567.1081 1306.2298 10.0
R 17568.0343 1302.5498 10.0
R 17568.9604 1298.8698 10.0
R 17572.8329 1299.8443 10.0
R 17576.7054 1300.8189 10.0
R 17580.5779 1301.7935 10.0
R 17584.4503 1302.7681 10.0
R 17588.3228 1303.7427 10.0
R 17592.1953 1304.7173 10.0
R 17596.0677 1305.6919 10.0
R 17599.9402 1306.6665 10.0
R 17603.8127 1307.6411 10.0
R 17607.6851 1308.6157 10.0
R 17611.5576 1309.5903 10.0
R 17615.4301 1310.5649 10.0
R 17619.3025 1311.5395 10.0
R 17623.1750 1312.5141 10.0
R 17627.0475 1313.4886 10.0
R 17630.9199 1314.4632 10.0
R 17634.7924 1315.4378 10.0
R 17638.6649 1316.4124 10.0
R 17642.5373 1317.3870 10.0
R 17646.4098 1318.3616 10.0
R 17650.2823 1319.3362 10.0
R 17654.1547 1320.3108 10.0
R 17658.0272 1321.2854 10.0
R 17661.8997 1322.2600 10.0
R 17665.7722 1323.2346 10.0
R 17669.6446 1324.2092 10.0
R 17673.5171 1325.1838 10.0
R 17677.3896 1326.1584 10.0
R 17681.2620 1327.1329 10.0
R 17685.1345 1328.1075 10.0
R 17689.0070 1329.0821 10.0
R 17692.8794 1330.0567 10.0
R 17696.7519 1331.0313 10.0
R 17700.6244 1332.0059 10.0
R 17704.4968 1332.9805 10.0
R 17708.3693 1333.9551 10.0
R 17712.2418 1334.9297 10.0
R 17716.1142 1335.9043 10.0
R 17719.9867 1336.8789 10.0
R 17723.8592 1337.8535 10.0
R 17727.7316 1338.8281 10.0
R 17731.6041 1339.8027 10.0
R 17735.4766 1340.7772 10.0
R 17739.3491 1341.7518 10.0
R 17743.2215 1342.7264 10.0
R 17747.0940 1343.7010 10.0
R 17750.9665 1344.6756 10.0
REARM SUPPLY_CONTAINER_90267 16717.8749 1323.0587 286.613 16692.1700 1311.0500
ROUTE SUPPLY_CONTAINER_90267 IN
R 17750.9665 1344.6756 10.0
R 17747.0940 1343.7010 10.0
R 17743.2215 1342.7264 10.0
R 17739.3491 1341.7518 10.0
R 17735.4766 1340.7772 10.0
R 17731.6041 1339.8027 10.0
R 17727.7316 1338.8281 10.0
R 17723.8592 1337.8535 10.0
R 17719.9867 1336.8789 10.0
R 17716.1142 1335.9043 10.0
R 17712.2418 1334.9297 10.0
R 17708.3693 1333.9551 10.0
R 17704.4968 1332.9805 10.0
R 17700.6244 1332.0059 10.0
R 17696.7519 1331.0313 10.0
R 17692.8794 1330.0567 10.0
R 17689.0070 1329.0821 10.0
R 17685.1345 1328.1075 10.0
R 17681.2620 1327.1329 10.0
R 17677.3896 1326.1584 10.0
R 17673.5171 1325.1838 10.0
R 17669.6446 1324.2092 10.0
R 17665.7722 1323.2346 10.0
R 17661.8997 1322.2600 10.0
R 17658.0272 1321.2854 10.0
R 17654.1547 1320.3108 10.0
R 17650.2823 1319.3362 10.0
R 17646.4098 1318.3616 10.0
R 17642.5373 1317.3870 10.0
R 17638.6649 1316.4124 10.0
R 17634.7924 1315.4378 10.0
R 17630.9199 1314.4632 10.0
R 17627.0475 1313.4886 10.0
R 17623.1750 1312.5141 10.0
R 17619.3025 1311.5395 10.0
R 17615.4301 1310.5649 10.0
R 17611.5576 1309.5903 10.0
R 17607.6851 1308.6157 10.0
R 17603.8127 1307.6411 10.0
R 17599.9402 1306.6665 10.0
R 17596.0677 1305.6919 10.0
R 17592.1953 1304.7173 10.0
R 17588.3228 1303.7427 10.0
R 17584.4503 1302.7681 10.0
R 17580.5779 1301.7935 10.0
R 17576.7054 1300.8189 10.0
R 17572.8329 1299.8443 10.0
R 17568.9604 1298.8698 10.0
R 17568.0343 1302.5498 10.0
R 17567.1081 1306.2298 10.0
R 17566.1820 1309.9098 10.0
R 17565.2558 1313.5899 10.0
R 17564.3296 1317.2699 10.0
R 17563.4035 1320.9499 10.0
R 17562.4773 1324.6299 10.0
R 17561.5512 1328.3100 10.0
R 17560.6250 1331.9900 10.0
R 17558.7753 1335.2690 10.0
R 17556.9256 1338.5480 10.0
R 17555.0759 1341.8270 10.0
R 17553.2261 1345.1061 10.0
R 17551.3764 1348.3851 10.0
R 17549.5267 1351.6641 10.0
R 17547.6770 1354.9431 10.0
R 17545.8273 1358.2221 10.0
R 17543.9776 1361.5011 10.0
R 17542.1278 1364.7802 10.0
R 17540.2781 1368.0592 10.0
R 17538.4284 1371.3382 10.0
R 17536.5787 1374.6172 10.0
R 17534.7290 1377.8962 10.0
R 17531.5548 1378.8798 10.0
R 17528.3807 1379.8633 10.0
R 17527.5200 1380.1300 10.0
R 17524.4315 1381.0870 10.0
R 17522.3712 1381.7254 10.0
R 17520.3110 1382.3638 10.0
R 17519.6451 1385.0214 10.0
R 17518.9791 1387.6790 10.0
R 17518.3132 1390.3367 10.0
R 17514.4864 1389.3778 10.0
R 17510.6597 1388.4189 10.0
R 17506.8329 1387.4600 10.0
R 17503.0062 1386.5011 10.0
R 17499.1794 1385.5422 10.0
R 17495.3526 1384.5833 10.0
R 17491.5259 1383.6244 10.0
R 17487.6991 1382.6655 10.0
R 17483.8724 1381.7066 10.0
R 17480.0456 1380.7477 10.0
R 17476.2188 1379.7888 10.0
R 17472.3921 1378.8299 10.0
R 17468.5653 1377.8710 10.0
R 17464.7386 1376.9121 10.0
R 17460.9118 1375.9532 10.0
R 17457.0851 1374.9943 10.0
R 17453.2583 1374.0354 10.0
R 17449.4315 1373.0765 10.0
R 17445.6048 1372.1176 10.0
R 17441.7780 1371.1587 10.0
R 17437.9513 1370.1998 10.0
R 17434.1245 1369.2409 10.0
R 17430.2977 1368.2820 10.0
R 17426.4710 1367.3231 10.0
R 17422.6442 1366.3642 10.0
R 17418.8175 1365.4053 10.0
R 17414.9907 1364.4464 10.0
R 17411.1640 1363.4875 10.0
R 17407.3372 1362.5286 10.0
R 17403.5104 1361.5697 10.0
R 17399.6837 1360.6108 10.0
R 17395.8569 1359.6519 10.0
R 17392.0302 1358.6930 10.0
R 17388.2034 1357.7341 10.0
R 17384.3766 1356.7752 10.0
R 17380.5499 1355.8163 10.0
R 17376.7231 1354.8574 10.0
R 17372.8964 1353.8985 10.0
R 17369.0696 1352.9396 10.0
R 17365.2429 1351.9807 10.0
R 17361.4161 1351.0218 10.0
R 17357.5893 1350.0629 10.0
R 17353.7626 1349.1040 10.0
R 17349.9358 1348.1451 10.0
R 17346.1091 1347.1862 10.0
R 17342.2823 1346.2273 10.0
R 17338.4555 1345.2684 10.0
R 17334.6288 1344.3095 10.0
R 17330.8020 1343.3506 10.0
R 17326.9753 1342.3917 10.0
R 17323.1485 1341.4328 10.0
R 17319.3218 1340.4739 10.0
R 17315.4950 1339.5150 10.0
R 17311.6826 1338.5597 10.0
R 17307.8703 1337.6044 10.0
R 17304.0579 1336.6491 10.0
R 17300.2456 1335.6938 10.0
R 17296.4332 1334.7385 10.0
R 17292.6209 1333.7833 10.0
R 17288.8085 1332.8280 10.0
R 17284.9962 1331.8727 10.0
R 17281.1838 1330.9174 10.0
R 17277.3715 1329.9621 10.0
R 17273.5591 1329.0068 10.0
R 17269.7467 1328.0515 10.0
R 17265.9344 1327.0962 10.0
R 17262.1220 1326.1409 10.0
R 17258.3097 1325.1856 10.0
R 17254.4973 1324.2304 10.0
R 17250.6850 1323.2751 10.0
R 17246.8726 1322.3198 10.0
R 17243.0603 1321.3645 10.0
R 17239.2479 1320.4092 10.0
R 17235.4355 1319.4539 10.0
R 17231.6232 1318.4986 10.0
R 17227.8108 1317.5433 10.0
R 17223.9985 1316.5880 10.0
R 17220.1861 1315.6327 10.0
R 17216.3738 1314.6775 10.0
R 17212.5614 1313.7222 10.0
R 17208.7491 1312.7669 10.0
R 17204.9367 1311.8116 10.0
R 17201.1244 1310.8563 10.0
R 17197.3120 1309.9010 10.0
R 17193.4996 1308.9457 10.0
R 17189.6873 1307.9904 10.0
R 17185.8749 1307.0351 10.0
R 17182.0626 1306.0798 10.0
R 17178.2502 1305.1246 10.0
R 17174.4379 1304.1693 10.0
R 17170.6255 1303.2140 10.0
R 17166.8132 1302.2587 10.0
R 17163.0008 1301.3034 10.0
R 17159.1885 1300.3481 10.0
R 17155.3761 1299.3928 10.0
R 17151.5637 1298.4375 10.0
R 17147.7514 1297.4822 10.0
R 17143.9390 1296.5269 10.0
R 17140.1267 1295.5717 10.0
R 17136.3143 1294.6164 10.0
R 17132.5020 1293.6611 10.0
R 17128.6896 1292.7058 10.0
R 17124.8773 1291.7505 10.0
R 17121.0649 1290.7952 10.0
R 17117.2525 1289.8399 10.0
R 17113.4402 1288.8846 10.0
R 17112.0050 1288.5250 10.0
R 17108.7633 1286.5583 10.0
R 17105.5217 1284.5917 10.0
R 17102.2800 1282.6250 10.0
R 17100.3550 1281.5575 10.0
R 17098.4300 1280.4900 10.0
R 17096.6526 1279.4606 10.0
R 17094.3038 1278.1003 10.0
R 17091.9550 1276.7400 10.0
R 17089.2650 1275.1550 10.0
R 17086.4783 1273.7883 10.0
R 17083.6917 1272.4217 10.0
R 17080.9050 1271.0550 10.0
R 17078.5325 1270.2650 10.0
R 17076.1600 1269.4750 10.0
R 17073.7692 1268.8885 10.0
R 17070.8534 1268.1732 10.0
R 17067.9375 1267.4580 10.0
R 17064.2607 1266.5560 10.0
R 17060.5838 1265.6541 10.0
R 17057.5325 1264.9055 10.0
R 17054.4812 1264.1570 10.0
R 17050.6430 1263.2155 10.0
R 17046.8049 1262.2740 10.0
R 17042.9667 1261.3325 10.0
R 17039.1286 1260.3909 10.0
R 17035.2904 1259.4494 10.0
R 17031.4523 1258.5079 10.0
R 17027.6141 1257.5664 10.0
R 17023.7760 1256.6248 10.0
R 17019.9378 1255.6833 10.0
R 17016.0997 1254.7418 10.0
R 17012.2615 1253.8003 10.0
R 17008.4234 1252.8587 10.0
R 17004.5852 1251.9172 10.0
R 17000.7471 1250.9757 10.0
R 16996.9089 1250.0342 10.0
R 16993.0708 1249.0926 10.0
R 16989.2326 1248.1511 10.0
R 16985.3945 1247.2096 10.0
R 16981.5563 1246.2681 10.0
R 16977.7182 1245.3265 10.0
R 16973.8800 1244.3850 10.0
R 16970.0774 1243.4522 10.0
R 16966.2748 1242.5194 10.0
R 16962.4722 1241.5866 10.0
R 16958.6695 1240.6538 10.0
R 16954.8669 1239.7210 10.0
R 16951.0643 1238.7882 10.0
R 16947.2617 1237.8553 10.0
R 16943.4591 1236.9225 10.0
R 16939.6565 1235.9897 10.0
R 16935.8539 1235.0569 10.0
R 16932.0512 1234.1241 10.0
R 16928.2486 1233.1913 10.0
R 16924.4460 1232.2585 10.0
R 16920.6434 1231.3257 10.0
R 16916.8408 1230.3929 10.0
R 16913.0382 1229.4601 10.0
R 16909.2355 1228.5273 10.0
R 16905.4329 1227.5945 10.0
R 16901.6303 1226.6616 10.0
R 16897.8277 1225.7288 10.0
R 16894.0251 1224.7960 10.0
R 16890.2225 1223.8632 10.0
R 16886.4199 1222.9304 10.0
R 16882.6172 1221.9976 10.0
R 16878.8146 1221.0648 10.0
R 16878.1665 1223.7068 10.0
R 16877.5184 1226.3489 10.0
R 16876.8703 1228.9909 10.0
R 16876.6646 1229.2854 10.0
R 16875.5211 1230.9227 10.0
R 16874.6566 1232.1606 10.0
R 16874.4320 1232.4822 10.0
R 16874.3612 1232.5835 10.0
R 16873.6074 1233.6628 10.0
R 16873.2549 1234.1675 10.0
R 16872.9056 1234.6677 10.0
R 16872.7623 1234.8729 10.0
R 16872.5466 1235.1817 10.0
R 16872.3874 1235.4096 10.0
R 16871.9726 1236.0035 10.0
R 16871.6410 1236.4784 10.0
R 16871.1635 1237.1620 10.0
R 16870.6900 1237.8400 10.0
R 16870.1116 1238.6682 10.0
R 16869.8244 1239.0794 10.0
R 16869.4278 1239.6473 10.0
R 16867.4257 1242.5139 10.0
R 16865.9677 1244.6015 10.0
R 16864.5097 1246.6891 10.0
R 16863.1577 1250.3311 10.0
R 16861.8058 1253.9732 10.0
R 16860.4538 1257.6153 10.0
R 16859.1018 1261.2574 10.0
R 16857.7499 1264.8995 10.0
R 16856.3979 1268.5416 10.0
R 16855.0459 1272.1837 10.0
R 16853.6939 1275.8258 10.0
R 16852.3420 1279.4679 10.0
R 16850.9900 1283.1100 10.0
R 16851.0535 1283.3230 10.0
R 16847.2484 1284.4583 10.0
R 16843.4433 1285.5936 10.0
R 16839.6382 1286.7289 10.0
R 16835.8331 1287.8642 10.0
R 16832.0280 1288.9995 10.0
R 16828.2229 1290.1348 10.0
R 16824.4178 1291.2701 10.0
R 16820.6127 1292.4054 10.0
R 16816.8076 1293.5407 10.0
R 16813.0025 1294.6760 10.0
R 16809.1974 1295.8113 10.0
R 16805.3923 1296.9467 10.0
R 16801.5872 1298.0820 10.0
R 16797.7821 1299.2173 10.0
R 16793.9770 1300.3526 10.0
R 16790.1719 1301.4879 10.0
R 16786.3668 1302.6232 10.0
R 16782.5617 1303.7585 10.0
R 16778.7565 1304.8938 10.0
R 16774.9514 1306.0291 10.0
R 16771.1463 1307.1644 10.0
R 16767.3412 1308.2997 10.0
R 16763.5361 1309.4350 10.0
R 16759.7310 1310.5703 10.0
R 16755.9259 1311.7056 10.0
R 16752.1208 1312.8409 10.0
R 16748.3157 1313.9762 10.0
R 16744.5106 1315.1115 10.0
R 16740.7055 1316.2468 10.0
R 16736.9004 1317.3822 10.0
R 16733.0953 1318.5175 10.0
R 16729.2902 1319.6528 10.0
R 16725.4851 1320.7881 10.0
R 16721.6800 1321.9234 10.0
R 16717.8749 1323.0587 10.0
ROUTE SUPPLY_CONTAINER_90267 OUT
R 16717.8749 1323.0587 10.0
R 16721.6800 1321.9234 10.0
R 16725.4851 1320.7881 10.0
R 16729.2902 1319.6528 10.0
R 16733.0953 1318.5175 10.0
R 16736.9004 1317.3822 10.0
R 16740.7055 1316.2468 10.0
R 16744.5106 1315.1115 10.0
R 16748.3157 1313.9762 10.0
R 16752.1208 1312.8409 10.0
R 16755.9259 1311.7056 10.0
R 16759.7310 1310.5703 10.0
R 16763.5361 1309.4350 10.0
R 16767.3412 1308.2997 10.0
R 16771.1463 1307.1644 10.0
R 16774.9514 1306.0291 10.0
R 16778.7565 1304.8938 10.0
R 16782.5617 1303.7585 10.0
R 16786.3668 1302.6232 10.0
R 16790.1719 1301.4879 10.0
R 16793.9770 1300.3526 10.0
R 16797.7821 1299.2173 10.0
R 16801.5872 1298.0820 10.0
R 16805.3923 1296.9467 10.0
R 16809.1974 1295.8113 10.0
R 16813.0025 1294.6760 10.0
R 16816.8076 1293.5407 10.0
R 16820.6127 1292.4054 10.0
R 16824.4178 1291.2701 10.0
R 16828.2229 1290.1348 10.0
R 16832.0280 1288.9995 10.0
R 16835.8331 1287.8642 10.0
R 16839.6382 1286.7289 10.0
R 16843.4433 1285.5936 10.0
R 16847.2484 1284.4583 10.0
R 16851.0535 1283.3230 10.0
R 16850.9900 1283.1100 10.0
R 16852.3420 1279.4679 10.0
R 16853.6939 1275.8258 10.0
R 16855.0459 1272.1837 10.0
R 16856.3979 1268.5416 10.0
R 16857.7499 1264.8995 10.0
R 16859.1018 1261.2574 10.0
R 16860.4538 1257.6153 10.0
R 16861.8058 1253.9732 10.0
R 16863.1577 1250.3311 10.0
R 16864.5097 1246.6891 10.0
R 16865.9677 1244.6015 10.0
R 16867.4257 1242.5139 10.0
R 16869.4278 1239.6473 10.0
R 16869.8244 1239.0794 10.0
R 16870.1116 1238.6682 10.0
R 16870.6900 1237.8400 10.0
R 16871.1635 1237.1620 10.0
R 16871.6410 1236.4784 10.0
R 16871.9726 1236.0035 10.0
R 16872.3874 1235.4096 10.0
R 16872.5466 1235.1817 10.0
R 16872.7623 1234.8729 10.0
R 16872.9056 1234.6677 10.0
R 16873.2549 1234.1675 10.0
R 16873.6074 1233.6628 10.0
R 16874.3612 1232.5835 10.0
R 16874.4320 1232.4822 10.0
R 16874.6566 1232.1606 10.0
R 16875.5211 1230.9227 10.0
R 16876.6646 1229.2854 10.0
R 16876.8703 1228.9909 10.0
R 16877.5184 1226.3489 10.0
R 16878.1665 1223.7068 10.0
R 16878.8146 1221.0648 10.0
R 16882.6172 1221.9976 10.0
R 16886.4199 1222.9304 10.0
R 16890.2225 1223.8632 10.0
R 16894.0251 1224.7960 10.0
R 16897.8277 1225.7288 10.0
R 16901.6303 1226.6616 10.0
R 16905.4329 1227.5945 10.0
R 16909.2355 1228.5273 10.0
R 16913.0382 1229.4601 10.0
R 16916.8408 1230.3929 10.0
R 16920.6434 1231.3257 10.0
R 16924.4460 1232.2585 10.0
R 16928.2486 1233.1913 10.0
R 16932.0512 1234.1241 10.0
R 16935.8539 1235.0569 10.0
R 16939.6565 1235.9897 10.0
R 16943.4591 1236.9225 10.0
R 16947.2617 1237.8553 10.0
R 16951.0643 1238.7882 10.0
R 16954.8669 1239.7210 10.0
R 16958.6695 1240.6538 10.0
R 16962.4722 1241.5866 10.0
R 16966.2748 1242.5194 10.0
R 16970.0774 1243.4522 10.0
R 16973.8800 1244.3850 10.0
R 16977.7182 1245.3265 10.0
R 16981.5563 1246.2681 10.0
R 16985.3945 1247.2096 10.0
R 16989.2326 1248.1511 10.0
R 16993.0708 1249.0926 10.0
R 16996.9089 1250.0342 10.0
R 17000.7471 1250.9757 10.0
R 17004.5852 1251.9172 10.0
R 17008.4234 1252.8587 10.0
R 17012.2615 1253.8003 10.0
R 17016.0997 1254.7418 10.0
R 17019.9378 1255.6833 10.0
R 17023.7760 1256.6248 10.0
R 17027.6141 1257.5664 10.0
R 17031.4523 1258.5079 10.0
R 17035.2904 1259.4494 10.0
R 17039.1286 1260.3909 10.0
R 17042.9667 1261.3325 10.0
R 17046.8049 1262.2740 10.0
R 17050.6430 1263.2155 10.0
R 17054.4812 1264.1570 10.0
R 17057.5325 1264.9055 10.0
R 17060.5838 1265.6541 10.0
R 17064.2607 1266.5560 10.0
R 17067.9375 1267.4580 10.0
R 17070.8534 1268.1732 10.0
R 17073.7692 1268.8885 10.0
R 17076.1600 1269.4750 10.0
R 17078.5325 1270.2650 10.0
R 17080.9050 1271.0550 10.0
R 17083.6917 1272.4217 10.0
R 17086.4783 1273.7883 10.0
R 17089.2650 1275.1550 10.0
R 17091.9550 1276.7400 10.0
R 17094.3038 1278.1003 10.0
R 17096.6526 1279.4606 10.0
R 17098.4300 1280.4900 10.0
R 17100.3550 1281.5575 10.0
R 17102.2800 1282.6250 10.0
R 17105.5217 1284.5917 10.0
R 17108.7633 1286.5583 10.0
R 17112.0050 1288.5250 10.0
R 17113.4402 1288.8846 10.0
R 17117.2525 1289.8399 10.0
R 17121.0649 1290.7952 10.0
R 17124.8773 1291.7505 10.0
R 17128.6896 1292.7058 10.0
R 17132.5020 1293.6611 10.0
R 17136.3143 1294.6164 10.0
R 17140.1267 1295.5717 10.0
R 17143.9390 1296.5269 10.0
R 17147.7514 1297.4822 10.0
R 17151.5637 1298.4375 10.0
R 17155.3761 1299.3928 10.0
R 17159.1885 1300.3481 10.0
R 17163.0008 1301.3034 10.0
R 17166.8132 1302.2587 10.0
R 17170.6255 1303.2140 10.0
R 17174.4379 1304.1693 10.0
R 17178.2502 1305.1246 10.0
R 17182.0626 1306.0798 10.0
R 17185.8749 1307.0351 10.0
R 17189.6873 1307.9904 10.0
R 17193.4996 1308.9457 10.0
R 17197.3120 1309.9010 10.0
R 17201.1244 1310.8563 10.0
R 17204.9367 1311.8116 10.0
R 17208.7491 1312.7669 10.0
R 17212.5614 1313.7222 10.0
R 17216.3738 1314.6775 10.0
R 17220.1861 1315.6327 10.0
R 17223.9985 1316.5880 10.0
R 17227.8108 1317.5433 10.0
R 17231.6232 1318.4986 10.0
R 17235.4355 1319.4539 10.0
R 17239.2479 1320.4092 10.0
R 17243.0603 1321.3645 10.0
R 17246.8726 1322.3198 10.0
R 17250.6850 1323.2751 10.0
R 17254.4973 1324.2304 10.0
R 17258.3097 1325.1856 10.0
R 17262.1220 1326.1409 10.0
R 17265.9344 1327.0962 10.0
R 17269.7467 1328.0515 10.0
R 17273.5591 1329.0068 10.0
R 17277.3715 1329.9621 10.0
R 17281.1838 1330.9174 10.0
R 17284.9962 1331.8727 10.0
R 17288.8085 1332.8280 10.0
R 17292.6209 1333.7833 10.0
R 17296.4332 1334.7385 10.0
R 17300.2456 1335.6938 10.0
R 17304.0579 1336.6491 10.0
R 17307.8703 1337.6044 10.0
R 17311.6826 1338.5597 10.0
R 17315.4950 1339.5150 10.0
R 17319.3218 1340.4739 10.0
R 17323.1485 1341.4328 10.0
R 17326.9753 1342.3917 10.0
R 17330.8020 1343.3506 10.0
R 17334.6288 1344.3095 10.0
R 17338.4555 1345.2684 10.0
R 17342.2823 1346.2273 10.0
R 17346.1091 1347.1862 10.0
R 17349.9358 1348.1451 10.0
R 17353.7626 1349.1040 10.0
R 17357.5893 1350.0629 10.0
R 17361.4161 1351.0218 10.0
R 17365.2429 1351.9807 10.0
R 17369.0696 1352.9396 10.0
R 17372.8964 1353.8985 10.0
R 17376.7231 1354.8574 10.0
R 17380.5499 1355.8163 10.0
R 17384.3766 1356.7752 10.0
R 17388.2034 1357.7341 10.0
R 17392.0302 1358.6930 10.0
R 17395.8569 1359.6519 10.0
R 17399.6837 1360.6108 10.0
R 17403.5104 1361.5697 10.0
R 17407.3372 1362.5286 10.0
R 17411.1640 1363.4875 10.0
R 17414.9907 1364.4464 10.0
R 17418.8175 1365.4053 10.0
R 17422.6442 1366.3642 10.0
R 17426.4710 1367.3231 10.0
R 17430.2977 1368.2820 10.0
R 17434.1245 1369.2409 10.0
R 17437.9513 1370.1998 10.0
R 17441.7780 1371.1587 10.0
R 17445.6048 1372.1176 10.0
R 17449.4315 1373.0765 10.0
R 17453.2583 1374.0354 10.0
R 17457.0851 1374.9943 10.0
R 17460.9118 1375.9532 10.0
R 17464.7386 1376.9121 10.0
R 17468.5653 1377.8710 10.0
R 17472.3921 1378.8299 10.0
R 17476.2188 1379.7888 10.0
R 17480.0456 1380.7477 10.0
R 17483.8724 1381.7066 10.0
R 17487.6991 1382.6655 10.0
R 17491.5259 1383.6244 10.0
R 17495.3526 1384.5833 10.0
R 17499.1794 1385.5422 10.0
R 17503.0062 1386.5011 10.0
R 17506.8329 1387.4600 10.0
R 17510.6597 1388.4189 10.0
R 17514.4864 1389.3778 10.0
R 17518.3132 1390.3367 10.0
R 17518.9791 1387.6790 10.0
R 17519.6451 1385.0214 10.0
R 17520.3110 1382.3638 10.0
R 17522.3712 1381.7254 10.0
R 17524.4315 1381.0870 10.0
R 17527.5200 1380.1300 10.0
R 17528.3807 1379.8633 10.0
R 17531.5548 1378.8798 10.0
R 17534.7290 1377.8962 10.0
R 17536.5787 1374.6172 10.0
R 17538.4284 1371.3382 10.0
R 17540.2781 1368.0592 10.0
R 17542.1278 1364.7802 10.0
R 17543.9776 1361.5011 10.0
R 17545.8273 1358.2221 10.0
R 17547.6770 1354.9431 10.0
R 17549.5267 1351.6641 10.0
R 17551.3764 1348.3851 10.0
R 17553.2261 1345.1061 10.0
R 17555.0759 1341.8270 10.0
R 17556.9256 1338.5480 10.0
R 17558.7753 1335.2690 10.0
R 17560.6250 1331.9900 10.0
R 17561.5512 1328.3100 10.0
R 17562.4773 1324.6299 10.0
R 17563.4035 1320.9499 10.0
R 17564.3296 1317.2699 10.0
R 17565.2558 1313.5899 10.0
R 17566.1820 1309.9098 10.0
R 17567.1081 1306.2298 10.0
R 17568.0343 1302.5498 10.0
R 17568.9604 1298.8698 10.0
R 17572.8329 1299.8443 10.0
R 17576.7054 1300.8189 10.0
R 17580.5779 1301.7935 10.0
R 17584.4503 1302.7681 10.0
R 17588.3228 1303.7427 10.0
R 17592.1953 1304.7173 10.0
R 17596.0677 1305.6919 10.0
R 17599.9402 1306.6665 10.0
R 17603.8127 1307.6411 10.0
R 17607.6851 1308.6157 10.0
R 17611.5576 1309.5903 10.0
R 17615.4301 1310.5649 10.0
R 17619.3025 1311.5395 10.0
R 17623.1750 1312.5141 10.0
R 17627.0475 1313.4886 10.0
R 17630.9199 1314.4632 10.0
R 17634.7924 1315.4378 10.0
R 17638.6649 1316.4124 10.0
R 17642.5373 1317.3870 10.0
R 17646.4098 1318.3616 10.0
R 17650.2823 1319.3362 10.0
R 17654.1547 1320.3108 10.0
R 17658.0272 1321.2854 10.0
R 17661.8997 1322.2600 10.0
R 17665.7722 1323.2346 10.0
R 17669.6446 1324.2092 10.0
R 17673.5171 1325.1838 10.0
R 17677.3896 1326.1584 10.0
R 17681.2620 1327.1329 10.0
R 17685.1345 1328.1075 10.0
R 17689.0070 1329.0821 10.0
R 17692.8794 1330.0567 10.0
R 17696.7519 1331.0313 10.0
R 17700.6244 1332.0059 10.0
R 17704.4968 1332.9805 10.0
R 17708.3693 1333.9551 10.0
R 17712.2418 1334.9297 10.0
R 17716.1142 1335.9043 10.0
R 17719.9867 1336.8789 10.0
R 17723.8592 1337.8535 10.0
R 17727.7316 1338.8281 10.0
R 17731.6041 1339.8027 10.0
R 17735.4766 1340.7772 10.0
R 17739.3491 1341.7518 10.0
R 17743.2215 1342.7264 10.0
R 17747.0940 1343.7010 10.0
R 17750.9665 1344.6756 10.0
REARM SUPPLY_CONTAINER_90368 17080.3658 1755.3592 346.279 17079.6100 1783.8100
ROUTE SUPPLY_CONTAINER_90368 IN
R 17750.9665 1344.6756 10.0
R 17747.0940 1343.7010 10.0
R 17743.2215 1342.7264 10.0
R 17739.3491 1341.7518 10.0
R 17735.4766 1340.7772 10.0
R 17731.6041 1339.8027 10.0
R 17727.7316 1338.8281 10.0
R 17723.8592 1337.8535 10.0
R 17719.9867 1336.8789 10.0
R 17716.1142 1335.9043 10.0
R 17712.2418 1334.9297 10.0
R 17708.3693 1333.9551 10.0
R 17704.4968 1332.9805 10.0
R 17700.6244 1332.0059 10.0
R 17696.7519 1331.0313 10.0
R 17692.8794 1330.0567 10.0
R 17689.0070 1329.0821 10.0
R 17685.1345 1328.1075 10.0
R 17681.2620 1327.1329 10.0
R 17677.3896 1326.1584 10.0
R 17673.5171 1325.1838 10.0
R 17669.6446 1324.2092 10.0
R 17665.7722 1323.2346 10.0
R 17661.8997 1322.2600 10.0
R 17658.0272 1321.2854 10.0
R 17654.1547 1320.3108 10.0
R 17650.2823 1319.3362 10.0
R 17646.4098 1318.3616 10.0
R 17642.5373 1317.3870 10.0
R 17638.6649 1316.4124 10.0
R 17634.7924 1315.4378 10.0
R 17630.9199 1314.4632 10.0
R 17627.0475 1313.4886 10.0
R 17623.1750 1312.5141 10.0
R 17619.3025 1311.5395 10.0
R 17615.4301 1310.5649 10.0
R 17611.5576 1309.5903 10.0
R 17607.6851 1308.6157 10.0
R 17603.8127 1307.6411 10.0
R 17599.9402 1306.6665 10.0
R 17596.0677 1305.6919 10.0
R 17592.1953 1304.7173 10.0
R 17588.3228 1303.7427 10.0
R 17584.4503 1302.7681 10.0
R 17580.5779 1301.7935 10.0
R 17576.7054 1300.8189 10.0
R 17572.8329 1299.8443 10.0
R 17568.9604 1298.8698 10.0
R 17568.0343 1302.5498 10.0
R 17567.1081 1306.2298 10.0
R 17566.1820 1309.9098 10.0
R 17565.2558 1313.5899 10.0
R 17564.3296 1317.2699 10.0
R 17563.4035 1320.9499 10.0
R 17562.4773 1324.6299 10.0
R 17561.5512 1328.3100 10.0
R 17560.6250 1331.9900 10.0
R 17558.7753 1335.2690 10.0
R 17556.9256 1338.5480 10.0
R 17555.0759 1341.8270 10.0
R 17553.2261 1345.1061 10.0
R 17551.3764 1348.3851 10.0
R 17549.5267 1351.6641 10.0
R 17547.6770 1354.9431 10.0
R 17545.8273 1358.2221 10.0
R 17543.9776 1361.5011 10.0
R 17542.1278 1364.7802 10.0
R 17540.2781 1368.0592 10.0
R 17538.4284 1371.3382 10.0
R 17536.5787 1374.6172 10.0
R 17534.7290 1377.8962 10.0
R 17531.5548 1378.8798 10.0
R 17528.3807 1379.8633 10.0
R 17527.5200 1380.1300 10.0
R 17524.4315 1381.0870 10.0
R 17522.3712 1381.7254 10.0
R 17520.3110 1382.3638 10.0
R 17519.6451 1385.0214 10.0
R 17518.9791 1387.6790 10.0
R 17518.3132 1390.3367 10.0
R 17514.4864 1389.3778 10.0
R 17510.6597 1388.4189 10.0
R 17506.8329 1387.4600 10.0
R 17503.0062 1386.5011 10.0
R 17499.1794 1385.5422 10.0
R 17495.3526 1384.5833 10.0
R 17491.5259 1383.6244 10.0
R 17487.6991 1382.6655 10.0
R 17483.8724 1381.7066 10.0
R 17480.0456 1380.7477 10.0
R 17476.2188 1379.7888 10.0
R 17472.3921 1378.8299 10.0
R 17468.5653 1377.8710 10.0
R 17464.7386 1376.9121 10.0
R 17460.9118 1375.9532 10.0
R 17457.0851 1374.9943 10.0
R 17453.2583 1374.0354 10.0
R 17449.4315 1373.0765 10.0
R 17445.6048 1372.1176 10.0
R 17441.7780 1371.1587 10.0
R 17437.9513 1370.1998 10.0
R 17434.1245 1369.2409 10.0
R 17430.2977 1368.2820 10.0
R 17426.4710 1367.3231 10.0
R 17422.6442 1366.3642 10.0
R 17418.8175 1365.4053 10.0
R 17414.9907 1364.4464 10.0
R 17411.1640 1363.4875 10.0
R 17407.3372 1362.5286 10.0
R 17403.5104 1361.5697 10.0
R 17399.6837 1360.6108 10.0
R 17395.8569 1359.6519 10.0
R 17392.0302 1358.6930 10.0
R 17388.2034 1357.7341 10.0
R 17384.3766 1356.7752 10.0
R 17380.5499 1355.8163 10.0
R 17376.7231 1354.8574 10.0
R 17372.8964 1353.8985 10.0
R 17369.0696 1352.9396 10.0
R 17365.2429 1351.9807 10.0
R 17361.4161 1351.0218 10.0
R 17357.5893 1350.0629 10.0
R 17353.7626 1349.1040 10.0
R 17349.9358 1348.1451 10.0
R 17346.1091 1347.1862 10.0
R 17342.2823 1346.2273 10.0
R 17338.4555 1345.2684 10.0
R 17334.6288 1344.3095 10.0
R 17330.8020 1343.3506 10.0
R 17326.9753 1342.3917 10.0
R 17323.1485 1341.4328 10.0
R 17319.3218 1340.4739 10.0
R 17315.4950 1339.5150 10.0
R 17311.6826 1338.5597 10.0
R 17307.8703 1337.6044 10.0
R 17304.0579 1336.6491 10.0
R 17300.2456 1335.6938 10.0
R 17296.4332 1334.7385 10.0
R 17292.6209 1333.7833 10.0
R 17288.8085 1332.8280 10.0
R 17284.9962 1331.8727 10.0
R 17281.1838 1330.9174 10.0
R 17277.3715 1329.9621 10.0
R 17273.5591 1329.0068 10.0
R 17269.7467 1328.0515 10.0
R 17265.9344 1327.0962 10.0
R 17262.1220 1326.1409 10.0
R 17258.3097 1325.1856 10.0
R 17254.4973 1324.2304 10.0
R 17250.6850 1323.2751 10.0
R 17246.8726 1322.3198 10.0
R 17243.0603 1321.3645 10.0
R 17239.2479 1320.4092 10.0
R 17235.4355 1319.4539 10.0
R 17231.6232 1318.4986 10.0
R 17227.8108 1317.5433 10.0
R 17223.9985 1316.5880 10.0
R 17220.1861 1315.6327 10.0
R 17216.3738 1314.6775 10.0
R 17212.5614 1313.7222 10.0
R 17208.7491 1312.7669 10.0
R 17204.9367 1311.8116 10.0
R 17201.1244 1310.8563 10.0
R 17197.3120 1309.9010 10.0
R 17193.4996 1308.9457 10.0
R 17189.6873 1307.9904 10.0
R 17185.8749 1307.0351 10.0
R 17182.0626 1306.0798 10.0
R 17178.2502 1305.1246 10.0
R 17174.4379 1304.1693 10.0
R 17170.6255 1303.2140 10.0
R 17166.8132 1302.2587 10.0
R 17163.0008 1301.3034 10.0
R 17159.1885 1300.3481 10.0
R 17155.3761 1299.3928 10.0
R 17151.5637 1298.4375 10.0
R 17147.7514 1297.4822 10.0
R 17143.9390 1296.5269 10.0
R 17140.1267 1295.5717 10.0
R 17136.3143 1294.6164 10.0
R 17132.5020 1293.6611 10.0
R 17128.6896 1292.7058 10.0
R 17124.8773 1291.7505 10.0
R 17121.0649 1290.7952 10.0
R 17117.2525 1289.8399 10.0
R 17113.4402 1288.8846 10.0
R 17112.0050 1288.5250 10.0
R 17110.4747 1291.9940 10.0
R 17108.9443 1295.4631 10.0
R 17107.4140 1298.9321 10.0
R 17105.8837 1302.4012 10.0
R 17104.3533 1305.8702 10.0
R 17102.8230 1309.3393 10.0
R 17101.2927 1312.8083 10.0
R 17099.7624 1316.2774 10.0
R 17098.2320 1319.7464 10.0
R 17096.7017 1323.2155 10.0
R 17095.1714 1326.6845 10.0
R 17095.5528 1328.0800 10.0
R 17096.2206 1330.5237 10.0
R 17096.8885 1332.9673 10.0
R 17097.6475 1335.7443 10.0
R 17098.4065 1338.5213 10.0
R 17099.2851 1341.7361 10.0
R 17100.1662 1344.9596 10.0
R 17101.0151 1348.0656 10.0
R 17101.8028 1350.9476 10.0
R 17102.4218 1353.2125 10.0
R 17102.8796 1354.8873 10.0
R 17103.1307 1355.8061 10.0
R 17103.2224 1356.1418 10.0
R 17103.7606 1358.1107 10.0
R 17104.2987 1360.0797 10.0
R 17104.9713 1362.5404 10.0
R 17105.6562 1365.0466 10.0
R 17106.3153 1367.4579 10.0
R 17106.9879 1369.9188 10.0
R 17107.1115 1370.3712 10.0
R 17107.4551 1371.6283 10.0
R 17108.4466 1375.2558 10.0
R 17109.4380 1378.8833 10.0
R 17110.4294 1382.5108 10.0
R 17111.4209 1386.1383 10.0
R 17112.4123 1389.7658 10.0
R 17113.4038 1393.3933 10.0
R 17114.3952 1397.0208 10.0
R 17115.3867 1400.6483 10.0
R 17116.2578 1403.8356 10.0
R 17117.1289 1407.0228 10.0
R 17118.0000 1410.2100 10.0
R 17119.0377 1414.0066 10.0
R 17120.0753 1417.8032 10.0
R 17121.1130 1421.5998 10.0
R 17122.1507 1425.3965 10.0
R 17123.1883 1429.1931 10.0
R 17124.2260 1432.9897 10.0
R 17125.2637 1436.7863 10.0
R 17126.3013 1440.5829 10.0
R 17127.3390 1444.3795 10.0
R 17128.3767 1448.1761 10.0
R 17129.4143 1451.9727 10.0
R 17130.4520 1455.7694 10.0
R 17131.4897 1459.5660 10.0
R 17132.5273 1463.3626 10.0
R 17133.5650 1467.1592 10.0
R 17134.6026 1470.9558 10.0
R 17135.6403 1474.7524 10.0
R 17136.6780 1478.5490 10.0
R 17137.7156 1482.3456 10.0
R 17138.7533 1486.1423 10.0
R 17139.7910 1489.9389 10.0
R 17140.8286 1493.7355 10.0
R 17144.0542 1494.5231 10.0
R 17143.1187 1498.3543 10.0
R 17142.1832 1502.1855 10.0
R 17141.2477 1506.0167 10.0
R 17140.3123 1509.8480 10.0
R 17139.3768 1513.6792 10.0
R 17138.4413 1517.5104 10.0
R 17137.5059 1521.3417 10.0
R 17136.5704 1525.1729 10.0
R 17135.6349 1529.0041 10.0
R 17134.6994 1532.8354 10.0
R 17133.7640 1536.6666 10.0
R 17132.8285 1540.4978 10.0
R 17131.8930 1544.3291 10.0
R 17130.9575 1548.1603 10.0
R 17130.0221 1551.9915 10.0
R 17129.0866 1555.8228 10.0
R 17128.1511 1559.6540 10.0
R 17127.2157 1563.4852 10.0
R 17126.2802 1567.3165 10.0
R 17125.3447 1571.1477 10.0
R 17124.4092 1574.9789 10.0
R 17123.4738 1578.8101 10.0
R 17122.5383 1582.6414 10.0
R 17121.6028 1586.4726 10.0
R 17120.6674 1590.3038 10.0
R 17119.7319 1594.1351 10.0
R 17118.7964 1597.9663 10.0
R 17117.8609 1601.7975 10.0
R 17116.9255 1605.6288 10.0
R 17115.9900 1609.4600 10.0
R 17115.0525 1613.2995 10.0
R 17114.1150 1617.1389 10.0
R 17113.1776 1620.9784 10.0
R 17112.2401 1624.8178 10.0
R 17111.3026 1628.6573 10.0
R 17110.3651 1632.4967 10.0
R 17109.4276 1636.3362 10.0
R 17108.4902 1640.1756 10.0
R 17107.5527 1644.0151 10.0
R 17106.6152 1647.8545 10.0
R 17105.6777 1651.6940 10.0
R 17104.7403 1655.5334 10.0
R 17103.8028 1659.3729 10.0
R 17102.8653 1663.2123 10.0
R 17101.9278 1667.0518 10.0
R 17100.9903 1670.8912 10.0
R 17100.0529 1674.7307 10.0
R 17099.1154 1678.5701 10.0
R 17098.1779 1682.4096 10.0
R 17097.2404 1686.2490 10.0
R 17096.3029 1690.0885 10.0
R 17095.3655 1693.9279 10.0
R 17094.4280 1697.7674 10.0
R 17093.4905 1701.6069 10.0
R 17092.5530 1705.4463 10.0
R 17091.6155 1709.2858 10.0
R 17090.6781 1713.1252 10.0
R 17089.7406 1716.9647 10.0
R 17088.8031 1720.8041 10.0
R 17087.8656 1724.6436 10.0
R 17086.9282 1728.4830 10.0
R 17085.9907 1732.3225 10.0
R 17085.0532 1736.1619 10.0
R 17084.1157 1740.0014 10.0
R 17083.1782 1743.8408 10.0
R 17082.2408 1747.6803 10.0
R 17081.3033 1751.5197 10.0
R 17080.3658 1755.3592 10.0
ROUTE SUPPLY_CONTAINER_90368 OUT
R 17080.3658 1755.3592 10.0
R 17081.3033 1751.5197 10.0
R 17082.2408 1747.6803 10.0
R 17083.1782 1743.8408 10.0
R 17084.1157 1740.0014 10.0
R 17085.0532 1736.1619 10.0
R 17085.9907 1732.3225 10.0
R 17086.9282 1728.4830 10.0
R 17087.8656 1724.6436 10.0
R 17088.8031 1720.8041 10.0
R 17089.7406 1716.9647 10.0
R 17090.6781 1713.1252 10.0
R 17091.6155 1709.2858 10.0
R 17092.5530 1705.4463 10.0
R 17093.4905 1701.6069 10.0
R 17094.4280 1697.7674 10.0
R 17095.3655 1693.9279 10.0
R 17096.3029 1690.0885 10.0
R 17097.2404 1686.2490 10.0
R 17098.1779 1682.4096 10.0
R 17099.1154 1678.5701 10.0
R 17100.0529 1674.7307 10.0
R 17100.9903 1670.8912 10.0
R 17101.9278 1667.0518 10.0
R 17102.8653 1663.2123 10.0
R 17103.8028 1659.3729 10.0
R 17104.7403 1655.5334 10.0
R 17105.6777 1651.6940 10.0
R 17106.6152 1647.8545 10.0
R 17107.5527 1644.0151 10.0
R 17108.4902 1640.1756 10.0
R 17109.4276 1636.3362 10.0
R 17110.3651 1632.4967 10.0
R 17111.3026 1628.6573 10.0
R 17112.2401 1624.8178 10.0
R 17113.1776 1620.9784 10.0
R 17114.1150 1617.1389 10.0
R 17115.0525 1613.2995 10.0
R 17115.9900 1609.4600 10.0
R 17116.9255 1605.6288 10.0
R 17117.8609 1601.7975 10.0
R 17118.7964 1597.9663 10.0
R 17119.7319 1594.1351 10.0
R 17120.6674 1590.3038 10.0
R 17121.6028 1586.4726 10.0
R 17122.5383 1582.6414 10.0
R 17123.4738 1578.8101 10.0
R 17124.4092 1574.9789 10.0
R 17125.3447 1571.1477 10.0
R 17126.2802 1567.3165 10.0
R 17127.2157 1563.4852 10.0
R 17128.1511 1559.6540 10.0
R 17129.0866 1555.8228 10.0
R 17130.0221 1551.9915 10.0
R 17130.9575 1548.1603 10.0
R 17131.8930 1544.3291 10.0
R 17132.8285 1540.4978 10.0
R 17133.7640 1536.6666 10.0
R 17134.6994 1532.8354 10.0
R 17135.6349 1529.0041 10.0
R 17136.5704 1525.1729 10.0
R 17137.5059 1521.3417 10.0
R 17138.4413 1517.5104 10.0
R 17139.3768 1513.6792 10.0
R 17140.3123 1509.8480 10.0
R 17141.2477 1506.0167 10.0
R 17142.1832 1502.1855 10.0
R 17143.1187 1498.3543 10.0
R 17144.0542 1494.5231 10.0
R 17140.8286 1493.7355 10.0
R 17139.7910 1489.9389 10.0
R 17138.7533 1486.1423 10.0
R 17137.7156 1482.3456 10.0
R 17136.6780 1478.5490 10.0
R 17135.6403 1474.7524 10.0
R 17134.6026 1470.9558 10.0
R 17133.5650 1467.1592 10.0
R 17132.5273 1463.3626 10.0
R 17131.4897 1459.5660 10.0
R 17130.4520 1455.7694 10.0
R 17129.4143 1451.9727 10.0
R 17128.3767 1448.1761 10.0
R 17127.3390 1444.3795 10.0
R 17126.3013 1440.5829 10.0
R 17125.2637 1436.7863 10.0
R 17124.2260 1432.9897 10.0
R 17123.1883 1429.1931 10.0
R 17122.1507 1425.3965 10.0
R 17121.1130 1421.5998 10.0
R 17120.0753 1417.8032 10.0
R 17119.0377 1414.0066 10.0
R 17118.0000 1410.2100 10.0
R 17117.1289 1407.0228 10.0
R 17116.2578 1403.8356 10.0
R 17115.3867 1400.6483 10.0
R 17114.3952 1397.0208 10.0
R 17113.4038 1393.3933 10.0
R 17112.4123 1389.7658 10.0
R 17111.4209 1386.1383 10.0
R 17110.4294 1382.5108 10.0
R 17109.4380 1378.8833 10.0
R 17108.4466 1375.2558 10.0
R 17107.4551 1371.6283 10.0
R 17107.1115 1370.3712 10.0
R 17106.9879 1369.9188 10.0
R 17106.3153 1367.4579 10.0
R 17105.6562 1365.0466 10.0
R 17104.9713 1362.5404 10.0
R 17104.2987 1360.0797 10.0
R 17103.7606 1358.1107 10.0
R 17103.2224 1356.1418 10.0
R 17103.1307 1355.8061 10.0
R 17102.8796 1354.8873 10.0
R 17102.4218 1353.2125 10.0
R 17101.8028 1350.9476 10.0
R 17101.0151 1348.0656 10.0
R 17100.1662 1344.9596 10.0
R 17099.2851 1341.7361 10.0
R 17098.4065 1338.5213 10.0
R 17097.6475 1335.7443 10.0
R 17096.8885 1332.9673 10.0
R 17096.2206 1330.5237 10.0
R 17095.5528 1328.0800 10.0
R 17095.1714 1326.6845 10.0
R 17096.7017 1323.2155 10.0
R 17098.2320 1319.7464 10.0
R 17099.7624 1316.2774 10.0
R 17101.2927 1312.8083 10.0
R 17102.8230 1309.3393 10.0
R 17104.3533 1305.8702 10.0
R 17105.8837 1302.4012 10.0
R 17107.4140 1298.9321 10.0
R 17108.9443 1295.4631 10.0
R 17110.4747 1291.9940 10.0
R 17112.0050 1288.5250 10.0
R 17113.4402 1288.8846 10.0
R 17117.2525 1289.8399 10.0
R 17121.0649 1290.7952 10.0
R 17124.8773 1291.7505 10.0
R 17128.6896 1292.7058 10.0
R 17132.5020 1293.6611 10.0
R 17136.3143 1294.6164 10.0
R 17140.1267 1295.5717 10.0
R 17143.9390 1296.5269 10.0
R 17147.7514 1297.4822 10.0
R 17151.5637 1298.4375 10.0
R 17155.3761 1299.3928 10.0
R 17159.1885 1300.3481 10.0
R 17163.0008 1301.3034 10.0
R 17166.8132 1302.2587 10.0
R 17170.6255 1303.2140 10.0
R 17174.4379 1304.1693 10.0
R 17178.2502 1305.1246 10.0
R 17182.0626 1306.0798 10.0
R 17185.8749 1307.0351 10.0
R 17189.6873 1307.9904 10.0
R 17193.4996 1308.9457 10.0
R 17197.3120 1309.9010 10.0
R 17201.1244 1310.8563 10.0
R 17204.9367 1311.8116 10.0
R 17208.7491 1312.7669 10.0
R 17212.5614 1313.7222 10.0
R 17216.3738 1314.6775 10.0
R 17220.1861 1315.6327 10.0
R 17223.9985 1316.5880 10.0
R 17227.8108 1317.5433 10.0
R 17231.6232 1318.4986 10.0
R 17235.4355 1319.4539 10.0
R 17239.2479 1320.4092 10.0
R 17243.0603 1321.3645 10.0
R 17246.8726 1322.3198 10.0
R 17250.6850 1323.2751 10.0
R 17254.4973 1324.2304 10.0
R 17258.3097 1325.1856 10.0
R 17262.1220 1326.1409 10.0
R 17265.9344 1327.0962 10.0
R 17269.7467 1328.0515 10.0
R 17273.5591 1329.0068 10.0
R 17277.3715 1329.9621 10.0
R 17281.1838 1330.9174 10.0
R 17284.9962 1331.8727 10.0
R 17288.8085 1332.8280 10.0
R 17292.6209 1333.7833 10.0
R 17296.4332 1334.7385 10.0
R 17300.2456 1335.6938 10.0
R 17304.0579 1336.6491 10.0
R 17307.8703 1337.6044 10.0
R 17311.6826 1338.5597 10.0
R 17315.4950 1339.5150 10.0
R 17319.3218 1340.4739 10.0
R 17323.1485 1341.4328 10.0
R 17326.9753 1342.3917 10.0
R 17330.8020 1343.3506 10.0
R 17334.6288 1344.3095 10.0
R 17338.4555 1345.2684 10.0
R 17342.2823 1346.2273 10.0
R 17346.1091 1347.1862 10.0
R 17349.9358 1348.1451 10.0
R 17353.7626 1349.1040 10.0
R 17357.5893 1350.0629 10.0
R 17361.4161 1351.0218 10.0
R 17365.2429 1351.9807 10.0
R 17369.0696 1352.9396 10.0
R 17372.8964 1353.8985 10.0
R 17376.7231 1354.8574 10.0
R 17380.5499 1355.8163 10.0
R 17384.3766 1356.7752 10.0
R 17388.2034 1357.7341 10.0
R 17392.0302 1358.6930 10.0
R 17395.8569 1359.6519 10.0
R 17399.6837 1360.6108 10.0
R 17403.5104 1361.5697 10.0
R 17407.3372 1362.5286 10.0
R 17411.1640 1363.4875 10.0
R 17414.9907 1364.4464 10.0
R 17418.8175 1365.4053 10.0
R 17422.6442 1366.3642 10.0
R 17426.4710 1367.3231 10.0
R 17430.2977 1368.2820 10.0
R 17434.1245 1369.2409 10.0
R 17437.9513 1370.1998 10.0
R 17441.7780 1371.1587 10.0
R 17445.6048 1372.1176 10.0
R 17449.4315 1373.0765 10.0
R 17453.2583 1374.0354 10.0
R 17457.0851 1374.9943 10.0
R 17460.9118 1375.9532 10.0
R 17464.7386 1376.9121 10.0
R 17468.5653 1377.8710 10.0
R 17472.3921 1378.8299 10.0
R 17476.2188 1379.7888 10.0
R 17480.0456 1380.7477 10.0
R 17483.8724 1381.7066 10.0
R 17487.6991 1382.6655 10.0
R 17491.5259 1383.6244 10.0
R 17495.3526 1384.5833 10.0
R 17499.1794 1385.5422 10.0
R 17503.0062 1386.5011 10.0
R 17506.8329 1387.4600 10.0
R 17510.6597 1388.4189 10.0
R 17514.4864 1389.3778 10.0
R 17518.3132 1390.3367 10.0
R 17518.9791 1387.6790 10.0
R 17519.6451 1385.0214 10.0
R 17520.3110 1382.3638 10.0
R 17522.3712 1381.7254 10.0
R 17524.4315 1381.0870 10.0
R 17527.5200 1380.1300 10.0
R 17528.3807 1379.8633 10.0
R 17531.5548 1378.8798 10.0
R 17534.7290 1377.8962 10.0
R 17536.5787 1374.6172 10.0
R 17538.4284 1371.3382 10.0
R 17540.2781 1368.0592 10.0
R 17542.1278 1364.7802 10.0
R 17543.9776 1361.5011 10.0
R 17545.8273 1358.2221 10.0
R 17547.6770 1354.9431 10.0
R 17549.5267 1351.6641 10.0
R 17551.3764 1348.3851 10.0
R 17553.2261 1345.1061 10.0
R 17555.0759 1341.8270 10.0
R 17556.9256 1338.5480 10.0
R 17558.7753 1335.2690 10.0
R 17560.6250 1331.9900 10.0
R 17561.5512 1328.3100 10.0
R 17562.4773 1324.6299 10.0
R 17563.4035 1320.9499 10.0
R 17564.3296 1317.2699 10.0
R 17565.2558 1313.5899 10.0
R 17566.1820 1309.9098 10.0
R 17567.1081 1306.2298 10.0
R 17568.0343 1302.5498 10.0
R 17568.9604 1298.8698 10.0
R 17572.8329 1299.8443 10.0
R 17576.7054 1300.8189 10.0
R 17580.5779 1301.7935 10.0
R 17584.4503 1302.7681 10.0
R 17588.3228 1303.7427 10.0
R 17592.1953 1304.7173 10.0
R 17596.0677 1305.6919 10.0
R 17599.9402 1306.6665 10.0
R 17603.8127 1307.6411 10.0
R 17607.6851 1308.6157 10.0
R 17611.5576 1309.5903 10.0
R 17615.4301 1310.5649 10.0
R 17619.3025 1311.5395 10.0
R 17623.1750 1312.5141 10.0
R 17627.0475 1313.4886 10.0
R 17630.9199 1314.4632 10.0
R 17634.7924 1315.4378 10.0
R 17638.6649 1316.4124 10.0
R 17642.5373 1317.3870 10.0
R 17646.4098 1318.3616 10.0
R 17650.2823 1319.3362 10.0
R 17654.1547 1320.3108 10.0
R 17658.0272 1321.2854 10.0
R 17661.8997 1322.2600 10.0
R 17665.7722 1323.2346 10.0
R 17669.6446 1324.2092 10.0
R 17673.5171 1325.1838 10.0
R 17677.3896 1326.1584 10.0
R 17681.2620 1327.1329 10.0
R 17685.1345 1328.1075 10.0
R 17689.0070 1329.0821 10.0
R 17692.8794 1330.0567 10.0
R 17696.7519 1331.0313 10.0
R 17700.6244 1332.0059 10.0
R 17704.4968 1332.9805 10.0
R 17708.3693 1333.9551 10.0
R 17712.2418 1334.9297 10.0
R 17716.1142 1335.9043 10.0
R 17719.9867 1336.8789 10.0
R 17723.8592 1337.8535 10.0
R 17727.7316 1338.8281 10.0
R 17731.6041 1339.8027 10.0
R 17735.4766 1340.7772 10.0
R 17739.3491 1341.7518 10.0
R 17743.2215 1342.7264 10.0
R 17747.0940 1343.7010 10.0
R 17750.9665 1344.6756 10.0
REARM TRUCK_90452 17072.9932 1785.5535 346.279 17049.0200 1779.7000
ROUTE TRUCK_90452 IN
R 17750.9665 1344.6756 10.0
R 17747.0940 1343.7010 10.0
R 17743.2215 1342.7264 10.0
R 17739.3491 1341.7518 10.0
R 17735.4766 1340.7772 10.0
R 17731.6041 1339.8027 10.0
R 17727.7316 1338.8281 10.0
R 17723.8592 1337.8535 10.0
R 17719.9867 1336.8789 10.0
R 17716.1142 1335.9043 10.0
R 17712.2418 1334.9297 10.0
R 17708.3693 1333.9551 10.0
R 17704.4968 1332.9805 10.0
R 17700.6244 1332.0059 10.0
R 17696.7519 1331.0313 10.0
R 17692.8794 1330.0567 10.0
R 17689.0070 1329.0821 10.0
R 17685.1345 1328.1075 10.0
R 17681.2620 1327.1329 10.0
R 17677.3896 1326.1584 10.0
R 17673.5171 1325.1838 10.0
R 17669.6446 1324.2092 10.0
R 17665.7722 1323.2346 10.0
R 17661.8997 1322.2600 10.0
R 17658.0272 1321.2854 10.0
R 17654.1547 1320.3108 10.0
R 17650.2823 1319.3362 10.0
R 17646.4098 1318.3616 10.0
R 17642.5373 1317.3870 10.0
R 17638.6649 1316.4124 10.0
R 17634.7924 1315.4378 10.0
R 17630.9199 1314.4632 10.0
R 17627.0475 1313.4886 10.0
R 17623.1750 1312.5141 10.0
R 17619.3025 1311.5395 10.0
R 17615.4301 1310.5649 10.0
R 17611.5576 1309.5903 10.0
R 17607.6851 1308.6157 10.0
R 17603.8127 1307.6411 10.0
R 17599.9402 1306.6665 10.0
R 17596.0677 1305.6919 10.0
R 17592.1953 1304.7173 10.0
R 17588.3228 1303.7427 10.0
R 17584.4503 1302.7681 10.0
R 17580.5779 1301.7935 10.0
R 17576.7054 1300.8189 10.0
R 17572.8329 1299.8443 10.0
R 17568.9604 1298.8698 10.0
R 17568.0343 1302.5498 10.0
R 17567.1081 1306.2298 10.0
R 17566.1820 1309.9098 10.0
R 17565.2558 1313.5899 10.0
R 17564.3296 1317.2699 10.0
R 17563.4035 1320.9499 10.0
R 17562.4773 1324.6299 10.0
R 17561.5512 1328.3100 10.0
R 17560.6250 1331.9900 10.0
R 17558.7753 1335.2690 10.0
R 17556.9256 1338.5480 10.0
R 17555.0759 1341.8270 10.0
R 17553.2261 1345.1061 10.0
R 17551.3764 1348.3851 10.0
R 17549.5267 1351.6641 10.0
R 17547.6770 1354.9431 10.0
R 17545.8273 1358.2221 10.0
R 17543.9776 1361.5011 10.0
R 17542.1278 1364.7802 10.0
R 17540.2781 1368.0592 10.0
R 17538.4284 1371.3382 10.0
R 17536.5787 1374.6172 10.0
R 17534.7290 1377.8962 10.0
R 17531.5548 1378.8798 10.0
R 17528.3807 1379.8633 10.0
R 17527.5200 1380.1300 10.0
R 17524.4315 1381.0870 10.0
R 17522.3712 1381.7254 10.0
R 17520.3110 1382.3638 10.0
R 17519.6451 1385.0214 10.0
R 17518.9791 1387.6790 10.0
R 17518.3132 1390.3367 10.0
R 17514.4864 1389.3778 10.0
R 17510.6597 1388.4189 10.0
R 17506.8329 1387.4600 10.0
R 17503.0062 1386.5011 10.0
R 17499.1794 1385.5422 10.0
R 17495.3526 1384.5833 10.0
R 17491.5259 1383.6244 10.0
R 17487.6991 1382.6655 10.0
R 17483.8724 1381.7066 10.0
R 17480.0456 1380.7477 10.0
R 17476.2188 1379.7888 10.0
R 17472.3921 1378.8299 10.0
R 17468.5653 1377.8710 10.0
R 17464.7386 1376.9121 10.0
R 17460.9118 1375.9532 10.0
R 17457.0851 1374.9943 10.0
R 17453.2583 1374.0354 10.0
R 17449.4315 1373.0765 10.0
R 17445.6048 1372.1176 10.0
R 17441.7780 1371.1587 10.0
R 17437.9513 1370.1998 10.0
R 17434.1245 1369.2409 10.0
R 17430.2977 1368.2820 10.0
R 17426.4710 1367.3231 10.0
R 17422.6442 1366.3642 10.0
R 17418.8175 1365.4053 10.0
R 17414.9907 1364.4464 10.0
R 17411.1640 1363.4875 10.0
R 17407.3372 1362.5286 10.0
R 17403.5104 1361.5697 10.0
R 17399.6837 1360.6108 10.0
R 17395.8569 1359.6519 10.0
R 17392.0302 1358.6930 10.0
R 17388.2034 1357.7341 10.0
R 17384.3766 1356.7752 10.0
R 17380.5499 1355.8163 10.0
R 17376.7231 1354.8574 10.0
R 17372.8964 1353.8985 10.0
R 17369.0696 1352.9396 10.0
R 17365.2429 1351.9807 10.0
R 17361.4161 1351.0218 10.0
R 17357.5893 1350.0629 10.0
R 17353.7626 1349.1040 10.0
R 17349.9358 1348.1451 10.0
R 17346.1091 1347.1862 10.0
R 17342.2823 1346.2273 10.0
R 17338.4555 1345.2684 10.0
R 17334.6288 1344.3095 10.0
R 17330.8020 1343.3506 10.0
R 17326.9753 1342.3917 10.0
R 17323.1485 1341.4328 10.0
R 17319.3218 1340.4739 10.0
R 17315.4950 1339.5150 10.0
R 17311.6826 1338.5597 10.0
R 17307.8703 1337.6044 10.0
R 17304.0579 1336.6491 10.0
R 17300.2456 1335.6938 10.0
R 17296.4332 1334.7385 10.0
R 17292.6209 1333.7833 10.0
R 17288.8085 1332.8280 10.0
R 17284.9962 1331.8727 10.0
R 17281.1838 1330.9174 10.0
R 17277.3715 1329.9621 10.0
R 17273.5591 1329.0068 10.0
R 17269.7467 1328.0515 10.0
R 17265.9344 1327.0962 10.0
R 17262.1220 1326.1409 10.0
R 17258.3097 1325.1856 10.0
R 17254.4973 1324.2304 10.0
R 17250.6850 1323.2751 10.0
R 17246.8726 1322.3198 10.0
R 17243.0603 1321.3645 10.0
R 17239.2479 1320.4092 10.0
R 17235.4355 1319.4539 10.0
R 17231.6232 1318.4986 10.0
R 17227.8108 1317.5433 10.0
R 17223.9985 1316.5880 10.0
R 17220.1861 1315.6327 10.0
R 17216.3738 1314.6775 10.0
R 17212.5614 1313.7222 10.0
R 17208.7491 1312.7669 10.0
R 17204.9367 1311.8116 10.0
R 17201.1244 1310.8563 10.0
R 17197.3120 1309.9010 10.0
R 17193.4996 1308.9457 10.0
R 17189.6873 1307.9904 10.0
R 17185.8749 1307.0351 10.0
R 17182.0626 1306.0798 10.0
R 17178.2502 1305.1246 10.0
R 17174.4379 1304.1693 10.0
R 17170.6255 1303.2140 10.0
R 17166.8132 1302.2587 10.0
R 17163.0008 1301.3034 10.0
R 17159.1885 1300.3481 10.0
R 17155.3761 1299.3928 10.0
R 17151.5637 1298.4375 10.0
R 17147.7514 1297.4822 10.0
R 17143.9390 1296.5269 10.0
R 17140.1267 1295.5717 10.0
R 17136.3143 1294.6164 10.0
R 17132.5020 1293.6611 10.0
R 17128.6896 1292.7058 10.0
R 17124.8773 1291.7505 10.0
R 17121.0649 1290.7952 10.0
R 17117.2525 1289.8399 10.0
R 17113.4402 1288.8846 10.0
R 17112.0050 1288.5250 10.0
R 17110.4747 1291.9940 10.0
R 17108.9443 1295.4631 10.0
R 17107.4140 1298.9321 10.0
R 17105.8837 1302.4012 10.0
R 17104.3533 1305.8702 10.0
R 17102.8230 1309.3393 10.0
R 17101.2927 1312.8083 10.0
R 17099.7624 1316.2774 10.0
R 17098.2320 1319.7464 10.0
R 17096.7017 1323.2155 10.0
R 17095.1714 1326.6845 10.0
R 17095.5528 1328.0800 10.0
R 17096.2206 1330.5237 10.0
R 17096.8885 1332.9673 10.0
R 17097.6475 1335.7443 10.0
R 17098.4065 1338.5213 10.0
R 17099.2851 1341.7361 10.0
R 17100.1662 1344.9596 10.0
R 17101.0151 1348.0656 10.0
R 17101.8028 1350.9476 10.0
R 17102.4218 1353.2125 10.0
R 17102.8796 1354.8873 10.0
R 17103.1307 1355.8061 10.0
R 17103.2224 1356.1418 10.0
R 17103.7606 1358.1107 10.0
R 17104.2987 1360.0797 10.0
R 17104.9713 1362.5404 10.0
R 17105.6562 1365.0466 10.0
R 17106.3153 1367.4579 10.0
R 17106.9879 1369.9188 10.0
R 17107.1115 1370.3712 10.0
R 17107.4551 1371.6283 10.0
R 17108.4466 1375.2558 10.0
R 17109.4380 1378.8833 10.0
R 17110.4294 1382.5108 10.0
R 17111.4209 1386.1383 10.0
R 17112.4123 1389.7658 10.0
R 17113.4038 1393.3933 10.0
R 17114.3952 1397.0208 10.0
R 17115.3867 1400.6483 10.0
R 17116.2578 1403.8356 10.0
R 17117.1289 1407.0228 10.0
R 17118.0000 1410.2100 10.0
R 17119.0377 1414.0066 10.0
R 17120.0753 1417.8032 10.0
R 17121.1130 1421.5998 10.0
R 17122.1507 1425.3965 10.0
R 17123.1883 1429.1931 10.0
R 17124.2260 1432.9897 10.0
R 17125.2637 1436.7863 10.0
R 17126.3013 1440.5829 10.0
R 17127.3390 1444.3795 10.0
R 17128.3767 1448.1761 10.0
R 17129.4143 1451.9727 10.0
R 17130.4520 1455.7694 10.0
R 17131.4897 1459.5660 10.0
R 17132.5273 1463.3626 10.0
R 17133.5650 1467.1592 10.0
R 17134.6026 1470.9558 10.0
R 17135.6403 1474.7524 10.0
R 17136.6780 1478.5490 10.0
R 17137.7156 1482.3456 10.0
R 17138.7533 1486.1423 10.0
R 17139.7910 1489.9389 10.0
R 17140.8286 1493.7355 10.0
R 17144.0542 1494.5231 10.0
R 17143.1187 1498.3543 10.0
R 17142.1832 1502.1855 10.0
R 17141.2477 1506.0167 10.0
R 17140.3123 1509.8480 10.0
R 17139.3768 1513.6792 10.0
R 17138.4413 1517.5104 10.0
R 17137.5059 1521.3417 10.0
R 17136.5704 1525.1729 10.0
R 17135.6349 1529.0041 10.0
R 17134.6994 1532.8354 10.0
R 17133.7640 1536.6666 10.0
R 17132.8285 1540.4978 10.0
R 17131.8930 1544.3291 10.0
R 17130.9575 1548.1603 10.0
R 17130.0221 1551.9915 10.0
R 17129.0866 1555.8228 10.0
R 17128.1511 1559.6540 10.0
R 17127.2157 1563.4852 10.0
R 17126.2802 1567.3165 10.0
R 17125.3447 1571.1477 10.0
R 17124.4092 1574.9789 10.0
R 17123.4738 1578.8101 10.0
R 17122.5383 1582.6414 10.0
R 17121.6028 1586.4726 10.0
R 17120.6674 1590.3038 10.0
R 17119.7319 1594.1351 10.0
R 17118.7964 1597.9663 10.0
R 17117.8609 1601.7975 10.0
R 17116.9255 1605.6288 10.0
R 17115.9900 1609.4600 10.0
R 17115.0553 1613.2881 10.0
R 17114.1206 1617.1162 10.0
R 17113.1859 1620.9444 10.0
R 17112.2512 1624.7725 10.0
R 17111.3164 1628.6006 10.0
R 17110.3817 1632.4287 10.0
R 17109.4470 1636.2568 10.0
R 17108.5123 1640.0850 10.0
R 17107.5776 1643.9131 10.0
R 17106.6429 1647.7412 10.0
R 17105.7082 1651.5693 10.0
R 17104.7735 1655.3974 10.0
R 17103.8387 1659.2256 10.0
R 17102.9040 1663.0537 10.0
R 17101.9693 1666.8818 10.0
R 17101.0346 1670.7099 10.0
R 17100.0999 1674.5380 10.0
R 17099.1652 1678.3662 10.0
R 17098.2305 1682.1943 10.0
R 17097.2958 1686.0224 10.0
R 17096.3610 1689.8505 10.0
R 17095.4263 1693.6787 10.0
R 17094.4916 1697.5068 10.0
R 17093.5569 1701.3349 10.0
R 17092.6222 1705.1630 10.0
R 17091.6875 1708.9911 10.0
R 17090.7528 1712.8193 10.0
R 17089.8181 1716.6474 10.0
R 17088.8833 1720.4755 10.0
R 17087.9486 1724.3036 10.0
R 17087.0139 1728.1317 10.0
R 17086.0792 1731.9599 10.0
R 17085.1445 1735.7880 10.0
R 17084.2098 1739.6161 10.0
R 17083.2751 1743.4442 10.0
R 17082.3404 1747.2723 10.0
R 17081.4056 1751.1005 10.0
R 17080.4709 1754.9286 10.0
R 17079.5362 1758.7567 10.0
R 17078.6015 1762.5848 10.0
R 17077.6668 1766.4129 10.0
R 17076.7321 1770.2411 10.0
R 17075.7974 1774.0692 10.0
R 17074.8627 1777.8973 10.0
R 17073.9280 1781.7254 10.0
R 17072.9932 1785.5535 10.0
ROUTE TRUCK_90452 OUT
R 17072.9932 1785.5535 10.0
R 17073.9280 1781.7254 10.0
R 17074.8627 1777.8973 10.0
R 17075.7974 1774.0692 10.0
R 17076.7321 1770.2411 10.0
R 17077.6668 1766.4129 10.0
R 17078.6015 1762.5848 10.0
R 17079.5362 1758.7567 10.0
R 17080.4709 1754.9286 10.0
R 17081.4056 1751.1005 10.0
R 17082.3404 1747.2723 10.0
R 17083.2751 1743.4442 10.0
R 17084.2098 1739.6161 10.0
R 17085.1445 1735.7880 10.0
R 17086.0792 1731.9599 10.0
R 17087.0139 1728.1317 10.0
R 17087.9486 1724.3036 10.0
R 17088.8833 1720.4755 10.0
R 17089.8181 1716.6474 10.0
R 17090.7528 1712.8193 10.0
R 17091.6875 1708.9911 10.0
R 17092.6222 1705.1630 10.0
R 17093.5569 1701.3349 10.0
R 17094.4916 1697.5068 10.0
R 17095.4263 1693.6787 10.0
R 17096.3610 1689.8505 10.0
R 17097.2958 1686.0224 10.0
R 17098.2305 1682.1943 10.0
R 17099.1652 1678.3662 10.0
R 17100.0999 1674.5380 10.0
R 17101.0346 1670.7099 10.0
R 17101.9693 1666.8818 10.0
R 17102.9040 1663.0537 10.0
R 17103.8387 1659.2256 10.0
R 17104.7735 1655.3974 10.0
R 17105.7082 1651.5693 10.0
R 17106.6429 1647.7412 10.0
R 17107.5776 1643.9131 10.0
R 17108.5123 1640.0850 10.0
R 17109.4470 1636.2568 10.0
R 17110.3817 1632.4287 10.0
R 17111.3164 1628.6006 10.0
R 17112.2512 1624.7725 10.0
R 17113.1859 1620.9444 10.0
R 17114.1206 1617.1162 10.0
R 17115.0553 1613.2881 10.0
R 17115.9900 1609.4600 10.0
R 17116.9255 1605.6288 10.0
R 17117.8609 1601.7975 10.0
R 17118.7964 1597.9663 10.0
R 17119.7319 1594.1351 10.0
R 17120.6674 1590.3038 10.0
R 17121.6028 1586.4726 10.0
R 17122.5383 1582.6414 10.0
R 17123.4738 1578.8101 10.0
R 17124.4092 1574.9789 10.0
R 17125.3447 1571.1477 10.0
R 17126.2802 1567.3165 10.0
R 17127.2157 1563.4852 10.0
R 17128.1511 1559.6540 10.0
R 17129.0866 1555.8228 10.0
R 17130.0221 1551.9915 10.0
R 17130.9575 1548.1603 10.0
R 17131.8930 1544.3291 10.0
R 17132.8285 1540.4978 10.0
R 17133.7640 1536.6666 10.0
R 17134.6994 1532.8354 10.0
R 17135.6349 1529.0041 10.0
R 17136.5704 1525.1729 10.0
R 17137.5059 1521.3417 10.0
R 17138.4413 1517.5104 10.0
R 17139.3768 1513.6792 10.0
R 17140.3123 1509.8480 10.0
R 17141.2477 1506.0167 10.0
R 17142.1832 1502.1855 10.0
R 17143.1187 1498.3543 10.0
R 17144.0542 1494.5231 10.0
R 17140.8286 1493.7355 10.0
R 17139.7910 1489.9389 10.0
R 17138.7533 1486.1423 10.0
R 17137.7156 1482.3456 10.0
R 17136.6780 1478.5490 10.0
R 17135.6403 1474.7524 10.0
R 17134.6026 1470.9558 10.0
R 17133.5650 1467.1592 10.0
R 17132.5273 1463.3626 10.0
R 17131.4897 1459.5660 10.0
R 17130.4520 1455.7694 10.0
R 17129.4143 1451.9727 10.0
R 17128.3767 1448.1761 10.0
R 17127.3390 1444.3795 10.0
R 17126.3013 1440.5829 10.0
R 17125.2637 1436.7863 10.0
R 17124.2260 1432.9897 10.0
R 17123.1883 1429.1931 10.0
R 17122.1507 1425.3965 10.0
R 17121.1130 1421.5998 10.0
R 17120.0753 1417.8032 10.0
R 17119.0377 1414.0066 10.0
R 17118.0000 1410.2100 10.0
R 17117.1289 1407.0228 10.0
R 17116.2578 1403.8356 10.0
R 17115.3867 1400.6483 10.0
R 17114.3952 1397.0208 10.0
R 17113.4038 1393.3933 10.0
R 17112.4123 1389.7658 10.0
R 17111.4209 1386.1383 10.0
R 17110.4294 1382.5108 10.0
R 17109.4380 1378.8833 10.0
R 17108.4466 1375.2558 10.0
R 17107.4551 1371.6283 10.0
R 17107.1115 1370.3712 10.0
R 17106.9879 1369.9188 10.0
R 17106.3153 1367.4579 10.0
R 17105.6562 1365.0466 10.0
R 17104.9713 1362.5404 10.0
R 17104.2987 1360.0797 10.0
R 17103.7606 1358.1107 10.0
R 17103.2224 1356.1418 10.0
R 17103.1307 1355.8061 10.0
R 17102.8796 1354.8873 10.0
R 17102.4218 1353.2125 10.0
R 17101.8028 1350.9476 10.0
R 17101.0151 1348.0656 10.0
R 17100.1662 1344.9596 10.0
R 17099.2851 1341.7361 10.0
R 17098.4065 1338.5213 10.0
R 17097.6475 1335.7443 10.0
R 17096.8885 1332.9673 10.0
R 17096.2206 1330.5237 10.0
R 17095.5528 1328.0800 10.0
R 17095.1714 1326.6845 10.0
R 17096.7017 1323.2155 10.0
R 17098.2320 1319.7464 10.0
R 17099.7624 1316.2774 10.0
R 17101.2927 1312.8083 10.0
R 17102.8230 1309.3393 10.0
R 17104.3533 1305.8702 10.0
R 17105.8837 1302.4012 10.0
R 17107.4140 1298.9321 10.0
R 17108.9443 1295.4631 10.0
R 17110.4747 1291.9940 10.0
R 17112.0050 1288.5250 10.0
R 17113.4402 1288.8846 10.0
R 17117.2525 1289.8399 10.0
R 17121.0649 1290.7952 10.0
R 17124.8773 1291.7505 10.0
R 17128.6896 1292.7058 10.0
R 17132.5020 1293.6611 10.0
R 17136.3143 1294.6164 10.0
R 17140.1267 1295.5717 10.0
R 17143.9390 1296.5269 10.0
R 17147.7514 1297.4822 10.0
R 17151.5637 1298.4375 10.0
R 17155.3761 1299.3928 10.0
R 17159.1885 1300.3481 10.0
R 17163.0008 1301.3034 10.0
R 17166.8132 1302.2587 10.0
R 17170.6255 1303.2140 10.0
R 17174.4379 1304.1693 10.0
R 17178.2502 1305.1246 10.0
R 17182.0626 1306.0798 10.0
R 17185.8749 1307.0351 10.0
R 17189.6873 1307.9904 10.0
R 17193.4996 1308.9457 10.0
R 17197.3120 1309.9010 10.0
R 17201.1244 1310.8563 10.0
R 17204.9367 1311.8116 10.0
R 17208.7491 1312.7669 10.0
R 17212.5614 1313.7222 10.0
R 17216.3738 1314.6775 10.0
R 17220.1861 1315.6327 10.0
R 17223.9985 1316.5880 10.0
R 17227.8108 1317.5433 10.0
R 17231.6232 1318.4986 10.0
R 17235.4355 1319.4539 10.0
R 17239.2479 1320.4092 10.0
R 17243.0603 1321.3645 10.0
R 17246.8726 1322.3198 10.0
R 17250.6850 1323.2751 10.0
R 17254.4973 1324.2304 10.0
R 17258.3097 1325.1856 10.0
R 17262.1220 1326.1409 10.0
R 17265.9344 1327.0962 10.0
R 17269.7467 1328.0515 10.0
R 17273.5591 1329.0068 10.0
R 17277.3715 1329.9621 10.0
R 17281.1838 1330.9174 10.0
R 17284.9962 1331.8727 10.0
R 17288.8085 1332.8280 10.0
R 17292.6209 1333.7833 10.0
R 17296.4332 1334.7385 10.0
R 17300.2456 1335.6938 10.0
R 17304.0579 1336.6491 10.0
R 17307.8703 1337.6044 10.0
R 17311.6826 1338.5597 10.0
R 17315.4950 1339.5150 10.0
R 17319.3218 1340.4739 10.0
R 17323.1485 1341.4328 10.0
R 17326.9753 1342.3917 10.0
R 17330.8020 1343.3506 10.0
R 17334.6288 1344.3095 10.0
R 17338.4555 1345.2684 10.0
R 17342.2823 1346.2273 10.0
R 17346.1091 1347.1862 10.0
R 17349.9358 1348.1451 10.0
R 17353.7626 1349.1040 10.0
R 17357.5893 1350.0629 10.0
R 17361.4161 1351.0218 10.0
R 17365.2429 1351.9807 10.0
R 17369.0696 1352.9396 10.0
R 17372.8964 1353.8985 10.0
R 17376.7231 1354.8574 10.0
R 17380.5499 1355.8163 10.0
R 17384.3766 1356.7752 10.0
R 17388.2034 1357.7341 10.0
R 17392.0302 1358.6930 10.0
R 17395.8569 1359.6519 10.0
R 17399.6837 1360.6108 10.0
R 17403.5104 1361.5697 10.0
R 17407.3372 1362.5286 10.0
R 17411.1640 1363.4875 10.0
R 17414.9907 1364.4464 10.0
R 17418.8175 1365.4053 10.0
R 17422.6442 1366.3642 10.0
R 17426.4710 1367.3231 10.0
R 17430.2977 1368.2820 10.0
R 17434.1245 1369.2409 10.0
R 17437.9513 1370.1998 10.0
R 17441.7780 1371.1587 10.0
R 17445.6048 1372.1176 10.0
R 17449.4315 1373.0765 10.0
R 17453.2583 1374.0354 10.0
R 17457.0851 1374.9943 10.0
R 17460.9118 1375.9532 10.0
R 17464.7386 1376.9121 10.0
R 17468.5653 1377.8710 10.0
R 17472.3921 1378.8299 10.0
R 17476.2188 1379.7888 10.0
R 17480.0456 1380.7477 10.0
R 17483.8724 1381.7066 10.0
R 17487.6991 1382.6655 10.0
R 17491.5259 1383.6244 10.0
R 17495.3526 1384.5833 10.0
R 17499.1794 1385.5422 10.0
R 17503.0062 1386.5011 10.0
R 17506.8329 1387.4600 10.0
R 17510.6597 1388.4189 10.0
R 17514.4864 1389.3778 10.0
R 17518.3132 1390.3367 10.0
R 17518.9791 1387.6790 10.0
R 17519.6451 1385.0214 10.0
R 17520.3110 1382.3638 10.0
R 17522.3712 1381.7254 10.0
R 17524.4315 1381.0870 10.0
R 17527.5200 1380.1300 10.0
R 17528.3807 1379.8633 10.0
R 17531.5548 1378.8798 10.0
R 17534.7290 1377.8962 10.0
R 17536.5787 1374.6172 10.0
R 17538.4284 1371.3382 10.0
R 17540.2781 1368.0592 10.0
R 17542.1278 1364.7802 10.0
R 17543.9776 1361.5011 10.0
R 17545.8273 1358.2221 10.0
R 17547.6770 1354.9431 10.0
R 17549.5267 1351.6641 10.0
R 17551.3764 1348.3851 10.0
R 17553.2261 1345.1061 10.0
R 17555.0759 1341.8270 10.0
R 17556.9256 1338.5480 10.0
R 17558.7753 1335.2690 10.0
R 17560.6250 1331.9900 10.0
R 17561.5512 1328.3100 10.0
R 17562.4773 1324.6299 10.0
R 17563.4035 1320.9499 10.0
R 17564.3296 1317.2699 10.0
R 17565.2558 1313.5899 10.0
R 17566.1820 1309.9098 10.0
R 17567.1081 1306.2298 10.0
R 17568.0343 1302.5498 10.0
R 17568.9604 1298.8698 10.0
R 17572.8329 1299.8443 10.0
R 17576.7054 1300.8189 10.0
R 17580.5779 1301.7935 10.0
R 17584.4503 1302.7681 10.0
R 17588.3228 1303.7427 10.0
R 17592.1953 1304.7173 10.0
R 17596.0677 1305.6919 10.0
R 17599.9402 1306.6665 10.0
R 17603.8127 1307.6411 10.0
R 17607.6851 1308.6157 10.0
R 17611.5576 1309.5903 10.0
R 17615.4301 1310.5649 10.0
R 17619.3025 1311.5395 10.0
R 17623.1750 1312.5141 10.0
R 17627.0475 1313.4886 10.0
R 17630.9199 1314.4632 10.0
R 17634.7924 1315.4378 10.0
R 17638.6649 1316.4124 10.0
R 17642.5373 1317.3870 10.0
R 17646.4098 1318.3616 10.0
R 17650.2823 1319.3362 10.0
R 17654.1547 1320.3108 10.0
R 17658.0272 1321.2854 10.0
R 17661.8997 1322.2600 10.0
R 17665.7722 1323.2346 10.0
R 17669.6446 1324.2092 10.0
R 17673.5171 1325.1838 10.0
R 17677.3896 1326.1584 10.0
R 17681.2620 1327.1329 10.0
R 17685.1345 1328.1075 10.0
R 17689.0070 1329.0821 10.0
R 17692.8794 1330.0567 10.0
R 17696.7519 1331.0313 10.0
R 17700.6244 1332.0059 10.0
R 17704.4968 1332.9805 10.0
R 17708.3693 1333.9551 10.0
R 17712.2418 1334.9297 10.0
R 17716.1142 1335.9043 10.0
R 17719.9867 1336.8789 10.0
R 17723.8592 1337.8535 10.0
R 17727.7316 1338.8281 10.0
R 17731.6041 1339.8027 10.0
R 17735.4766 1340.7772 10.0
R 17739.3491 1341.7518 10.0
R 17743.2215 1342.7264 10.0
R 17747.0940 1343.7010 10.0
R 17750.9665 1344.6756 10.0
TAKEOFF 17750.9665 1344.6756 70.222 76.909 10
CLIMB 0 10 90 1 1
CLIMB 1000 180 150 0 0
CLIMB 3000 300 220 0 0
NODE 17076.3400 1206.4150
NODE 17076.0950 1203.9850
NODE 17075.9988 1203.0312
NODE 17075.8500 1201.5550
NODE 17075.9276 1200.3191
NODE 17075.9725 1199.6050
NODE 17076.0950 1197.6550
NODE 17076.4050 1195.8500
NODE 17076.7150 1194.0450
NODE 17077.4625 1192.2000
NODE 17078.2100 1190.3550
NODE 17079.3300 1188.8600
NODE 17080.1032 1187.8279
NODE 17080.4500 1187.3650
NODE 17081.1795 1186.7020
NODE 17081.8200 1186.1200
NODE 17083.1900 1184.8750
NODE 17084.8525 1183.9425
NODE 17086.5150 1183.0100
NODE 17088.3600 1182.5725
NODE 17090.2050 1182.1350
NODE 17092.1550 1181.9075
NODE 17092.4020 1181.8787
NODE 17094.1050 1181.6800
NODE 17095.9525 1181.7000
NODE 17097.8000 1181.7200
NODE 17099.6025 1181.9275
NODE 17101.4050 1182.1350
NODE 17104.6388 1182.9518
NODE 17145.9850 1193.3950
NODE 17190.5650 1204.6550
NODE 17071.7200 1190.0550
NODE 17071.1475 1188.6450
NODE 17070.5750 1187.2350
NODE 17069.3775 1184.6600
NODE 17068.1800 1182.0850
NODE 17067.2150 1180.5650
NODE 17066.2500 1179.0450
NODE 17064.8575 1177.6150
NODE 17063.4650 1176.1850
NODE 17061.9975 1175.1825
NODE 17060.5300 1174.1800
NODE 17058.1150 1172.9475
NODE 17055.7000 1171.7150
NODE 17054.1125 1170.9975
NODE 17052.5250 1170.2800
NODE 17050.7350 1169.5675
NODE 17048.9450 1168.8550
NODE 17021.9750 1162.0250
NODE 16995.0050 1155.1950
NODE 16840.3800 1144.6250
NODE 16841.1500 1142.7800
NODE 16841.8804 1141.0300
NODE 16841.9200 1140.9350
NODE 16843.5025 1138.7300
NODE 16845.0850 1136.5250
NODE 16846.9450 1134.5925
NODE 16848.8050 1132.6600
NODE 16850.7100 1131.4475
NODE 16852.6150 1130.2350
NODE 16854.7450 1129.2425
NODE 16856.8750 1128.2500
NODE 16859.3500 1127.5075
NODE 16861.8250 1126.7650
NODE 16864.3750 1126.3725
NODE 16866.9250 1125.9800
NODE 16869.8975 1125.8800
NODE 16872.8700 1125.7800
NODE 16875.2475 1125.9525
NODE 16877.6250 1126.1250
NODE 16879.5575 1126.4475
NODE 16881.4900 1126.7700
NODE 16909.2225 1133.8025
NODE 16936.9550 1140.8350
NODE 16840.4000 1144.5200
NODE 16840.3900 1142.2225
NODE 16840.3800 1139.9250
NODE 16840.1975 1137.6125
NODE 16840.0660 1135.9457
NODE 16840.0150 1135.3000
NODE 16839.9858 1135.1323
NODE 16839.6500 1133.2000
NODE 16839.2850 1131.1000
NODE 16838.3000 1128.6575
NODE 16837.6869 1127.1372
NODE 16837.3150 1126.2150
NODE 16836.7534 1125.4442
NODE 16835.9925 1124.4000
NODE 16834.6700 1122.5850
NODE 16833.3975 1121.1550
NODE 16832.1250 1119.7250
NODE 16831.1123 1118.7808
NODE 16830.7200 1118.4150
NODE 16829.3150 1117.1050
NODE 16827.7925 1116.0025
NODE 16826.2700 1114.9000
NODE 16824.7875 1114.1175
NODE 16823.3050 1113.3350
NODE 16821.1075 1112.3725
NODE 16818.9100 1111.4100
NODE 16817.2725 1110.7800
NODE 16815.6350 1110.1500
NODE 16790.7300 1103.9175
NODE 16765.8250 1097.6850
NODE 16510.2300 1064.2650
NODE 16510.3150 1060.9375
NODE 16510.3212 1060.6953
NODE 16510.4000 1057.6100
NODE 16510.2389 1056.1678
NODE 16510.0850 1054.7900
NODE 16509.7700 1051.9700
NODE 16509.2775 1049.3850
NODE 16509.1025 1048.4665
NODE 16508.7850 1046.8000
NODE 16508.0775 1044.8375
NODE 16507.3700 1042.8750
NODE 16506.0900 1040.7350
NODE 16504.8100 1038.5950
NODE 16503.3725 1036.9500
NODE 16501.9350 1035.3050
NODE 16499.7400 1033.4500
NODE 16497.7687 1031.7841
NODE 16497.5450 1031.5950
NODE 16495.6925 1030.6025
NODE 16495.5964 1030.5510
NODE 16493.8400 1029.6100
NODE 16491.4900 1028.8275
NODE 16489.1400 1028.0450
NODE 16455.5300 1019.5350
NODE 16421.9200 1011.0250
NODE 16841.1650 1212.8050
NODE 16839.2725 1211.8825
NODE 16837.3800 1210.9600
NODE 16835.6325 1209.5700
NODE 16835.0941 1209.1417
NODE 16833.8850 1208.1800
NODE 16832.8575 1207.0800
NODE 16831.8300 1205.9800
NODE 16831.6732 1205.7262
NODE 16831.0175 1204.6650
NODE 16830.2050 1203.3500
NODE 16829.6775 1202.0825
NODE 16829.1500 1200.8150
NODE 16828.8625 1199.4750
NODE 16828.5750 1198.1350
NODE 16828.4325 1196.8175
NODE 16828.2900 1195.5000
NODE 16828.2900 1194.3525
NODE 16828.2900 1193.2050
NODE 16828.3450 1192.2625
NODE 16828.3971 1191.3694
NODE 16827.9800 1193.1000
NODE 16827.9263 1193.2048
NODE 16827.1300 1194.7600
NODE 16826.2800 1196.4200
NODE 16825.6875 1197.2225
NODE 16825.0950 1198.0250
NODE 16824.0375 1199.3600
NODE 16822.9800 1200.6950
NODE 16821.6650 1202.0500
NODE 16820.3500 1203.4050
NODE 16818.7400 1204.6325
NODE 16817.1300 1205.8600
NODE 16815.4600 1206.7300
NODE 16813.7900 1207.6000
NODE 16811.8000 1208.2775
NODE 16809.8100 1208.9550
NODE 16807.8200 1209.4400
NODE 16805.8300 1209.9250
NODE 16803.6700 1210.3500
NODE 16801.5100 1210.7750
NODE 16800.1550 1210.8875
NODE 16798.9107 1210.9908
NODE 16798.8000 1211.0000
NODE 16845.5600 1213.7350
NODE 16845.6791 1213.7705
NODE 16846.9630 1214.1531
NODE 16847.3300 1214.2625
NODE 16849.1000 1214.7900
NODE 16851.1750 1216.0000
NODE 16853.2500 1217.2100
NODE 16854.7325 1218.5600
NODE 16856.2150 1219.9100
NODE 16857.3646 1221.6344
NODE 16857.6850 1222.1150
NODE 16859.1550 1224.3200
NODE 16859.9475 1226.5925
NODE 16860.7400 1228.8650
NODE 16860.9800 1230.9675
NODE 16861.2200 1233.0700
NODE 16860.9875 1235.4625
NODE 16860.7550 1237.8550
NODE 16859.6527 1242.3969
NODE 16858.9391 1245.3371
NODE 16855.9672 1257.5821
NODE 16855.9125 1257.8075
NODE 16851.0700 1277.7600
NODE 16851.0413 1279.6785
NODE 16851.0300 1280.4350
NODE 16851.0196 1281.1286
NODE 16850.9900 1283.1100
NODE 16851.0535 1283.3230
NODE 16851.7650 1285.7075
NODE 16852.4740 1288.0838
NODE 16852.5400 1288.3050
NODE 16853.7425 1290.6275
NODE 16854.9450 1292.9500
NODE 16856.4925 1294.6525
NODE 16858.0400 1296.3550
NODE 16859.8625 1297.5600
NODE 16861.6850 1298.7650
NODE 16864.4350 1299.6950
NODE 16867.1850 1300.6250
NODE 16988.2650 1330.9850
NODE 17089.4256 1356.3504
NODE 17104.2987 1360.0797
NODE 17109.3450 1361.3450
NODE 17110.9240 1361.9083
NODE 17111.4825 1362.1075
NODE 17113.6200 1362.8700
NODE 17115.2050 1363.7325
NODE 17116.7900 1364.5950
NODE 17118.0975 1365.5600
NODE 17119.4050 1366.5250
NODE 17120.1775 1367.2325
NODE 17120.9500 1367.9400
NODE 17121.2650 1368.3650
NODE 17121.5606 1368.7638
NODE 17092.2350 1356.6900
NODE 17095.1300 1357.0400
NODE 17097.0725 1357.0250
NODE 17099.0150 1357.0100
NODE 17100.9500 1356.6425
NODE 17102.8850 1356.2750
NODE 17103.2224 1356.1418
NODE 17104.5375 1355.6225
NODE 17106.1900 1354.9700
NODE 17107.5300 1354.1100
NODE 17108.8700 1353.2500
NODE 17109.7300 1352.1150
NODE 17110.5900 1350.9800
NODE 17111.4150 1349.5375
NODE 17112.2400 1348.0950
NODE 17112.6200 1346.4425
NODE 17113.0000 1344.7900
NODE 17113.0675 1343.1025
NODE 17113.1350 1341.4150
NODE 17112.9625 1339.7300
NODE 17112.7900 1338.0450
NODE 17112.4425 1336.4125
NODE 17112.1369 1334.9767
NODE 17112.0950 1334.7800
NODE 17111.5575 1331.9425
NODE 17111.0200 1329.1050
NODE 17110.9150 1326.5075
NODE 17110.8100 1323.9100
NODE 17110.9500 1321.7600
NODE 17111.0900 1319.6100
NODE 17111.5325 1317.1825
NODE 17111.9750 1314.7550
NODE 17112.6925 1312.6375
NODE 17113.4100 1310.5200
NODE 17114.4000 1308.5400
NODE 17115.3900 1306.5600
NODE 17116.5525 1305.0550
NODE 17117.7150 1303.5500
NODE 17118.9100 1302.3550
NODE 17119.0763 1302.1887
NODE 17119.7790 1301.4860
NODE 17120.1050 1301.1600
NODE 17121.6425 1300.1675
NODE 17123.1800 1299.1750
NODE 17125.0925 1298.4600
NODE 17127.0050 1297.7450
NODE 17128.8875 1297.3325
NODE 17130.7700 1296.9200
NODE 17132.9550 1296.8200
NODE 17135.1400 1296.7200
NODE 17137.6675 1296.7200
NODE 17140.1950 1296.7200
NODE 17141.9775 1296.8500
NODE 17143.7600 1296.9800
NODE 17145.7100 1297.2200
NODE 17147.6600 1297.4600
NODE 17104.3650 1284.6450
NODE 17103.3225 1283.6350
NODE 17102.2800 1282.6250
NODE 17101.2025 1281.4975
NODE 17100.1250 1280.3700
NODE 17099.2475 1279.2300
NODE 17098.3700 1278.0900
NODE 17097.7050 1277.1150
NODE 17097.0400 1276.1400
NODE 17096.3950 1275.1175
NODE 17096.1878 1274.7890
NODE 17095.7500 1274.0950
NODE 17095.1950 1273.0850
NODE 17094.6400 1272.0750
NODE 17089.2650 1275.1550
NODE 17090.3100 1276.1625
NODE 17091.3550 1277.1700
NODE 17092.4300 1278.3000
NODE 17093.5050 1279.4300
NODE 17094.3875 1280.5675
NODE 17095.2700 1281.7050
NODE 17095.9325 1282.6775
NODE 17096.5950 1283.6500
NODE 17097.2425 1284.6775
NODE 17097.8900 1285.7050
NODE 17098.4400 1286.7125
NODE 17098.9211 1287.5938
NODE 17098.9900 1287.7200
NODE 17518.6450 1390.4150
NODE 17519.2575 1390.5675
NODE 17519.8700 1390.7200
NODE 17521.3650 1390.9850
NODE 17522.8600 1391.2500
NODE 17525.2900 1391.4750
NODE 17527.7200 1391.7000
NODE 17529.8625 1391.6300
NODE 17532.0050 1391.5600
NODE 17533.9325 1391.2425
NODE 17535.8600 1390.9250
NODE 17537.4975 1390.3250
NODE 17539.0717 1389.7482
NODE 17540.8225 1388.6775
NODE 17541.2548 1388.4092
NODE 17542.5100 1387.6300
NODE 17543.1840 1387.0044
NODE 17543.7650 1386.4650
NODE 17545.0200 1385.3000
NODE 17545.9625 1384.0800
NODE 17546.9050 1382.8600
NODE 17547.5625 1381.5375
NODE 17548.2200 1380.2150
NODE 17548.5425 1379.2075
NODE 17548.8650 1378.2000
NODE 17549.0300 1377.5675
NODE 17549.0824 1377.3667
NODE 17549.1950 1376.9350
NODE 17482.5550 1277.8350
NODE 17512.5150 1285.4125
NODE 17542.4750 1292.9900
NODE 17544.7275 1293.8225
NODE 17545.9380 1294.2699
NODE 17546.9800 1294.6550
NODE 17547.8034 1295.1069
NODE 17548.7475 1295.6250
NODE 17550.5150 1296.5950
NODE 17552.1075 1297.9800
NODE 17553.7000 1299.3650
NODE 17554.9475 1301.0975
NODE 17556.1950 1302.8300
NODE 17556.7305 1303.7805
NODE 17557.4050 1304.9775
NODE 17558.6150 1307.1250
NODE 17559.4800 1309.4775
NODE 17560.0214 1310.9498
NODE 17560.3450 1311.8300
NODE 17560.5531 1312.9046
NODE 17560.7275 1313.8050
NODE 17561.1100 1315.7800
NODE 17561.2850 1319.0725
NODE 17561.4600 1322.3650
NODE 17561.4270 1323.5565
NODE 17561.3900 1324.8925
NODE 17561.3200 1327.4200
NODE 17560.9725 1329.7050
NODE 17560.6250 1331.9900
NODE 17557.4725 1344.3890
NODE 17554.9100 1354.4675
NODE 17518.9850 1390.5050
NODE 17518.3132 1390.3367
NODE 17315.4950 1339.5150
NODE 17113.4402 1288.8846
NODE 17112.0050 1288.5250
NODE 17110.0500 1287.8200
NODE 17109.2858 1287.5444
NODE 17108.0950 1287.1150
NODE 17106.6550 1286.2200
NODE 17105.2150 1285.3250
NODE 17103.6400 1284.1550
NODE 17102.0650 1282.9850
NODE 17100.2475 1281.7375
NODE 17098.4300 1280.4900
NODE 17096.6526 1279.4606
NODE 17091.9550 1276.7400
NODE 17085.4800 1272.9900
NODE 17083.1925 1272.0225
NODE 17080.9050 1271.0550
NODE 17078.5325 1270.2650
NODE 17076.6172 1269.6272
NODE 17076.3565 1269.5404
NODE 17076.1600 1269.4750
NODE 17073.7692 1268.8885
NODE 17067.9375 1267.4580
NODE 17060.5838 1265.6541
NODE 17054.4812 1264.1570
NODE 16973.8800 1244.3850
NODE 16878.8146 1221.0648
NODE 16871.6000 1219.2950
NODE 16855.2378 1215.8077
NODE 16854.7675 1215.7075
NODE 16853.4365 1215.4238
NODE 16837.9350 1212.1200
NODE 16467.0750 1127.5850
NODE 16467.6875 1127.7350
NODE 16468.3000 1127.8850
NODE 16469.7950 1128.1525
NODE 16471.2900 1128.4200
NODE 16473.7225 1128.6400
NODE 16476.1550 1128.8600
NODE 16478.2950 1128.7950
NODE 16480.4350 1128.7300
NODE 16482.3625 1128.4125
NODE 16484.2900 1128.0950
NODE 16485.9275 1127.4900
NODE 16487.5650 1126.8850
NODE 16489.2525 1125.8425
NODE 16490.9400 1124.8000
NODE 16492.1950 1123.6350
NODE 16493.4500 1122.4700
NODE 16494.3925 1121.2500
NODE 16495.3350 1120.0300
NODE 16495.9925 1118.7025
NODE 16496.6500 1117.3750
NODE 16496.9725 1116.3675
NODE 16497.2950 1115.3600
NODE 16497.3853 1115.0152
NODE 16497.4600 1114.7300
NODE 16497.6250 1114.1000
NODE 16840.3300 1212.6600
NODE 16839.0350 1212.3775
NODE 16837.7400 1212.0950
NODE 16836.1875 1211.8725
NODE 16835.1600 1211.7252
NODE 16834.6350 1211.6500
NODE 16834.4893 1211.6417
NODE 16832.8875 1211.5500
NODE 16831.1400 1211.4500
NODE 16819.0520 1211.3897
NODE 16817.1125 1211.3800
NODE 16803.0850 1211.3100
NODE 16802.0950 1211.2575
NODE 16801.1050 1211.2050
NODE 16799.9525 1211.0925
NODE 16797.0625 1210.6400
NODE 16795.3250 1210.3000
NODE 16656.1050 1175.1075
NODE 16535.6251 1144.6522
NODE 16516.8850 1139.9150
NODE 16497.3900 1114.8550
NODE 16497.3450 1116.3875
NODE 16497.3000 1117.9200
NODE 16497.5321 1119.5972
NODE 16497.5975 1120.0700
NODE 16497.8950 1122.2200
NODE 16497.9544 1122.3612
NODE 16498.9125 1124.6375
NODE 16499.9300 1127.0550
NODE 16501.3975 1129.0975
NODE 16502.8650 1131.1400
NODE 16504.6100 1132.9250
NODE 16506.3550 1134.7100
NODE 16508.6975 1136.1375
NODE 16511.0400 1137.5650
NODE 16513.8575 1138.7175
NODE 16515.5809 1139.4225
NODE 16516.5693 1139.8268
NODE 16516.6750 1139.8700
NODE 16517.1950 1140.0025
NODE 16517.7150 1140.1350
NODE 16230.5350 1068.4050
NODE 16231.0514 1068.5310
NODE 16231.1500 1068.5550
NODE 16231.7650 1068.7050
NODE 16233.2625 1068.9725
NODE 16234.7600 1069.2400
NODE 16237.1875 1069.4600
NODE 16239.6150 1069.6800
NODE 16241.7600 1069.6150
NODE 16243.9050 1069.5500
NODE 16245.8300 1069.2300
NODE 16247.7550 1068.9100
NODE 16249.3925 1068.3075
NODE 16251.0300 1067.7050
NODE 16252.7175 1066.6625
NODE 16253.2841 1066.3125
NODE 16254.4050 1065.6200
NODE 16255.0829 1064.9895
NODE 16255.6575 1064.4550
NODE 16256.9100 1063.2900
NODE 16257.8550 1062.0650
NODE 16258.8000 1060.8400
NODE 16259.4575 1059.5175
NODE 16260.1150 1058.1950
NODE 16260.4400 1057.1875
NODE 16260.7650 1056.1800
NODE 16260.8699 1055.7796
NODE 16260.9300 1055.5500
NODE 16261.0950 1054.9200
NODE 16260.8337 1057.0118
NODE 16260.8250 1057.3075
NODE 16260.7800 1058.8400
NODE 16261.0240 1060.6033
NODE 16261.0775 1060.9900
NODE 16261.3750 1063.1400
NODE 16261.4847 1063.4011
NODE 16262.3900 1065.5550
NODE 16263.4050 1067.9700
NODE 16264.8700 1070.0150
NODE 16266.3350 1072.0600
NODE 16268.0850 1073.8425
NODE 16269.8350 1075.6250
NODE 16272.1775 1077.0550
NODE 16274.5200 1078.4850
NODE 16277.3375 1079.6375
NODE 16279.2209 1080.4079
NODE 16280.0667 1080.7539
NODE 16280.6750 1080.9225
NODE 16281.1950 1081.0550
NODE 15795.4050 959.8850
NODE 15795.5521 959.9210
NODE 15796.0175 960.0350
NODE 15796.6300 960.1850
NODE 15798.1250 960.4525
NODE 15799.6200 960.7200
NODE 15800.2980 960.7813
NODE 15802.0525 960.9400
NODE 15804.4850 961.1600
NODE 15806.6275 961.0950
NODE 15808.7700 961.0300
NODE 15810.6975 960.7125
NODE 15812.6250 960.3950
NODE 15814.2600 959.7900
NODE 15815.8950 959.1850
NODE 15817.5825 958.1425
NODE 15819.2700 957.1000
NODE 15820.5250 955.9350
NODE 15821.7800 954.7700
NODE 15822.7250 953.5500
NODE 15823.6700 952.3300
NODE 15824.3250 951.0025
NODE 15824.9800 949.6750
NODE 15825.0814 949.3637
NODE 15825.3075 948.6700
NODE 15825.6350 947.6650
NODE 15825.8000 947.0325
NODE 15825.9302 946.5334
NODE 15825.9650 946.4000
NODE 15825.6800 947.5650
NODE 15825.6350 949.0950
NODE 15825.5900 950.6250
NODE 15825.8875 952.7775
NODE 15826.1038 954.3426
NODE 15826.1850 954.9300
NODE 15826.9737 956.8047
NODE 15827.2000 957.3425
NODE 15827.3578 957.7175
NODE 15828.2150 959.7550
NODE 15829.6800 961.8000
NODE 15831.1450 963.8450
NODE 15832.8950 965.6275
NODE 15834.6450 967.4100
NODE 15836.9875 968.8400
NODE 15837.1681 968.9502
NODE 15839.3300 970.2700
NODE 15842.1475 971.4225
NODE 15844.6993 972.4663
NODE 15844.8946 972.5462
NODE 15845.4850 972.7050
NODE 15846.0050 972.8350
NODE 15496.3100 863.2850
NODE 15496.2700 864.8175
NODE 15496.2300 866.3500
NODE 15496.4498 867.9523
NODE 15496.5250 868.5000
NODE 15496.8200 870.6500
NODE 15496.8600 870.7452
NODE 15497.8350 873.0650
NODE 15498.8500 875.4800
NODE 15500.3175 877.5225
NODE 15501.7850 879.5650
NODE 15503.5350 881.3500
NODE 15505.2850 883.1350
NODE 15507.6250 884.5650
NODE 15509.9650 885.9950
NODE 15512.7825 887.1450
NODE 15514.4947 887.8438
NODE 15515.6000 888.2950
NODE 15516.1225 888.4300
NODE 15516.6450 888.5650
NODE 16503.3950 1136.5717
NODE 16498.1335 1135.2718
NODE 16486.7300 1132.4542
NODE 16482.2000 1131.3350
NODE 16447.5950 1122.7850
NODE 16363.2950 1101.6350
NODE 16299.2826 1085.5750
NODE 16278.9950 1080.4850
NODE 16267.0660 1077.5205
NODE 16261.8007 1076.2120
NODE 16251.1815 1073.5730
NODE 16247.2414 1072.5938
NODE 16065.9875 1027.5500
NODE 15897.9520 985.7911
NODE 15852.9800 974.6150
NODE 15839.4045 971.1415
NODE 15839.1985 971.0887
NODE 15831.1282 969.0238
NODE 15684.8075 931.5850
NODE 15534.5015 893.1265
NODE 16274.1400 1002.2950
NODE 16274.9100 1000.4500
NODE 16275.6800 998.6050
NODE 16276.8068 997.0349
NODE 16276.9659 996.8133
NODE 16277.2625 996.4000
NODE 16278.8450 994.1950
NODE 16280.7050 992.2625
NODE 16282.5650 990.3300
NODE 16284.4700 989.1175
NODE 16285.3625 988.5494
NODE 16286.3750 987.9050
NODE 16287.7703 987.2549
NODE 16288.5050 986.9125
NODE 16290.6350 985.9200
NODE 16293.1100 985.1775
NODE 16295.5850 984.4350
NODE 16298.1350 984.0425
NODE 16300.6850 983.6500
NODE 16302.3019 983.5956
NODE 16303.6575 983.5500
NODE 16306.6300 983.4500
NODE 16309.0075 983.6225
NODE 16311.3850 983.7950
NODE 16313.3175 984.1175
NODE 16315.2500 984.4400
NODE 16342.9825 991.4725
NODE 16370.7150 998.5050
NODE 16273.5500 1004.8850
NODE 16273.6350 1001.5575
NODE 16273.6456 1001.1413
NODE 16273.6812 999.7500
NODE 16273.7200 998.2300
NODE 16273.4050 995.4100
NODE 16273.0900 992.5900
NODE 16272.5975 990.0050
NODE 16272.4793 989.3845
NODE 16272.1050 987.4200
NODE 16271.3975 985.4575
NODE 16270.6900 983.4950
NODE 16269.4100 981.3550
NODE 16268.8093 980.3507
NODE 16268.1300 979.2150
NODE 16266.6925 977.5700
NODE 16265.2550 975.9250
NODE 16263.0600 974.0700
NODE 16262.5107 973.6058
NODE 16260.8650 972.2150
NODE 16260.3514 971.9398
NODE 16259.0125 971.2225
NODE 16257.1600 970.2300
NODE 16254.8100 969.4475
NODE 16252.4600 968.6650
NODE 16218.8500 960.1550
NODE 16185.2400 951.6450
NODE 15838.6800 895.3850
NODE 15838.7650 892.0575
NODE 15838.8500 888.7300
NODE 15838.5350 885.9100
NODE 15838.4440 885.0952
NODE 15838.2200 883.0900
NODE 15837.7275 880.5050
NODE 15837.2350 877.9200
NODE 15836.5275 875.9575
NODE 15835.8200 873.9950
NODE 15834.5400 871.8550
NODE 15833.5159 870.1428
NODE 15833.2600 869.7150
NODE 15832.7696 869.1538
NODE 15831.8225 868.0700
NODE 15830.3850 866.4250
NODE 15828.1900 864.5700
NODE 15825.9950 862.7150
NODE 15824.1425 861.7225
NODE 15822.2900 860.7300
NODE 15819.9400 859.9475
NODE 15817.5900 859.1650
NODE 15783.9800 850.6550
NODE 15750.3700 842.1450
NODE 15839.2800 892.9650
NODE 15840.0500 891.1200
NODE 15840.8200 889.2750
NODE 15842.4025 887.0700
NODE 15843.9850 884.8650
NODE 15845.8450 882.9325
NODE 15847.7050 881.0000
NODE 15849.6100 879.7875
NODE 15851.5150 878.5750
NODE 15853.6450 877.5825
NODE 15855.7750 876.5900
NODE 15858.2500 875.8475
NODE 15860.7250 875.1050
NODE 15863.2750 874.7125
NODE 15865.8250 874.3200
NODE 15868.7975 874.2200
NODE 15871.7700 874.1200
NODE 15874.1475 874.2925
NODE 15876.5250 874.4650
NODE 15878.4575 874.7875
NODE 15880.3900 875.1100
NODE 15908.1225 882.1425
NODE 15935.8550 889.1750
NODE 15509.4900 810.0650
NODE 15510.2600 808.2200
NODE 15511.0300 806.3750
NODE 15512.6125 804.1700
NODE 15514.1950 801.9650
NODE 15516.0550 800.0325
NODE 15517.9150 798.1000
NODE 15519.8200 796.8875
NODE 15521.7250 795.6750
NODE 15523.8550 794.6825
NODE 15525.9850 793.6900
NODE 15528.4600 792.9475
NODE 15530.9350 792.2050
NODE 15533.4850 791.8125
NODE 15536.0350 791.4200
NODE 15539.0075 791.3200
NODE 15541.9800 791.2200
NODE 15544.3575 791.3925
NODE 15546.7350 791.5650
NODE 15548.6675 791.8875
NODE 15550.6000 792.2100
NODE 15578.3325 799.2425
NODE 15606.0650 806.2750
NODE 15507.0123 820.0813
NODE 15505.4865 826.2427
NODE 15502.9050 836.6675
NODE 15501.0757 844.0548
NODE 15500.7565 845.3436
NODE 15839.3250 892.8750
NODE 15838.9950 894.1425
NODE 15832.2700 921.0825
NODE 15831.0424 926.0105
NODE 15825.8750 946.7550
NODE 16273.8575 1003.5650
NODE 16270.1599 1018.4978
NODE 16269.6878 1020.3950
NODE 16267.3025 1029.9800
NODE 16265.6469 1036.6327
NODE 16265.1457 1038.6469
NODE 16261.0650 1055.0450
NODE 16511.0400 1061.8650
NODE 16511.8100 1060.0200
NODE 16512.5559 1058.2326
NODE 16513.4595 1056.9495
NODE 16513.6135 1056.7349
NODE 16514.1625 1055.9700
NODE 16515.7450 1053.7650
NODE 16517.6050 1051.8325
NODE 16519.4650 1049.9000
NODE 16521.3700 1048.6875
NODE 16521.7294 1048.4588
NODE 16523.1332 1047.5652
NODE 16523.2750 1047.4750
NODE 16524.0484 1047.1146
NODE 16525.4050 1046.4825
NODE 16527.5350 1045.4900
NODE 16530.0100 1044.7475
NODE 16532.4850 1044.0050
NODE 16535.0350 1043.6125
NODE 16537.1814 1043.2821
NODE 16537.5850 1043.2200
NODE 16538.4327 1043.1915
NODE 16540.5575 1043.1200
NODE 16543.5300 1043.0200
NODE 16545.9075 1043.1925
NODE 16548.2850 1043.3650
NODE 16550.2175 1043.6875
NODE 16552.1500 1044.0100
NODE 16579.8825 1051.0425
NODE 16607.6150 1058.0750
NODE 16510.6425 1063.0425
NODE 16506.7175 1078.1343
NODE 16506.6008 1078.5962
NODE 16503.8850 1089.3425
NODE 16502.2716 1095.7267
NODE 16497.5450 1114.4300
NODE 16840.4950 1144.2050
NODE 16837.5764 1155.5835
NODE 16834.2100 1168.7075
NODE 16828.7314 1190.0662
NODE 17135.3100 1418.0600
NODE 17129.4300 1396.9784
NODE 17121.0332 1366.8731
NODE 17108.7665 1322.8926
NODE 17103.4775 1303.9300
NODE 17095.3657 1274.8464
NODE 17094.7988 1272.8141
NODE 17093.8088 1269.2646
NODE 17092.2801 1263.7836
NODE 17091.0993 1259.5500
NODE 17090.1448 1256.1279
NODE 17088.7284 1251.0495
NODE 17080.6811 1222.1975
NODE 17077.4810 1210.7241
NODE 17076.1458 1205.9369
NODE 17071.6450 1189.8000
NODE 16838.5600 1192.5550
NODE 16828.8823 1190.1127
NODE 16828.2275 1189.9475
NODE 16823.5488 1188.7668
NODE 16822.6881 1188.5496
NODE 16817.8950 1187.3400
NODE 16842.5000 1193.5450
NODE 16840.7248 1193.0965
NODE 16832.1700 1190.9350
NODE 16821.8400 1188.3250
NODE 17102.0850 1260.2850
NODE 17099.5581 1261.1867
NODE 17092.0450 1263.8675
NODE 17082.4629 1267.2866
NODE 17082.0050 1267.4500
NODE 17555.7050 1380.5650
NODE 17546.1075 1375.9300
NODE 17537.6509 1371.8460
NODE 17536.5100 1371.2950
NODE 17107.8403 1370.5528
NODE 17107.1115 1370.3712
NODE 17106.7167 1370.2729
NODE 17105.9929 1370.0927
NODE 17105.8396 1370.0545
NODE 17104.8778 1369.8150
NODE 17104.7524 1369.7837
NODE 17103.4578 1369.4613
NODE 17102.6322 1369.2557
NODE 17101.1148 1368.8778
NODE 17099.8263 1368.5569
NODE 17099.6988 1368.5251
NODE 17099.0070 1368.3528
NODE 17098.6489 1368.2637
NODE 17096.3546 1367.6923
NODE 17092.7035 1366.7830
NODE 17087.0875 1365.3844
NODE 16971.7900 1336.6700
NODE 16864.8415 1310.0349
NODE 16859.2265 1308.6366
NODE 16855.2293 1307.6410
NODE 16851.5165 1306.7164
NODE 16848.1627 1305.8812
NODE 16845.4850 1305.2143
NODE 16844.3058 1304.9206
NODE 16838.5336 1303.4831
NODE 16838.1509 1303.3877
NODE 16837.2485 1303.1630
NODE 16835.7397 1302.7872
NODE 17161.8376 1421.6908
NODE 17161.1817 1424.3771
NODE 17144.0542 1494.5231
NODE 17115.9900 1609.4600
NODE 17070.1424 1797.2292
NODE 17203.2834 1513.5144
NODE 17217.9100 1453.3600
NODE 17231.2304 1398.5776
NODE 17232.5366 1393.2056
NODE 17174.3260 1384.7413
NODE 17166.9000 1386.6700
NODE 17159.4740 1388.5987
NODE 17115.3193 1281.3856
NODE 17114.0543 1280.2823
NODE 17111.5319 1278.0823
NODE 17109.1100 1275.9700
NODE 17108.5837 1275.5110
NODE 17107.5599 1274.6180
NODE 17106.1865 1273.4202
NODE 17105.8064 1273.0887
NODE 17105.2833 1272.6324
NODE 17104.0904 1271.5920
NODE 17102.9007 1270.5544
NODE 17079.0276 1253.7551
NODE 17078.9500 1257.8700
NODE 17078.9213 1259.3927
NODE 17078.8724 1261.9849
NODE 17075.4698 1261.9558
NODE 17075.7882 1261.6829
NODE 17076.4429 1261.1218
NODE 17076.5224 1261.0536
NODE 17076.6595 1260.9361
NODE 17076.9004 1260.7296
NODE 17077.1096 1260.5504
NODE 17077.2323 1260.4452
NODE 17078.4702 1259.3842
NODE 17069.3061 1261.8790
NODE 17075.0200 1262.1600
NODE 17075.4587 1262.1816
NODE 17076.5161 1262.2336
NODE 17078.8545 1262.3486
NODE 17080.7339 1262.4410
NODE 17057.7381 1277.2547
NODE 17064.8537 1279.0949
NODE 17065.2600 1279.2000
NODE 17070.6497 1280.5939
NODE 17072.7819 1281.1453
NODE 17052.8475 1270.8167
NODE 17054.3840 1272.8975
NODE 17055.8700 1274.9100
NODE 17056.5956 1275.8927
NODE 17057.6496 1277.3200
NODE 17057.8101 1277.5374
NODE 17058.8925 1279.0033
NODE 17534.7290 1377.8962
NODE 17528.3807 1379.8633
NODE 17527.5200 1380.1300
NODE 17524.4315 1381.0870
NODE 17520.3110 1382.3638
NODE 17553.8395 1323.3464
NODE 17553.6195 1322.4035
NODE 17552.5406 1317.7795
NODE 17551.9900 1315.4200
NODE 17551.7671 1314.4646
NODE 17550.4965 1309.0193
NODE 17550.1405 1307.4936
NODE 17551.6712 1342.9140
NODE 17551.4400 1332.9400
NODE 17551.4229 1332.2033
NODE 17551.3174 1327.6518
NODE 17551.2088 1322.9660
NODE 17548.1965 1315.2978
NODE 17545.4880 1312.2043
NODE 17544.6700 1311.2700
NODE 17541.1435 1307.2422
NODE 17770.3617 1349.5568
NODE 17568.9604 1298.8698
NODE 17568.5324 1298.7620
NODE 17567.4677 1298.4941
NODE 17565.5800 1298.0190
NODE 17563.9256 1297.6026
NODE 17561.1851 1296.9129
NODE 17557.9693 1296.1036
NODE 17554.7262 1295.2874
NODE 17553.3026 1294.9291
NODE 17551.0753 1294.3686
NODE 17547.2917 1293.4163
NODE 17544.7821 1292.7847
NODE 17542.6610 1292.2509
NODE 17482.7233 1277.1663
NODE 17104.8504 1182.0661
NODE 17101.6265 1181.2548
NODE 17098.1380 1180.3768
NODE 17097.4677 1180.2081
NODE 17094.6537 1179.4999
NODE 17091.0937 1178.6039
NODE 17090.2927 1178.4024
NODE 17087.8306 1177.7827
NODE 17085.1450 1177.1068
NODE 17083.1576 1176.6066
NODE 17082.1901 1176.3632
NODE 17081.7587 1176.2546
NODE 17081.4974 1176.1888
NODE 17081.2261 1176.1205
NODE 17075.4534 1174.6677
NODE 17073.8400 1174.2617
NODE 17070.3688 1173.3881
NODE 17067.8342 1172.7502
NODE 17064.5382 1171.9207
NODE 17061.3035 1171.1066
NODE 17056.1778 1169.8166
NODE 17052.8523 1168.9796
NODE 17049.1482 1168.0474
NODE 16995.1882 1154.4672
NODE 16881.7072 1125.9072
NODE 16877.9197 1124.9540
NODE 16873.3663 1123.8080
NODE 16867.8228 1122.4128
NODE 16863.2123 1121.2525
NODE 16858.9087 1120.1694
NODE 16855.3722 1119.2794
NODE 16852.3631 1118.5221
NODE 16849.7795 1117.8718
NODE 16847.8468 1117.3854
NODE 16847.2806 1117.2430
NODE 16846.1595 1116.9608
NODE 16844.7215 1116.5989
NODE 16843.0410 1116.1760
NODE 16840.0321 1115.4187
NODE 16836.6855 1114.5765
NODE 16834.4372 1114.0106
NODE 16833.6152 1113.8038
NODE 16830.3525 1112.9826
NODE 16828.4029 1112.4920
NODE 16826.9670 1112.1306
NODE 16823.8082 1111.3356
NODE 16819.2194 1110.1807
NODE 16815.8412 1109.3305
NODE 16639.1260 1064.8562
NODE 16552.3969 1043.0289
NODE 16548.6095 1042.0757
NODE 16544.0561 1040.9297
NODE 16542.1255 1040.4439
NODE 16538.5125 1039.5346
NODE 16533.9021 1038.3743
NODE 16531.4611 1037.7599
NODE 16529.5984 1037.2912
NODE 16527.4515 1036.7508
NODE 16526.0620 1036.4011
NODE 16523.0529 1035.6438
NODE 16520.4692 1034.9936
NODE 16518.5365 1034.5072
NODE 16517.9721 1034.3651
NODE 16517.7608 1034.3120
NODE 16516.3527 1033.9576
NODE 16514.4253 1033.4725
NODE 16512.2753 1032.9314
NODE 16510.0157 1032.3627
NODE 16506.5951 1031.5019
NODE 16503.1127 1030.6254
NODE 16498.1061 1029.3654
NODE 16494.1520 1028.3703
NODE 16493.2503 1028.1433
NODE 16489.3616 1027.1647
NODE 16422.1173 1010.2411
NODE 16315.5090 983.4108
NODE 16311.7216 982.4576
NODE 16307.1682 981.3116
NODE 16305.9695 981.0100
NODE 16301.6246 979.9165
NODE 16297.0142 978.7562
NODE 16295.3053 978.3261
NODE 16292.7105 977.6730
NODE 16291.2931 977.3163
NODE 16289.1741 976.7830
NODE 16286.1650 976.0257
NODE 16283.5814 975.3755
NODE 16281.6486 974.8891
NODE 16281.1296 974.7584
NODE 16279.7166 974.4028
NODE 16277.7893 973.9178
NODE 16275.6393 973.3767
NODE 16273.3796 972.8080
NODE 16271.0274 972.2160
NODE 16269.9591 971.9471
NODE 16266.4767 971.0707
NODE 16266.3615 971.0417
NODE 16261.4701 969.8107
NODE 16257.8411 968.8974
NODE 16257.5160 968.8156
NODE 16252.7255 967.6099
NODE 16185.4813 950.6864
NODE 15880.6756 873.9753
NODE 15876.8881 873.0221
NODE 15872.3347 871.8761
NODE 15866.7912 870.4810
NODE 15862.1808 869.3206
NODE 15857.8771 868.2375
NODE 15854.3406 867.3475
NODE 15851.3315 866.5902
NODE 15848.7479 865.9400
NODE 15846.8152 865.4536
NODE 15846.2613 865.3142
NODE 15844.8336 864.9548
NODE 15842.9062 864.4698
NODE 15840.7562 863.9287
NODE 15838.4965 863.3600
NODE 15835.0760 862.4991
NODE 15831.5936 861.6227
NODE 15830.6632 861.3885
NODE 15826.5870 860.3627
NODE 15822.6329 859.3675
NODE 15817.8424 858.1619
NODE 15750.5982 841.2384
NODE 15550.9090 790.9822
NODE 15547.1216 790.0290
NODE 15542.5682 788.8830
NODE 15541.2960 788.5628
NODE 15537.0246 787.4879
NODE 15532.4142 786.3275
NODE 15530.6318 785.8790
NODE 15528.1105 785.2444
NODE 15526.6196 784.8692
NODE 15524.5741 784.3544
NODE 15521.5650 783.5971
NODE 15518.9813 782.9469
NODE 15517.0486 782.4605
NODE 15516.4760 782.3163
NODE 15507.8903 780.1556
NODE 17092.5448 1201.3630
NODE 17096.7741 1198.5755
NODE 17097.0100 1198.4200
NODE 17099.7486 1196.6150
NODE 17101.4752 1195.4770
NODE 17088.3995 1220.0447
NODE 17087.5400 1206.4000
NODE 17087.4967 1205.7122
NODE 17087.2437 1201.6969
NODE 17086.9461 1196.9715
NODE 17086.7220 1193.4146
NODE 17086.6805 1192.7553
NODE 17093.8733 1194.4900
NODE 17093.3343 1195.5006
NODE 17091.7263 1198.5157
NODE 17090.8089 1200.2358
NODE 17090.7253 1200.3926
NODE 17090.2583 1201.2681
NODE 17088.6221 1204.3361
NODE 17086.9484 1207.4742
NODE 17086.5667 1208.1900
NODE 16831.3467 1136.6338
NODE 16830.8257 1135.6496
NODE 16828.2900 1130.8600
NODE 16826.2649 1127.0348
NODE 16825.2333 1125.0862
NODE 16832.2666 1154.2216
NODE 16831.5750 1145.3081
NODE 16831.5671 1145.2053
NODE 16831.3300 1142.1500
NODE 16831.2997 1141.7590
NODE 16830.9785 1137.6195
NODE 16830.8537 1136.0108
NODE 16830.7027 1134.0645
NODE 16830.5384 1131.9478
NODE 16830.5254 1131.7796
NODE 16830.4440 1130.7305
NODE 16830.4109 1130.3033
NODE 16830.3934 1130.0784
NODE 16812.6980 1254.3571
NODE 16815.8300 1241.8900
NODE 16818.9620 1229.4229
NODE 16824.6900 1265.8456
NODE 16823.6053 1266.3517
NODE 16819.2442 1268.3866
NODE 16812.4864 1271.5398
NODE 16749.3700 1300.9900
NODE 16741.4170 1304.7009
NODE 16708.2152 1320.1929
NODE 16674.0500 1336.1344
NODE 16844.0815 1279.5744
NODE 16840.8000 1280.9700
NODE 16837.5185 1282.3656
NODE 16819.5224 1286.6191
NODE 16830.5400 1288.9800
NODE 16831.0276 1289.0845
NODE 16835.8570 1290.1194
NODE 16841.4307 1291.3137
NODE 16841.5576 1291.3409
NODE 16827.9692 1275.7040
NODE 16830.3800 1278.2800
NODE 16832.7908 1280.8560
NODE 16808.1084 1308.7867
NODE 16781.4000 1321.0600
NODE 16754.8051 1333.2811
NODE 16754.6916 1333.3333
NODE 16768.8640 1338.0763
NODE 16763.5400 1339.3900
NODE 16758.2160 1340.7037
NODE 16717.9356 1341.0254
NODE 16721.5581 1348.7903
NODE 16725.0118 1356.1937
NODE 16736.8500 1381.5700
NODE 16755.7644 1422.1146
NODE 16490.0291 1040.9423
NODE 16494.9700 1045.5800
NODE 16496.7156 1047.2185
NODE 16499.9109 1050.2177
NODE 16500.4227 1077.0349
NODE 16500.2400 1067.1700
NODE 16500.1896 1064.4509
NODE 16500.1455 1062.0667
NODE 16500.1307 1061.2659
NODE 16500.0777 1058.4065
NODE 16500.0573 1057.3051
NODE 16518.9872 1060.9167
NODE 16519.0999 1060.8255
NODE 16519.6750 1060.3601
NODE 16520.3681 1059.7992
NODE 16520.5251 1059.6722
NODE 16520.7894 1059.4583
NODE 16521.2068 1059.1206
NODE 16521.3353 1059.0165
NODE 16523.1600 1057.5400
NODE 16525.9189 1055.3075
NODE 16527.3328 1054.1633
NODE 16538.7866 1053.7106
NODE 16532.7500 1055.0000
NODE 16529.7052 1055.6504
NODE 16526.7134 1056.2894
NODE 16521.0745 1062.0895
NODE 16520.6019 1062.9863
NODE 16518.9861 1066.0525
NODE 16517.8232 1068.2591
NODE 16516.5000 1070.7700
NODE 16511.9255 1079.4505
NODE 16844.5445 1222.2685
NODE 16839.2900 1220.9200
NODE 16839.0952 1220.8700
NODE 16835.8999 1220.0500
NODE 16835.7109 1220.0015
NODE 16835.0999 1219.8447
NODE 16834.0355 1219.5715
NODE 16851.2430 1225.7155
NODE 16851.6026 1229.6915
NODE 16851.9200 1233.2000
NODE 16852.4093 1238.6099
NODE 16852.5489 1240.1534
NODE 16852.5970 1240.6845
NODE 16864.5097 1246.6891
NODE 16867.4257 1242.5139
NODE 16869.4278 1239.6473
NODE 16869.8244 1239.0794
NODE 16870.1116 1238.6682
NODE 16870.6900 1237.8400
NODE 16871.1635 1237.1620
NODE 16871.6410 1236.4784
NODE 16871.9726 1236.0035
NODE 16872.3874 1235.4096
NODE 16872.5466 1235.1817
NODE 16872.7623 1234.8729
NODE 16872.9056 1234.6677
NODE 16873.2549 1234.1675
NODE 16873.6074 1233.6628
NODE 16874.3612 1232.5835
NODE 16874.4320 1232.4822
NODE 16874.6566 1232.1606
NODE 16875.5211 1230.9227
NODE 16876.6646 1229.2854
NODE 16876.8703 1228.9909
NODE 16849.9999 1240.3839
NODE 16849.6609 1245.7512
NODE 16849.5100 1248.1400
NODE 16849.0201 1255.8961
NODE 17095.1714 1326.6845
NODE 17095.5528 1328.0800
NODE 17096.8885 1332.9673
NODE 17098.4065 1338.5213
NODE 17099.2851 1341.7361
NODE 17100.1662 1344.9596
NODE 17101.0151 1348.0656
NODE 17101.8028 1350.9476
NODE 17102.4218 1353.2125
NODE 17102.8796 1354.8873
NODE 17103.1307 1355.8061
NODE 17104.9713 1362.5404
NODE 17105.6562 1365.0466
NODE 17106.3153 1367.4579
NODE 17106.9879 1369.9188
NODE 17107.4551 1371.6283
NODE 17115.3867 1400.6483
NODE 17118.0000 1410.2100
NODE 17140.8286 1493.7355
NODE 16815.8929 1215.4764
NODE 16814.7927 1215.2011
NODE 16812.0592 1214.5172
NODE 16808.6328 1213.6598
NODE 16805.1157 1212.7798
NODE 16802.8586 1212.2150
NODE 16801.2504 1211.8126
NODE 16800.9705 1211.7426
NODE 16798.7530 1211.1877
NODE 16535.4747 1145.3107
NODE 16517.5426 1140.8238
NODE 16516.5015 1140.5633
NODE 16510.6558 1139.1006
NODE 16505.5745 1137.8292
NODE 16503.1728 1137.2282
NODE 16501.4495 1136.7970
NODE 16497.8046 1135.8850
NODE 16494.6719 1135.1012
NODE 16493.0994 1134.7077
NODE 16492.5082 1134.5597
NODE 16492.3594 1134.5225
NODE 16491.7470 1134.3693
NODE 16490.5477 1134.0692
NODE 16488.7342 1133.6154
NODE 16486.4107 1133.0340
NODE 16486.0490 1132.9436
NODE 16483.2519 1132.2437
NODE 16479.7736 1131.3733
NODE 16475.7764 1130.3732
NODE 16471.0944 1129.2016
NODE 16468.1546 1128.4660
NODE 16466.9311 1128.1599
NODE 16447.4686 1123.2900
NODE 16308.0700 1088.4100
NODE 16299.1363 1086.1746
NODE 16281.0466 1081.6482
NODE 16280.0054 1081.3877
NODE 16274.1597 1079.9250
NODE 16269.0773 1078.6533
NODE 16266.8882 1078.1056
NODE 16264.9440 1077.6191
NODE 16261.5642 1076.7734
NODE 16261.2236 1076.6882
NODE 16258.1758 1075.9256
NODE 16256.6033 1075.5321
NODE 16255.9779 1075.3756
NODE 16255.8256 1075.3375
NODE 16255.2109 1075.1837
NODE 16254.0092 1074.8830
NODE 16252.2005 1074.4304
NODE 16250.9522 1074.1181
NODE 16249.5153 1073.7586
NODE 16247.0631 1073.1450
NODE 16246.7170 1073.0584
NODE 16243.2445 1072.1895
NODE 16239.2379 1071.1870
NODE 16234.5654 1070.0178
NODE 16231.6209 1069.2811
NODE 16230.8641 1069.0917
NODE 16230.3927 1068.9737
NODE 15834.0468 969.8009
NODE 15829.9135 968.7666
NODE 15826.1931 967.8357
NODE 15823.1465 967.0734
NODE 15821.5728 966.6797
NODE 15820.9298 966.5187
NODE 15820.7751 966.4800
NODE 15820.1674 966.3280
NODE 15818.9634 966.0267
NODE 15817.1499 965.5730
NODE 15814.4647 964.9011
NODE 15811.6723 964.2024
NODE 15808.1940 963.3320
NODE 15804.1921 962.3307
NODE 15800.2471 961.3436
NODE 15832.6960 885.7372
NODE 15832.5907 885.4905
NODE 15830.5737 880.7606
NODE 15830.1300 879.7200
NODE 15827.5640 873.7028
NODE 15836.0750 927.2641
NODE 15835.4500 940.9200
NODE 15835.1799 946.8218
NODE 15835.1214 948.0992
NODE 15835.0282 950.1349
NODE 15834.9861 951.0551
NODE 15834.9042 952.8442
NODE 15834.8250 954.5759
NODE 15841.6056 961.6810
NODE 15839.6119 958.5143
NODE 15838.8600 957.3200
NODE 15836.1144 952.9590
NODE 15521.6837 821.4334
NODE 15520.2681 822.5787
NODE 15519.8725 822.8987
NODE 15517.5100 824.8100
NODE 15514.0299 827.6254
NODE 15513.3363 828.1866
NODE 15521.0624 823.5606
NODE 15523.2570 823.0915
NODE 15527.1000 822.2700
NODE 15527.3962 822.2067
NODE 15531.8758 821.2491
NODE 15533.1376 820.9794
NODE 15506.2749 846.7101
NODE 15506.9521 845.4254
NODE 15510.8500 838.0300
NODE 15515.4251 829.3499
NODE 15506.9250 866.5150
NODE 15506.9733 863.4531
NODE 15507.0900 856.0500
NODE 15507.2550 845.5850
NODE 15487.9145 874.6540
NODE 15488.1451 875.1033
NODE 15488.5727 875.9363
NODE 15490.5309 879.7507
NODE 15491.4700 881.5800
NODE 15492.8027 884.1761
NODE 15494.9832 888.4235
NODE 15517.5350 880.3950
NODE 15519.5000 881.1517
NODE 15526.7400 883.9400
NODE 15535.9450 887.4850
NODE 16275.7949 1019.9001
NODE 16280.3700 1011.2200
NODE 16281.4858 1009.1030
NODE 16282.2380 1007.6760
NODE 16282.6970 1006.8051
NODE 16284.2824 1003.7972
NODE 16284.3306 1003.7057
NODE 16284.9451 1002.5399
NODE 16291.2037 994.6234
NODE 16289.7881 995.7687
NODE 16287.0300 998.0000
NODE 16284.7919 999.8106
NODE 16284.6629 999.9150
NODE 16284.2464 1000.2519
NODE 16283.9434 1000.4971
NODE 16283.8236 1000.5939
NODE 16283.5499 1000.8154
NODE 16283.1824 1001.1127
NODE 16282.8563 1001.3766
NODE 16290.5824 996.7506
NODE 16292.8466 996.2666
NODE 16296.6200 995.4600
NODE 16302.6576 994.1694
NODE 16264.7050 1019.1550
NODE 16264.4700 1009.1800
NODE 16264.3746 1005.1309
NODE 16264.3133 1002.5265
NODE 16264.2965 1001.8138
NODE 16264.2350 999.2050
NODE 16263.1697 983.7239
NODE 16263.5077 985.1716
NODE 16264.7970 990.6949
NODE 16265.0023 991.5742
NODE 16265.0752 991.8866
NODE 16265.2945 992.8260
NODE 16265.3550 993.0852
NODE 16265.6345 994.2822
NODE 16265.6771 994.4650
NODE 16266.0197 995.9323
NODE 16266.2978 997.1240
NODE 16266.6519 998.6408
NODE 16266.8703 999.5761
NODE 16261.2269 991.5283
NODE 16258.1196 987.9793
NODE 16257.7000 987.5000
NODE 16254.1731 983.4717
NODE 16271.6350 1059.1350
NODE 16271.6470 1058.3768
NODE 16271.6687 1056.9985
NODE 16271.6789 1056.3521
NODE 16271.6853 1055.9455
NODE 16271.6988 1055.0872
NODE 16271.8000 1048.6700
NODE 16271.9650 1038.2050
NODE 16282.2450 1073.0150
NODE 16284.0270 1073.7013
NODE 16291.4500 1076.5600
NODE 16300.6550 1080.1050
NODE 16232.8673 1061.0858
NODE 16236.5929 1059.9309
NODE 16240.0800 1058.8500
NODE 16240.5436 1058.7063
NODE 16247.2927 1056.6142
NODE 16253.1343 1048.8814
NODE 16256.2300 1043.0400
NODE 16259.3257 1037.1986
NODE 16518.6150 1132.0050
NODE 16519.6589 1132.4032
NODE 16520.5366 1132.7380
NODE 16527.8300 1135.5200
NODE 16537.0450 1139.0350
NODE 16508.1951 1097.2237
NODE 16508.0700 1107.6900
NODE 16507.9919 1114.2239
NODE 16507.9829 1114.9816
NODE 16507.9768 1115.4877
NODE 16507.9526 1117.5101
NODE 16507.9449 1118.1563
NODE 17750.9665 1344.6756
NODE 16717.8749 1323.0587
NODE 17204.1976 1509.7548
NODE 17137.4348 1521.6328
NODE 17080.3658 1755.3592
NODE 17072.9932 1785.5535
EDGE 0 1
EDGE 1 2
EDGE 2 3
EDGE 3 4
EDGE 4 5
EDGE 5 6
EDGE 6 7
EDGE 7 8
EDGE 8 9
EDGE 9 10
EDGE 10 11
EDGE 11 12
EDGE 12 13
EDGE 13 14
EDGE 14 15
EDGE 15 16
EDGE 16 17
EDGE 17 18
EDGE 18 19
EDGE 19 20
EDGE 20 21
EDGE 21 22
EDGE 22 23
EDGE 23 24
EDGE 24 25
EDGE 25 26
EDGE 26 27
EDGE 27 28
EDGE 28 29
EDGE 29 30
EDGE 31 32
EDGE 32 33
EDGE 33 34
EDGE 34 35
EDGE 35 36
EDGE 36 37
EDGE 37 38
EDGE 38 39
EDGE 39 40
EDGE 40 41
EDGE 41 42
EDGE 42 43
EDGE 43 44
EDGE 44 45
EDGE 45 46
EDGE 46 47
EDGE 47 48
EDGE 48 49
EDGE 50 51
EDGE 51 52
EDGE 52 53
EDGE 53 54
EDGE 54 55
EDGE 55 56
EDGE 56 57
EDGE 57 58
EDGE 58 59
EDGE 59 60
EDGE 60 61
EDGE 61 62
EDGE 62 63
EDGE 63 64
EDGE 64 65
EDGE 65 66
EDGE 66 67
EDGE 67 68
EDGE 68 69
EDGE 69 70
EDGE 70 71
EDGE 71 72
EDGE 72 73
EDGE 74 75
EDGE 75 76
EDGE 76 77
EDGE 77 78
EDGE 78 79
EDGE 79 80
EDGE 80 81
EDGE 81 82
EDGE 82 83
EDGE 83 84
EDGE 84 85
EDGE 85 86
EDGE 86 87
EDGE 87 88
EDGE 88 89
EDGE 89 90
EDGE 90 91
EDGE 91 92
EDGE 92 93
EDGE 93 94
EDGE 94 95
EDGE 95 96
EDGE 96 97
EDGE 97 98
EDGE 98 99
EDGE 99 100
EDGE 100 101
EDGE 101 102
EDGE 102 103
EDGE 104 105
EDGE 105 106
EDGE 106 107
EDGE 107 108
EDGE 108 109
EDGE 109 110
EDGE 110 111
EDGE 111 112
EDGE 112 113
EDGE 113 114
EDGE 114 115
EDGE 115 116
EDGE 116 117
EDGE 117 118
EDGE 118 119
EDGE 119 120
EDGE 120 121
EDGE 121 122
EDGE 122 123
EDGE 123 124
EDGE 124 125
EDGE 125 126
EDGE 126 127
EDGE 127 128
EDGE 128 129
EDGE 130 131
EDGE 131 132
EDGE 132 133
EDGE 133 134
EDGE 134 135
EDGE 135 136
EDGE 136 137
EDGE 137 138
EDGE 138 139
EDGE 139 140
EDGE 140 141
EDGE 141 142
EDGE 142 143
EDGE 143 144
EDGE 144 145
EDGE 145 146
EDGE 146 147
EDGE 147 148
EDGE 148 149
EDGE 149 150
EDGE 151 152
EDGE 152 153
EDGE 153 154
EDGE 154 155
EDGE 155 156
EDGE 156 157
EDGE 157 158
EDGE 158 159
EDGE 159 160
EDGE 160 161
EDGE 161 162
EDGE 162 163
EDGE 163 164
EDGE 164 165
EDGE 165 166
EDGE 166 167
EDGE 167 168
EDGE 168 169
EDGE 169 170
EDGE 170 171
EDGE 171 172
EDGE 172 173
EDGE 174 175
EDGE 175 176
EDGE 176 177
EDGE 177 178
EDGE 178 179
EDGE 179 180
EDGE 180 181
EDGE 181 182
EDGE 182 183
EDGE 183 184
EDGE 184 185
EDGE 185 186
EDGE 186 187
EDGE 187 188
EDGE 188 189
EDGE 189 190
EDGE 190 191
EDGE 191 192
EDGE 192 193
EDGE 193 194
EDGE 194 195
EDGE 195 196
EDGE 196 197
EDGE 197 198
EDGE 198 199
EDGE 199 200
EDGE 200 201
EDGE 201 202
EDGE 202 203
EDGE 203 204
EDGE 204 205
EDGE 205 206
EDGE 206 207
EDGE 207 208
EDGE 208 209
EDGE 209 210
EDGE 210 211
EDGE 211 212
EDGE 212 213
EDGE 213 214
EDGE 214 215
EDGE 215 216
EDGE 216 217
EDGE 217 218
EDGE 218 219
EDGE 219 220
EDGE 220 221
EDGE 221 222
EDGE 222 223
EDGE 223 224
EDGE 224 225
EDGE 225 226
EDGE 226 227
EDGE 214 228
EDGE 228 229
EDGE 229 230
EDGE 230 231
EDGE 231 232
EDGE 232 233
EDGE 233 234
EDGE 234 235
EDGE 235 236
EDGE 236 237
EDGE 237 238
EDGE 238 239
EDGE 239 240
EDGE 240 241
EDGE 241 242
EDGE 242 243
EDGE 243 244
EDGE 244 245
EDGE 245 246
EDGE 246 247
EDGE 247 248
EDGE 248 249
EDGE 249 250
EDGE 250 251
EDGE 251 252
EDGE 252 253
EDGE 253 254
EDGE 254 255
EDGE 255 256
EDGE 256 257
EDGE 257 258
EDGE 258 259
EDGE 259 260
EDGE 260 261
EDGE 261 262
EDGE 262 263
EDGE 263 264
EDGE 264 265
EDGE 265 266
EDGE 266 267
EDGE 267 268
EDGE 268 269
EDGE 269 270
EDGE 270 271
EDGE 271 272
EDGE 272 273
EDGE 273 274
EDGE 274 275
EDGE 275 276
EDGE 276 277
EDGE 277 278
EDGE 278 279
EDGE 279 280
EDGE 280 281
EDGE 281 282
EDGE 282 283
EDGE 284 285
EDGE 285 286
EDGE 286 287
EDGE 287 288
EDGE 288 289
EDGE 289 290
EDGE 290 291
EDGE 291 292
EDGE 292 293
EDGE 293 294
EDGE 294 295
EDGE 295 296
EDGE 296 297
EDGE 298 299
EDGE 299 300
EDGE 300 301
EDGE 301 302
EDGE 302 303
EDGE 303 304
EDGE 304 305
EDGE 305 306
EDGE 306 307
EDGE 307 308
EDGE 308 309
EDGE 309 310
EDGE 310 311
EDGE 312 313
EDGE 313 314
EDGE 314 315
EDGE 315 316
EDGE 316 317
EDGE 317 318
EDGE 318 319
EDGE 319 320
EDGE 320 321
EDGE 321 322
EDGE 322 323
EDGE 323 324
EDGE 324 325
EDGE 325 326
EDGE 326 327
EDGE 327 328
EDGE 328 329
EDGE 329 330
EDGE 330 331
EDGE 331 332
EDGE 332 333
EDGE 333 334
EDGE 334 335
EDGE 335 336
EDGE 336 337
EDGE 337 338
EDGE 338 339
EDGE 340 341
EDGE 341 342
EDGE 342 343
EDGE 343 344
EDGE 344 345
EDGE 345 346
EDGE 346 347
EDGE 347 348
EDGE 348 349
EDGE 349 350
EDGE 350 351
EDGE 351 352
EDGE 352 353
EDGE 353 354
EDGE 354 355
EDGE 355 356
EDGE 356 357
EDGE 357 358
EDGE 358 359
EDGE 359 360
EDGE 360 361
EDGE 361 362
EDGE 362 363
EDGE 363 364
EDGE 364 365
EDGE 365 366
EDGE 366 367
EDGE 367 368
EDGE 368 369
EDGE 369 370
EDGE 339 370
EDGE 371 372
EDGE 372 373
EDGE 373 374
EDGE 374 375
EDGE 375 376
EDGE 376 377
EDGE 377 378
EDGE 378 379
EDGE 379 380
EDGE 380 381
EDGE 381 382
EDGE 382 383
EDGE 383 384
EDGE 384 385
EDGE 385 386
EDGE 298 386
EDGE 298 387
EDGE 387 388
EDGE 388 389
EDGE 389 390
EDGE 390 391
EDGE 391 392
EDGE 392 393
EDGE 393 394
EDGE 394 395
EDGE 395 396
EDGE 396 397
EDGE 397 398
EDGE 398 399
EDGE 399 400
EDGE 400 401
EDGE 401 402
EDGE 402 403
EDGE 175 403
EDGE 175 404
EDGE 405 406
EDGE 406 407
EDGE 407 408
EDGE 408 409
EDGE 409 410
EDGE 410 411
EDGE 411 412
EDGE 412 413
EDGE 413 414
EDGE 414 415
EDGE 415 416
EDGE 416 417
EDGE 417 418
EDGE 418 419
EDGE 419 420
EDGE 420 421
EDGE 421 422
EDGE 422 423
EDGE 423 424
EDGE 424 425
EDGE 425 426
EDGE 426 427
EDGE 427 428
EDGE 428 429
EDGE 429 430
EDGE 431 432
EDGE 432 433
EDGE 433 434
EDGE 434 435
EDGE 435 436
EDGE 436 437
EDGE 437 438
EDGE 438 439
EDGE 439 440
EDGE 440 441
EDGE 441 442
EDGE 442 443
EDGE 443 444
EDGE 444 445
EDGE 172 445
EDGE 173 446
EDGE 446 447
EDGE 447 448
EDGE 448 449
EDGE 449 450
EDGE 428 451
EDGE 428 452
EDGE 452 453
EDGE 453 454
EDGE 454 455
EDGE 455 456
EDGE 456 457
EDGE 457 458
EDGE 458 459
EDGE 459 460
EDGE 460 461
EDGE 461 462
EDGE 462 463
EDGE 463 464
EDGE 464 465
EDGE 465 466
EDGE 466 467
EDGE 467 468
EDGE 468 469
EDGE 469 470
EDGE 470 471
EDGE 472 473
EDGE 473 474
EDGE 474 475
EDGE 475 476
EDGE 476 477
EDGE 477 478
EDGE 478 479
EDGE 479 480
EDGE 480 481
EDGE 481 482
EDGE 482 483
EDGE 483 484
EDGE 484 485
EDGE 485 486
EDGE 486 487
EDGE 487 488
EDGE 488 489
EDGE 489 490
EDGE 490 491
EDGE 491 492
EDGE 492 493
EDGE 493 494
EDGE 494 495
EDGE 495 496
EDGE 496 497
EDGE 497 498
EDGE 498 499
EDGE 499 500
EDGE 498 501
EDGE 501 502
EDGE 502 503
EDGE 503 504
EDGE 504 505
EDGE 505 506
EDGE 506 507
EDGE 507 508
EDGE 508 509
EDGE 509 510
EDGE 510 511
EDGE 511 512
EDGE 512 513
EDGE 513 514
EDGE 514 515
EDGE 515 516
EDGE 516 517
EDGE 517 518
EDGE 518 519
EDGE 519 520
EDGE 521 522
EDGE 522 523
EDGE 523 524
EDGE 524 525
EDGE 525 526
EDGE 526 527
EDGE 527 528
EDGE 528 529
EDGE 529 530
EDGE 530 531
EDGE 531 532
EDGE 532 533
EDGE 533 534
EDGE 534 535
EDGE 535 536
EDGE 536 537
EDGE 537 538
EDGE 538 539
EDGE 539 540
EDGE 540 541
EDGE 541 542
EDGE 542 543
EDGE 543 544
EDGE 544 545
EDGE 545 546
EDGE 546 547
EDGE 547 548
EDGE 548 549
EDGE 550 551
EDGE 551 552
EDGE 552 553
EDGE 553 554
EDGE 554 555
EDGE 555 556
EDGE 556 557
EDGE 557 558
EDGE 558 559
EDGE 559 560
EDGE 560 561
EDGE 561 562
EDGE 562 563
EDGE 563 564
EDGE 564 565
EDGE 565 566
EDGE 566 567
EDGE 567 568
EDGE 568 569
EDGE 569 570
EDGE 570 571
EDGE 572 573
EDGE 573 574
EDGE 574 575
EDGE 575 576
EDGE 576 577
EDGE 577 578
EDGE 578 579
EDGE 579 580
EDGE 580 581
EDGE 581 582
EDGE 582 583
EDGE 583 584
EDGE 584 585
EDGE 585 586
EDGE 586 587
EDGE 587 588
EDGE 588 589
EDGE 589 590
EDGE 590 591
EDGE 450 468
EDGE 468 592
EDGE 592 593
EDGE 593 594
EDGE 594 595
EDGE 595 596
EDGE 596 597
EDGE 597 598
EDGE 518 598
EDGE 518 599
EDGE 599 600
EDGE 600 601
EDGE 601 602
EDGE 602 603
EDGE 473 603
EDGE 473 604
EDGE 604 605
EDGE 605 606
EDGE 569 606
EDGE 569 607
EDGE 607 608
EDGE 608 609
EDGE 522 609
EDGE 522 610
EDGE 610 611
EDGE 591 611
EDGE 612 613
EDGE 613 614
EDGE 614 615
EDGE 615 616
EDGE 616 617
EDGE 617 618
EDGE 618 619
EDGE 619 620
EDGE 620 621
EDGE 621 622
EDGE 622 623
EDGE 623 624
EDGE 624 625
EDGE 625 626
EDGE 626 627
EDGE 627 628
EDGE 628 629
EDGE 629 630
EDGE 630 631
EDGE 631 632
EDGE 632 633
EDGE 633 634
EDGE 634 635
EDGE 635 636
EDGE 636 637
EDGE 637 638
EDGE 638 639
EDGE 640 641
EDGE 641 642
EDGE 642 643
EDGE 643 644
EDGE 644 645
EDGE 645 646
EDGE 646 647
EDGE 647 648
EDGE 648 649
EDGE 649 650
EDGE 650 651
EDGE 651 652
EDGE 652 653
EDGE 653 654
EDGE 654 655
EDGE 655 656
EDGE 656 657
EDGE 657 658
EDGE 658 659
EDGE 659 660
EDGE 660 661
EDGE 661 662
EDGE 662 663
EDGE 663 664
EDGE 664 665
EDGE 665 666
EDGE 667 668
EDGE 668 669
EDGE 669 670
EDGE 670 671
EDGE 671 672
EDGE 672 673
EDGE 673 674
EDGE 674 675
EDGE 675 676
EDGE 676 677
EDGE 677 678
EDGE 678 679
EDGE 679 680
EDGE 680 681
EDGE 681 682
EDGE 682 683
EDGE 683 684
EDGE 684 685
EDGE 685 686
EDGE 686 687
EDGE 687 688
EDGE 688 689
EDGE 689 690
EDGE 691 692
EDGE 692 693
EDGE 693 694
EDGE 694 695
EDGE 695 696
EDGE 696 697
EDGE 697 698
EDGE 698 699
EDGE 699 700
EDGE 700 701
EDGE 701 702
EDGE 702 703
EDGE 703 704
EDGE 704 705
EDGE 705 706
EDGE 706 707
EDGE 707 708
EDGE 708 709
EDGE 709 710
EDGE 710 711
EDGE 711 712
EDGE 712 713
EDGE 714 715
EDGE 715 716
EDGE 716 717
EDGE 717 718
EDGE 718 719
EDGE 719 720
EDGE 720 721
EDGE 721 722
EDGE 722 723
EDGE 723 724
EDGE 724 725
EDGE 725 726
EDGE 726 727
EDGE 727 728
EDGE 728 729
EDGE 729 730
EDGE 730 731
EDGE 731 732
EDGE 732 733
EDGE 733 734
EDGE 734 735
EDGE 735 736
EDGE 714 737
EDGE 737 738
EDGE 738 739
EDGE 739 740
EDGE 740 741
EDGE 572 741
EDGE 742 743
EDGE 667 743
EDGE 667 744
EDGE 744 745
EDGE 548 745
EDGE 548 746
EDGE 612 747
EDGE 640 747
EDGE 640 748
EDGE 748 749
EDGE 749 750
EDGE 750 751
EDGE 751 752
EDGE 752 753
EDGE 754 755
EDGE 755 756
EDGE 756 757
EDGE 757 758
EDGE 758 759
EDGE 759 760
EDGE 760 761
EDGE 761 762
EDGE 762 763
EDGE 763 764
EDGE 764 765
EDGE 765 766
EDGE 766 767
EDGE 767 768
EDGE 768 769
EDGE 769 770
EDGE 770 771
EDGE 771 772
EDGE 772 773
EDGE 773 774
EDGE 774 775
EDGE 775 776
EDGE 776 777
EDGE 777 778
EDGE 778 779
EDGE 779 780
EDGE 780 781
EDGE 781 782
EDGE 782 783
EDGE 754 784
EDGE 104 784
EDGE 104 785
EDGE 785 786
EDGE 786 787
EDGE 787 788
EDGE 788 789
EDGE 50 790
EDGE 50 791
EDGE 791 792
EDGE 792 793
EDGE 150 793
EDGE 150 152
EDGE 794 795
EDGE 227 795
EDGE 227 796
EDGE 250 796
EDGE 250 797
EDGE 797 798
EDGE 310 798
EDGE 310 385
EDGE 385 799
EDGE 799 800
EDGE 800 801
EDGE 801 802
EDGE 802 803
EDGE 803 804
EDGE 804 805
EDGE 805 806
EDGE 806 807
EDGE 807 808
EDGE 31 808
EDGE 31 809
EDGE 810 811
EDGE 793 811
EDGE 793 812
EDGE 812 813
EDGE 813 814
EDGE 814 815
EDGE 816 817
EDGE 817 818
EDGE 811 818
EDGE 793 813
EDGE 814 819
EDGE 820 821
EDGE 802 821
EDGE 802 822
EDGE 822 823
EDGE 823 824
EDGE 338 825
EDGE 338 826
EDGE 826 827
EDGE 827 828
EDGE 829 830
EDGE 830 831
EDGE 831 832
EDGE 832 833
EDGE 833 834
EDGE 834 835
EDGE 835 836
EDGE 836 837
EDGE 837 838
EDGE 838 839
EDGE 839 840
EDGE 840 841
EDGE 841 842
EDGE 842 843
EDGE 843 844
EDGE 844 845
EDGE 845 846
EDGE 846 847
EDGE 847 848
EDGE 848 849
EDGE 849 850
EDGE 850 851
EDGE 851 852
EDGE 852 853
EDGE 853 854
EDGE 854 855
EDGE 855 856
EDGE 856 857
EDGE 858 859
EDGE 859 860
EDGE 860 861
EDGE 861 862
EDGE 863 864
EDGE 864 865
EDGE 865 866
EDGE 867 868
EDGE 868 869
EDGE 870 871
EDGE 871 872
EDGE 872 873
EDGE 873 874
EDGE 874 875
EDGE 875 876
EDGE 876 877
EDGE 877 878
EDGE 878 879
EDGE 879 880
EDGE 881 882
EDGE 882 883
EDGE 883 884
EDGE 885 886
EDGE 886 887
EDGE 887 888
EDGE 888 889
EDGE 889 890
EDGE 890 891
EDGE 891 892
EDGE 892 893
EDGE 894 895
EDGE 895 896
EDGE 896 897
EDGE 897 898
EDGE 898 899
EDGE 900 901
EDGE 901 902
EDGE 902 903
EDGE 903 904
EDGE 905 906
EDGE 906 907
EDGE 907 908
EDGE 908 909
EDGE 909 910
EDGE 910 911
EDGE 912 913
EDGE 913 914
EDGE 914 915
EDGE 915 916
EDGE 917 918
EDGE 918 919
EDGE 919 920
EDGE 920 921
EDGE 921 922
EDGE 922 923
EDGE 924 925
EDGE 925 926
EDGE 926 927
EDGE 927 928
EDGE 929 930
EDGE 930 931
EDGE 931 932
EDGE 933 934
EDGE 934 935
EDGE 935 936
EDGE 936 937
EDGE 937 938
EDGE 938 939
EDGE 939 940
EDGE 940 941
EDGE 941 942
EDGE 942 943
EDGE 943 944
EDGE 944 945
EDGE 945 946
EDGE 946 947
EDGE 947 948
EDGE 948 949
EDGE 949 950
EDGE 950 951
EDGE 951 952
EDGE 952 953
EDGE 953 954
EDGE 954 955
EDGE 955 956
EDGE 956 957
EDGE 957 958
EDGE 958 959
EDGE 959 960
EDGE 960 961
EDGE 961 962
EDGE 962 963
EDGE 963 964
EDGE 964 965
EDGE 965 966
EDGE 966 967
EDGE 967 968
EDGE 968 969
EDGE 969 970
EDGE 970 971
EDGE 971 972
EDGE 972 973
EDGE 973 974
EDGE 974 975
EDGE 975 976
EDGE 976 977
EDGE 977 978
EDGE 978 979
EDGE 979 980
EDGE 980 981
EDGE 981 982
EDGE 982 983
EDGE 983 984
EDGE 984 985
EDGE 985 986
EDGE 986 987
EDGE 987 988
EDGE 988 989
EDGE 989 990
EDGE 990 991
EDGE 991 992
EDGE 992 993
EDGE 993 994
EDGE 994 995
EDGE 995 996
EDGE 996 997
EDGE 997 998
EDGE 998 999
EDGE 999 1000
EDGE 1000 1001
EDGE 1001 1002
EDGE 1002 1003
EDGE 1003 1004
EDGE 1004 1005
EDGE 1005 1006
EDGE 1006 1007
EDGE 1007 1008
EDGE 1008 1009
EDGE 1009 1010
EDGE 1010 1011
EDGE 1011 1012
EDGE 1012 1013
EDGE 1013 1014
EDGE 1014 1015
EDGE 1015 1016
EDGE 1016 1017
EDGE 1017 1018
EDGE 1018 1019
EDGE 1019 1020
EDGE 1020 1021
EDGE 1021 1022
EDGE 1022 1023
EDGE 1023 1024
EDGE 1024 1025
EDGE 1025 1026
EDGE 1026 1027
EDGE 1027 1028
EDGE 1028 1029
EDGE 1029 1030
EDGE 1030 1031
EDGE 1031 1032
EDGE 1032 1033
EDGE 1033 1034
EDGE 1034 1035
EDGE 1035 1036
EDGE 1036 1037
EDGE 1037 1038
EDGE 1038 1039
EDGE 1039 1040
EDGE 1040 1041
EDGE 1041 1042
EDGE 1042 1043
EDGE 1043 1044
EDGE 1044 1045
EDGE 1045 1046
EDGE 1046 1047
EDGE 1047 1048
EDGE 1048 1049
EDGE 1049 1050
EDGE 1050 1051
EDGE 1051 1052
EDGE 1052 1053
EDGE 1053 1054
EDGE 1054 1055
EDGE 1055 1056
EDGE 1056 1057
EDGE 1057 1058
EDGE 1058 1059
EDGE 1059 1060
EDGE 1060 1061
EDGE 1061 1062
EDGE 1062 1063
EDGE 1063 1064
EDGE 1064 1065
EDGE 1065 1066
EDGE 1066 1067
EDGE 1067 1068
EDGE 1068 1069
EDGE 1069 1070
EDGE 1070 1071
EDGE 1071 1072
EDGE 1072 1073
EDGE 1073 1074
EDGE 1074 1075
EDGE 1075 1076
EDGE 1076 1077
EDGE 1077 1078
EDGE 1078 1079
EDGE 1079 1080
EDGE 1080 1081
EDGE 1081 1082
EDGE 1082 1083
EDGE 1083 1084
EDGE 1084 1085
EDGE 1085 1086
EDGE 1087 1088
EDGE 1088 1089
EDGE 1089 1090
EDGE 1090 1091
EDGE 1092 1093
EDGE 1093 1094
EDGE 1094 1095
EDGE 1095 1096
EDGE 1096 1097
EDGE 1097 1098
EDGE 1099 1100
EDGE 1100 1101
EDGE 1101 1102
EDGE 1102 1103
EDGE 1103 1104
EDGE 1104 1105
EDGE 1093 1105
EDGE 1093 1106
EDGE 1106 1107
EDGE 1108 1109
EDGE 1109 1110
EDGE 1110 1111
EDGE 1111 1112
EDGE 1113 1114
EDGE 1114 1115
EDGE 1115 1116
EDGE 1116 1117
EDGE 1117 1118
EDGE 1118 1119
EDGE 1109 1119
EDGE 1109 1120
EDGE 1120 1121
EDGE 1121 1122
EDGE 1122 1123
EDGE 1123 1124
EDGE 1124 1125
EDGE 1126 1127
EDGE 1127 1128
EDGE 1129 1130
EDGE 1130 1131
EDGE 1131 1132
EDGE 1132 1133
EDGE 1133 1134
EDGE 1134 1135
EDGE 1135 1136
EDGE 1137 1138
EDGE 1138 1139
EDGE 1140 1141
EDGE 1141 1142
EDGE 1142 1143
EDGE 1143 1144
EDGE 1144 1145
EDGE 1146 1147
EDGE 1147 1148
EDGE 1149 1150
EDGE 1150 1151
EDGE 1151 1152
EDGE 1153 1154
EDGE 1154 1155
EDGE 1156 1157
EDGE 1157 1158
EDGE 1158 1159
EDGE 1159 1160
EDGE 1161 1162
EDGE 1162 1163
EDGE 1163 1164
EDGE 1165 1166
EDGE 1166 1167
EDGE 1167 1168
EDGE 1168 1169
EDGE 1169 1170
EDGE 1170 1171
EDGE 1172 1173
EDGE 1173 1174
EDGE 1174 1175
EDGE 1175 1176
EDGE 1176 1177
EDGE 1177 1178
EDGE 1178 1179
EDGE 1179 1180
EDGE 1180 1181
EDGE 1181 1182
EDGE 1183 1184
EDGE 1184 1185
EDGE 1185 1186
EDGE 1187 1188
EDGE 1188 1189
EDGE 1189 1190
EDGE 1190 1191
EDGE 1191 1192
EDGE 1193 1194
EDGE 1194 1195
EDGE 1195 1196
EDGE 1196 1197
EDGE 1197 1198
EDGE 1198 1199
EDGE 1200 1201
EDGE 1201 1202
EDGE 1202 1203
EDGE 1203 1204
EDGE 1204 1205
EDGE 1206 1207
EDGE 1207 1208
EDGE 1208 1209
EDGE 1209 1210
EDGE 1210 1211
EDGE 1211 1212
EDGE 1212 1213
EDGE 1213 1214
EDGE 1214 1215
EDGE 1215 1216
EDGE 1216 1217
EDGE 1217 1218
EDGE 1218 1219
EDGE 1219 1220
EDGE 1220 1221
EDGE 1221 1222
EDGE 1222 1223
EDGE 1223 1224
EDGE 1224 1225
EDGE 1225 1226
EDGE 1227 1228
EDGE 1228 1229
EDGE 1229 1230
EDGE 1231 1232
EDGE 1232 1233
EDGE 1233 1234
EDGE 1234 1235
EDGE 1235 1236
EDGE 1236 1237
EDGE 1237 1238
EDGE 1238 1239
EDGE 1239 1240
EDGE 1240 1241
EDGE 234 1241
EDGE 215 234
EDGE 215 1242
EDGE 1242 1243
EDGE 1243 1244
EDGE 1244 1245
EDGE 830 1245
EDGE 830 1246
EDGE 1246 1247
EDGE 1247 1248
EDGE 1248 1249
EDGE 1250 1251
EDGE 1251 1252
EDGE 1252 1253
EDGE 1253 1254
EDGE 1254 1255
EDGE 1255 1256
EDGE 1256 1257
EDGE 1257 1258
EDGE 447 1258
EDGE 447 1259
EDGE 1259 1260
EDGE 1260 1261
EDGE 1261 1262
EDGE 1262 1263
EDGE 1263 1264
EDGE 1264 1265
EDGE 1265 1266
EDGE 1266 1267
EDGE 1267 1268
EDGE 1268 1269
EDGE 1269 1270
EDGE 1270 1271
EDGE 1271 1272
EDGE 1272 1273
EDGE 1273 1274
EDGE 1274 1275
EDGE 1275 1276
EDGE 1276 1277
EDGE 1277 1278
EDGE 1278 1279
EDGE 1279 1280
EDGE 1280 1281
EDGE 1281 1282
EDGE 1282 1283
EDGE 1283 1284
EDGE 1284 1285
EDGE 1285 1286
EDGE 1286 1287
EDGE 1287 1288
EDGE 1288 1289
EDGE 1289 1290
EDGE 1290 1291
EDGE 1291 1292
EDGE 1292 1293
EDGE 1293 1294
EDGE 1294 1295
EDGE 1295 1296
EDGE 1296 1297
EDGE 1297 1298
EDGE 1298 1299
EDGE 1299 1300
EDGE 1300 1301
EDGE 1301 1302
EDGE 1302 1303
EDGE 1303 1304
EDGE 1304 1305
EDGE 1305 1306
EDGE 1306 1307
EDGE 1307 1308
EDGE 1308 1309
EDGE 605 1309
EDGE 571 605
EDGE 568 571
EDGE 568 607
EDGE 608 608
EDGE 608 1310
EDGE 609 1310
EDGE 609 1311
EDGE 1311 1312
EDGE 1312 1313
EDGE 1313 1314
EDGE 1314 1315
EDGE 1315 1316
EDGE 1316 1317
EDGE 1317 1318
EDGE 1318 1319
EDGE 1319 1320
EDGE 1320 1321
EDGE 1321 1322
EDGE 1322 1323
EDGE 1323 1324
EDGE 1325 1326
EDGE 1326 1327
EDGE 1327 1328
EDGE 1328 1329
EDGE 1330 1331
EDGE 1331 1332
EDGE 1332 1333
EDGE 1333 1334
EDGE 1334 1335
EDGE 1335 1336
EDGE 1336 1337
EDGE 1338 1339
EDGE 1339 1340
EDGE 1340 1341
EDGE 1342 1343
EDGE 1343 1344
EDGE 1344 1345
EDGE 1345 1346
EDGE 1346 1347
EDGE 1348 1349
EDGE 1349 1350
EDGE 1350 1351
EDGE 1351 1352
EDGE 1352 1353
EDGE 1354 1355
EDGE 1355 1356
EDGE 1356 1357
EDGE 1358 1359
EDGE 1359 1360
EDGE 1360 1361
EDGE 1362 1363
EDGE 1363 1364
EDGE 1364 1365
EDGE 1365 1366
EDGE 1366 1367
EDGE 1367 1368
EDGE 1369 1370
EDGE 1370 1371
EDGE 1371 1372
EDGE 1373 1374
EDGE 1374 1375
EDGE 1375 1376
EDGE 1376 1377
EDGE 1377 1378
EDGE 1378 1379
EDGE 1379 1380
EDGE 1381 1382
EDGE 1382 1383
EDGE 1383 1384
EDGE 1384 1385
EDGE 1385 1386
EDGE 1386 1387
EDGE 1387 1388
EDGE 1388 1389
EDGE 1389 1390
EDGE 1390 1391
EDGE 1392 1393
EDGE 1393 1394
EDGE 1394 1395
EDGE 1396 1397
EDGE 1397 1398
EDGE 1398 1399
EDGE 1399 1400
EDGE 1400 1401
EDGE 1402 1403
EDGE 1403 1404
EDGE 1404 1405
EDGE 1405 1406
EDGE 1406 1407
EDGE 1407 1408
EDGE 1408 1409
EDGE 1409 1410
EDGE 1410 1411
EDGE 1411 1412
EDGE 1412 1413
EDGE 1413 1414
EDGE 1415 1416
EDGE 1416 1417
EDGE 1417 1418
EDGE 1419 1420
EDGE 1420 1421
EDGE 1421 1422
EDGE 1422 1423
EDGE 1423 1424
EDGE 1424 1425
EDGE 1425 1426
EDGE 1427 1428
EDGE 1428 1429
EDGE 1429 1430
EDGE 1431 1432
EDGE 1432 1433
EDGE 1433 1434
EDGE 1434 1435
EDGE 1436 1437
EDGE 1437 1438
EDGE 1439 1440
EDGE 1440 1441
EDGE 1441 1442
EDGE 1442 1443
EDGE 1444 1445
EDGE 1445 1446
EDGE 1446 1447
EDGE 1447 1448
EDGE 1448 1449
EDGE 1449 1450
EDGE 3 6
EDGE 6 8
EDGE 3 8
EDGE 8 10
EDGE 6 10
EDGE 3 10
EDGE 10 13
EDGE 8 13
EDGE 6 13
EDGE 13 16
EDGE 10 16
EDGE 8 16
EDGE 16 18
EDGE 13 18
EDGE 10 18
EDGE 18 20
EDGE 16 20
EDGE 13 20
EDGE 20 23
EDGE 18 23
EDGE 16 23
EDGE 23 25
EDGE 20 25
EDGE 18 25
EDGE 25 27
EDGE 23 27
EDGE 20 27
EDGE 13 31
EDGE 10 31
EDGE 8 31
EDGE 6 31
EDGE 13 33
EDGE 10 33
EDGE 8 33
EDGE 6 33
EDGE 33 35
EDGE 35 37
EDGE 33 37
EDGE 37 39
EDGE 35 39
EDGE 39 41
EDGE 37 41
EDGE 35 41
EDGE 41 43
EDGE 39 43
EDGE 43 45
EDGE 41 45
EDGE 45 47
EDGE 43 47
EDGE 53 55
EDGE 55 57
EDGE 53 57
EDGE 57 59
EDGE 55 59
EDGE 59 61
EDGE 57 61
EDGE 61 63
EDGE 59 63
EDGE 63 65
EDGE 61 65
EDGE 65 67
EDGE 63 67
EDGE 67 69
EDGE 65 69
EDGE 67 71
EDGE 69 71
EDGE 57 76
EDGE 55 76
EDGE 53 76
EDGE 50 74
EDGE 57 79
EDGE 55 79
EDGE 76 79
EDGE 53 79
EDGE 57 82
EDGE 55 82
EDGE 79 82
EDGE 76 82
EDGE 53 82
EDGE 82 85
EDGE 79 85
EDGE 85 88
EDGE 82 88
EDGE 88 90
EDGE 85 90
EDGE 90 93
EDGE 88 93
EDGE 93 95
EDGE 90 95
EDGE 88 95
EDGE 95 97
EDGE 93 97
EDGE 90 97
EDGE 97 99
EDGE 95 99
EDGE 93 99
EDGE 99 101
EDGE 97 101
EDGE 95 101
EDGE 107 110
EDGE 110 113
EDGE 107 113
EDGE 113 115
EDGE 110 115
EDGE 115 117
EDGE 113 117
EDGE 117 119
EDGE 115 119
EDGE 119 122
EDGE 117 122
EDGE 122 125
EDGE 119 125
EDGE 125 127
EDGE 122 127
EDGE 132 135
EDGE 135 137
EDGE 132 137
EDGE 135 140
EDGE 132 140
EDGE 137 140
EDGE 135 142
EDGE 140 142
EDGE 137 142
EDGE 135 144
EDGE 142 144
EDGE 140 144
EDGE 137 144
EDGE 144 146
EDGE 142 146
EDGE 140 146
EDGE 137 146
EDGE 146 148
EDGE 144 148
EDGE 142 148
EDGE 140 148
EDGE 148 151
EDGE 146 154
EDGE 144 154
EDGE 142 154
EDGE 140 154
EDGE 137 154
EDGE 148 154
EDGE 142 156
EDGE 140 156
EDGE 137 156
EDGE 148 156
EDGE 146 156
EDGE 154 156
EDGE 144 156
EDGE 137 158
EDGE 148 158
EDGE 146 158
EDGE 154 158
EDGE 144 158
EDGE 156 158
EDGE 142 158
EDGE 140 158
EDGE 146 160
EDGE 154 160
EDGE 144 160
EDGE 156 160
EDGE 158 160
EDGE 142 160
EDGE 140 160
EDGE 137 160
EDGE 156 162
EDGE 158 162
EDGE 160 162
EDGE 158 164
EDGE 160 164
EDGE 162 164
EDGE 160 166
EDGE 162 166
EDGE 164 166
EDGE 164 168
EDGE 166 168
EDGE 166 170
EDGE 168 170
EDGE 132 174
EDGE 130 174
EDGE 130 178
EDGE 178 180
EDGE 178 182
EDGE 180 182
EDGE 180 185
EDGE 182 185
EDGE 182 187
EDGE 185 187
EDGE 185 189
EDGE 187 189
EDGE 187 191
EDGE 189 191
EDGE 196 200
EDGE 196 204
EDGE 200 204
EDGE 200 206
EDGE 204 206
EDGE 204 208
EDGE 206 208
EDGE 206 210
EDGE 208 210
EDGE 208 212
EDGE 210 212
EDGE 216 219
EDGE 216 221
EDGE 219 221
EDGE 216 223
EDGE 219 223
EDGE 221 223
EDGE 219 225
EDGE 221 225
EDGE 223 225
EDGE 216 231
EDGE 216 233
EDGE 229 231
EDGE 216 236
EDGE 229 233
EDGE 231 233
EDGE 219 236
EDGE 233 236
EDGE 229 236
EDGE 231 236
EDGE 219 238
EDGE 216 238
EDGE 236 238
EDGE 233 238
EDGE 231 238
EDGE 238 240
EDGE 216 240
EDGE 236 240
EDGE 233 240
EDGE 240 242
EDGE 238 242
EDGE 236 242
EDGE 242 244
EDGE 240 244
EDGE 238 244
EDGE 244 246
EDGE 242 246
EDGE 240 246
EDGE 244 248
EDGE 242 248
EDGE 246 248
EDGE 244 251
EDGE 248 251
EDGE 246 251
EDGE 251 253
EDGE 248 253
EDGE 253 255
EDGE 251 255
EDGE 255 257
EDGE 253 257
EDGE 257 259
EDGE 255 259
EDGE 259 261
EDGE 257 261
EDGE 259 263
EDGE 261 263
EDGE 263 265
EDGE 261 265
EDGE 265 269
EDGE 263 269
EDGE 261 269
EDGE 269 271
EDGE 265 271
EDGE 263 271
EDGE 271 273
EDGE 269 273
EDGE 265 273
EDGE 273 275
EDGE 271 275
EDGE 269 275
EDGE 275 277
EDGE 273 277
EDGE 277 279
EDGE 275 279
EDGE 279 281
EDGE 277 281
EDGE 286 288
EDGE 288 290
EDGE 286 290
EDGE 290 292
EDGE 288 292
EDGE 286 292
EDGE 292 295
EDGE 290 295
EDGE 288 295
EDGE 286 295
EDGE 295 300
EDGE 292 300
EDGE 290 300
EDGE 288 300
EDGE 292 302
EDGE 290 302
EDGE 288 302
EDGE 286 302
EDGE 295 302
EDGE 300 302
EDGE 290 304
EDGE 288 304
EDGE 286 304
EDGE 295 304
EDGE 292 304
EDGE 300 304
EDGE 302 304
EDGE 288 306
EDGE 286 306
EDGE 295 306
EDGE 292 306
EDGE 300 306
EDGE 290 306
EDGE 302 306
EDGE 304 306
EDGE 286 308
EDGE 295 308
EDGE 292 308
EDGE 300 308
EDGE 290 308
EDGE 302 308
EDGE 288 308
EDGE 304 308
EDGE 306 308
EDGE 314 316
EDGE 314 318
EDGE 316 318
EDGE 316 320
EDGE 318 320
EDGE 318 322
EDGE 320 322
EDGE 322 324
EDGE 318 324
EDGE 320 324
EDGE 324 327
EDGE 322 327
EDGE 320 327
EDGE 327 330
EDGE 324 330
EDGE 322 330
EDGE 330 332
EDGE 327 332
EDGE 324 332
EDGE 332 334
EDGE 330 334
EDGE 327 334
EDGE 334 336
EDGE 332 336
EDGE 330 336
EDGE 327 336
EDGE 342 345
EDGE 342 348
EDGE 345 348
EDGE 345 350
EDGE 348 350
EDGE 348 352
EDGE 350 352
EDGE 350 355
EDGE 352 355
EDGE 352 358
EDGE 355 358
EDGE 355 361
EDGE 358 361
EDGE 358 363
EDGE 361 363
EDGE 361 366
EDGE 363 366
EDGE 363 368
EDGE 366 368
EDGE 336 339
EDGE 334 339
EDGE 332 339
EDGE 330 339
EDGE 286 375
EDGE 284 375
EDGE 312 371
EDGE 314 371
EDGE 316 371
EDGE 318 371
EDGE 288 378
EDGE 286 378
EDGE 284 378
EDGE 308 378
EDGE 311 378
EDGE 290 380
EDGE 288 380
EDGE 304 380
EDGE 286 380
EDGE 306 380
EDGE 284 380
EDGE 308 380
EDGE 311 380
EDGE 375 378
EDGE 295 382
EDGE 292 382
EDGE 290 382
EDGE 302 382
EDGE 288 382
EDGE 304 382
EDGE 286 382
EDGE 306 382
EDGE 308 382
EDGE 378 380
EDGE 375 380
EDGE 295 384
EDGE 292 384
EDGE 300 384
EDGE 290 384
EDGE 302 384
EDGE 288 384
EDGE 304 384
EDGE 306 384
EDGE 380 382
EDGE 378 382
EDGE 375 382
EDGE 286 384
EDGE 382 384
EDGE 380 384
EDGE 308 384
EDGE 378 384
EDGE 297 387
EDGE 295 387
EDGE 292 387
EDGE 300 387
EDGE 302 387
EDGE 298 389
EDGE 387 389
EDGE 389 393
EDGE 387 393
EDGE 132 404
EDGE 140 404
EDGE 137 404
EDGE 135 404
EDGE 178 404
EDGE 407 409
EDGE 407 411
EDGE 409 411
EDGE 409 413
EDGE 411 413
EDGE 411 415
EDGE 413 415
EDGE 415 417
EDGE 411 417
EDGE 413 417
EDGE 417 419
EDGE 415 419
EDGE 413 419
EDGE 419 421
EDGE 417 421
EDGE 415 421
EDGE 421 423
EDGE 419 423
EDGE 417 423
EDGE 423 425
EDGE 421 425
EDGE 419 425
EDGE 423 427
EDGE 421 427
EDGE 419 427
EDGE 425 427
EDGE 132 433
EDGE 130 431
EDGE 140 433
EDGE 137 433
EDGE 135 433
EDGE 174 431
EDGE 404 433
EDGE 178 431
EDGE 140 436
EDGE 137 436
EDGE 135 436
EDGE 174 433
EDGE 178 433
EDGE 132 436
EDGE 433 436
EDGE 142 439
EDGE 140 439
EDGE 137 439
EDGE 174 436
EDGE 404 436
EDGE 135 439
EDGE 436 439
EDGE 132 439
EDGE 433 439
EDGE 164 442
EDGE 404 439
EDGE 166 442
EDGE 168 442
EDGE 170 442
EDGE 170 444
EDGE 166 444
EDGE 168 444
EDGE 442 444
EDGE 166 173
EDGE 168 173
EDGE 170 173
EDGE 173 444
EDGE 173 442
EDGE 168 447
EDGE 170 447
EDGE 173 447
EDGE 444 447
EDGE 442 447
EDGE 423 453
EDGE 421 453
EDGE 419 453
EDGE 427 451
EDGE 425 453
EDGE 421 456
EDGE 419 456
EDGE 417 456
EDGE 427 453
EDGE 423 456
EDGE 427 456
EDGE 425 456
EDGE 453 456
EDGE 421 459
EDGE 419 459
EDGE 427 459
EDGE 425 459
EDGE 453 459
EDGE 423 459
EDGE 456 459
EDGE 459 461
EDGE 450 463
EDGE 456 461
EDGE 459 463
EDGE 461 463
EDGE 450 465
EDGE 461 465
EDGE 463 465
EDGE 450 469
EDGE 463 469
EDGE 465 469
EDGE 475 477
EDGE 475 479
EDGE 477 479
EDGE 477 481
EDGE 479 481
EDGE 479 483
EDGE 481 483
EDGE 483 485
EDGE 479 485
EDGE 481 485
EDGE 485 488
EDGE 483 488
EDGE 481 488
EDGE 488 491
EDGE 485 491
EDGE 483 491
EDGE 491 493
EDGE 488 493
EDGE 485 493
EDGE 493 495
EDGE 491 495
EDGE 488 495
EDGE 495 497
EDGE 493 497
EDGE 491 497
EDGE 488 497
EDGE 495 503
EDGE 493 503
EDGE 491 503
EDGE 488 503
EDGE 497 503
EDGE 491 506
EDGE 488 506
EDGE 485 506
EDGE 497 506
EDGE 495 506
EDGE 503 506
EDGE 493 506
EDGE 495 509
EDGE 503 509
EDGE 493 509
EDGE 506 509
EDGE 491 509
EDGE 488 509
EDGE 506 511
EDGE 509 511
EDGE 509 513
EDGE 511 513
EDGE 511 515
EDGE 513 515
EDGE 513 518
EDGE 515 518
EDGE 524 526
EDGE 524 529
EDGE 526 529
EDGE 526 531
EDGE 529 531
EDGE 529 533
EDGE 531 533
EDGE 533 535
EDGE 529 535
EDGE 531 535
EDGE 535 537
EDGE 533 537
EDGE 531 537
EDGE 537 539
EDGE 535 539
EDGE 533 539
EDGE 539 541
EDGE 537 541
EDGE 535 541
EDGE 541 543
EDGE 539 543
EDGE 537 543
EDGE 543 546
EDGE 541 546
EDGE 539 546
EDGE 537 546
EDGE 546 550
EDGE 543 552
EDGE 541 552
EDGE 539 552
EDGE 537 552
EDGE 546 552
EDGE 539 555
EDGE 537 555
EDGE 535 555
EDGE 546 555
EDGE 543 555
EDGE 552 555
EDGE 541 555
EDGE 543 559
EDGE 552 559
EDGE 541 559
EDGE 555 559
EDGE 539 559
EDGE 537 559
EDGE 555 561
EDGE 559 561
EDGE 559 563
EDGE 561 563
EDGE 561 566
EDGE 563 566
EDGE 563 569
EDGE 566 569
EDGE 574 577
EDGE 574 580
EDGE 577 580
EDGE 577 582
EDGE 580 582
EDGE 580 584
EDGE 582 584
EDGE 582 586
EDGE 584 586
EDGE 584 589
EDGE 586 589
EDGE 513 599
EDGE 515 599
EDGE 571 606
EDGE 586 591
EDGE 589 591
EDGE 614 618
EDGE 618 620
EDGE 614 620
EDGE 620 623
EDGE 618 623
EDGE 623 626
EDGE 620 626
EDGE 626 628
EDGE 623 628
EDGE 628 630
EDGE 626 630
EDGE 630 633
EDGE 628 633
EDGE 633 635
EDGE 630 635
EDGE 633 637
EDGE 635 637
EDGE 620 644
EDGE 618 644
EDGE 614 644
EDGE 620 646
EDGE 618 646
EDGE 644 646
EDGE 614 646
EDGE 646 649
EDGE 644 649
EDGE 620 649
EDGE 618 649
EDGE 614 649
EDGE 649 651
EDGE 646 651
EDGE 651 654
EDGE 649 654
EDGE 654 656
EDGE 651 656
EDGE 656 659
EDGE 654 659
EDGE 659 662
EDGE 656 662
EDGE 662 664
EDGE 659 664
EDGE 669 672
EDGE 672 674
EDGE 669 674
EDGE 674 676
EDGE 672 676
EDGE 676 679
EDGE 674 679
EDGE 679 682
EDGE 676 682
EDGE 682 684
EDGE 679 684
EDGE 684 686
EDGE 682 686
EDGE 686 688
EDGE 684 688
EDGE 674 693
EDGE 672 693
EDGE 669 693
EDGE 674 695
EDGE 672 695
EDGE 693 695
EDGE 669 695
EDGE 674 697
EDGE 672 697
EDGE 695 697
EDGE 693 697
EDGE 669 697
EDGE 697 699
EDGE 695 699
EDGE 699 701
EDGE 697 701
EDGE 701 703
EDGE 699 703
EDGE 703 705
EDGE 701 705
EDGE 705 707
EDGE 703 707
EDGE 707 709
EDGE 705 709
EDGE 707 711
EDGE 709 711
EDGE 716 718
EDGE 718 720
EDGE 716 720
EDGE 720 722
EDGE 718 722
EDGE 722 724
EDGE 720 724
EDGE 724 726
EDGE 722 726
EDGE 726 728
EDGE 724 728
EDGE 728 730
EDGE 726 730
EDGE 730 732
EDGE 728 732
EDGE 730 734
EDGE 732 734
EDGE 714 718
EDGE 714 716
EDGE 572 574
EDGE 572 577
EDGE 672 742
EDGE 695 742
EDGE 669 742
EDGE 693 742
EDGE 691 742
EDGE 667 695
EDGE 546 746
EDGE 550 746
EDGE 667 669
EDGE 667 693
EDGE 667 691
EDGE 543 746
EDGE 552 746
EDGE 541 746
EDGE 539 746
EDGE 555 746
EDGE 612 646
EDGE 612 644
EDGE 612 618
EDGE 612 614
EDGE 640 644
EDGE 618 640
EDGE 614 640
EDGE 612 640
EDGE 500 753
EDGE 497 753
EDGE 498 753
EDGE 495 753
EDGE 503 753
EDGE 493 753
EDGE 491 753
EDGE 506 753
EDGE 113 756
EDGE 110 756
EDGE 107 756
EDGE 113 760
EDGE 110 760
EDGE 756 760
EDGE 107 760
EDGE 113 762
EDGE 110 762
EDGE 756 762
EDGE 107 762
EDGE 760 762
EDGE 762 766
EDGE 760 766
EDGE 766 769
EDGE 762 769
EDGE 769 771
EDGE 766 771
EDGE 771 774
EDGE 769 774
EDGE 774 777
EDGE 771 777
EDGE 777 779
EDGE 774 779
EDGE 777 781
EDGE 779 781
EDGE 754 760
EDGE 110 754
EDGE 107 754
EDGE 754 756
EDGE 104 760
EDGE 104 107
EDGE 104 754
EDGE 104 756
EDGE 423 789
EDGE 421 789
EDGE 456 789
EDGE 430 789
EDGE 427 789
EDGE 451 789
EDGE 425 789
EDGE 453 789
EDGE 79 790
EDGE 55 790
EDGE 76 790
EDGE 53 790
EDGE 74 790
EDGE 148 152
EDGE 146 152
EDGE 152 154
EDGE 152 156
EDGE 144 152
EDGE 152 158
EDGE 142 152
EDGE 140 152
EDGE 35 809
EDGE 33 809
EDGE 13 809
EDGE 10 809
EDGE 8 809
EDGE 6 809
EDGE 150 810
EDGE 148 810
EDGE 151 810
EDGE 146 810
EDGE 144 810
EDGE 810 816
EDGE 150 819
EDGE 148 819
EDGE 151 819
EDGE 146 819
EDGE 154 819
EDGE 156 819
EDGE 144 819
EDGE 393 824
EDGE 389 824
EDGE 298 824
EDGE 387 824
EDGE 339 825
EDGE 336 825
EDGE 334 825
EDGE 332 825
EDGE 330 825
EDGE 196 853
EDGE 200 852
EDGE 204 851
EDGE 206 850
EDGE 796 829
EDGE 257 841
EDGE 255 840
EDGE 253 838
EDGE 251 836
EDGE 248 834
EDGE 242 831
EDGE 240 833
EDGE 238 835
EDGE 236 837
EDGE 261 841
EDGE 259 842
EDGE 208 849
EDGE 210 848
EDGE 212 847
EDGE 216 830
EDGE 246 832
EDGE 244 831
EDGE 233 839
EDGE 231 843
EDGE 214 845
EDGE 229 844
EDGE 217 829
EDGE 219 829
EDGE 221 829
EDGE 223 829
EDGE 225 829
EDGE 794 859
EDGE 795 869
EDGE 216 869
EDGE 829 869
EDGE 219 869
EDGE 221 869
EDGE 223 869
EDGE 225 869
EDGE 227 869
EDGE 865 867
EDGE 858 869
EDGE 821 880
EDGE 277 870
EDGE 275 870
EDGE 279 870
EDGE 281 870
EDGE 273 870
EDGE 393 880
EDGE 389 880
EDGE 387 880
EDGE 295 880
EDGE 294 880
EDGE 300 880
EDGE 384 878
EDGE 292 880
EDGE 302 880
EDGE 290 879
EDGE 288 876
EDGE 382 874
EDGE 304 879
EDGE 286 874
EDGE 380 872
EDGE 306 877
EDGE 378 871
EDGE 308 875
EDGE 375 870
EDGE 800 880
EDGE 259 870
EDGE 257 870
EDGE 255 870
EDGE 253 870
EDGE 251 870
EDGE 271 870
EDGE 269 870
EDGE 265 870
EDGE 263 870
EDGE 261 870
EDGE 374 870
EDGE 248 870
EDGE 8 881
EDGE 6 881
EDGE 3 881
EDGE 0 881
EDGE 824 884
EDGE 273 884
EDGE 393 884
EDGE 392 884
EDGE 389 884
EDGE 297 884
EDGE 295 884
EDGE 880 884
EDGE 298 884
EDGE 387 884
EDGE 292 884
EDGE 300 884
EDGE 290 884
EDGE 302 884
EDGE 288 884
EDGE 384 884
EDGE 304 884
EDGE 286 884
EDGE 382 884
EDGE 306 884
EDGE 380 884
EDGE 308 884
EDGE 378 884
EDGE 805 881
EDGE 271 884
EDGE 269 884
EDGE 267 884
EDGE 265 884
EDGE 263 884
EDGE 261 884
EDGE 375 884
EDGE 3 893
EDGE 0 893
EDGE 883 893
EDGE 824 888
EDGE 394 885
EDGE 393 885
EDGE 389 885
EDGE 297 893
EDGE 295 893
EDGE 880 893
EDGE 298 890
EDGE 387 886
EDGE 292 893
EDGE 300 891
EDGE 290 893
EDGE 302 892
EDGE 288 893
EDGE 384 893
EDGE 304 891
EDGE 286 893
EDGE 382 893
EDGE 306 890
EDGE 380 893
EDGE 308 889
EDGE 378 893
EDGE 804 893
EDGE 271 893
EDGE 269 893
EDGE 265 893
EDGE 263 887
EDGE 375 893
EDGE 0 899
EDGE 884 898
EDGE 885 896
EDGE 823 899
EDGE 273 899
EDGE 395 894
EDGE 393 897
EDGE 389 899
EDGE 297 899
EDGE 295 899
EDGE 880 899
EDGE 298 899
EDGE 387 899
EDGE 292 899
EDGE 300 899
EDGE 290 899
EDGE 302 899
EDGE 288 899
EDGE 384 899
EDGE 304 899
EDGE 286 899
EDGE 382 899
EDGE 306 899
EDGE 380 899
EDGE 308 899
EDGE 378 899
EDGE 803 899
EDGE 271 899
EDGE 269 899
EDGE 268 899
EDGE 265 899
EDGE 263 899
EDGE 261 899
EDGE 375 899
EDGE 884 904
EDGE 885 903
EDGE 894 901
EDGE 824 904
EDGE 273 904
EDGE 396 900
EDGE 391 904
EDGE 389 904
EDGE 297 904
EDGE 295 904
EDGE 880 904
EDGE 298 904
EDGE 387 904
EDGE 292 904
EDGE 300 904
EDGE 290 904
EDGE 302 904
EDGE 288 904
EDGE 384 904
EDGE 304 904
EDGE 286 904
EDGE 382 904
EDGE 306 904
EDGE 380 904
EDGE 308 904
EDGE 378 904
EDGE 799 904
EDGE 259 904
EDGE 257 904
EDGE 255 904
EDGE 271 904
EDGE 269 904
EDGE 265 904
EDGE 263 904
EDGE 261 904
EDGE 375 904
EDGE 884 910
EDGE 885 908
EDGE 894 906
EDGE 824 911
EDGE 397 905
EDGE 900 909
EDGE 393 911
EDGE 389 911
EDGE 297 911
EDGE 295 911
EDGE 880 911
EDGE 298 911
EDGE 387 911
EDGE 292 911
EDGE 300 911
EDGE 290 911
EDGE 302 911
EDGE 288 911
EDGE 384 911
EDGE 304 911
EDGE 286 911
EDGE 382 911
EDGE 306 911
EDGE 380 911
EDGE 308 911
EDGE 378 911
EDGE 801 911
EDGE 375 911
EDGE 366 912
EDGE 368 912
EDGE 372 916
EDGE 339 912
EDGE 827 912
EDGE 336 912
EDGE 334 912
EDGE 332 912
EDGE 330 912
EDGE 328 912
EDGE 326 912
EDGE 324 912
EDGE 312 916
EDGE 314 916
EDGE 320 913
EDGE 316 916
EDGE 318 915
EDGE 342 923
EDGE 345 923
EDGE 348 923
EDGE 350 923
EDGE 352 923
EDGE 353 923
EDGE 355 922
EDGE 361 919
EDGE 363 917
EDGE 364 917
EDGE 366 917
EDGE 368 917
EDGE 825 917
EDGE 339 917
EDGE 336 917
EDGE 334 917
EDGE 332 917
EDGE 342 928
EDGE 345 928
EDGE 348 928
EDGE 350 928
EDGE 352 928
EDGE 355 928
EDGE 358 928
EDGE 361 928
EDGE 918 928
EDGE 363 928
EDGE 366 927
EDGE 368 926
EDGE 369 924
EDGE 825 924
EDGE 339 924
EDGE 336 924
EDGE 334 924
EDGE 332 924
EDGE 330 924
EDGE 327 924
EDGE 324 924
EDGE 322 924
EDGE 320 924
EDGE 342 932
EDGE 344 932
EDGE 346 932
EDGE 348 932
EDGE 352 930
EDGE 355 929
EDGE 357 929
EDGE 359 929
EDGE 921 929
EDGE 361 929
EDGE 363 929
EDGE 366 929
EDGE 928 929
EDGE 368 929
EDGE 825 929
EDGE 730 1074
EDGE 732 1073
EDGE 728 1076
EDGE 734 1072
EDGE 726 1077
EDGE 724 1079
EDGE 722 1081
EDGE 720 1082
EDGE 718 1083
EDGE 716 1084
EDGE 714 1085
EDGE 690 1071
EDGE 688 1070
EDGE 686 1069
EDGE 684 1068
EDGE 682 1066
EDGE 679 1065
EDGE 676 1064
EDGE 707 1052
EDGE 709 1051
EDGE 705 1053
EDGE 711 1050
EDGE 703 1054
EDGE 701 1055
EDGE 699 1056
EDGE 674 1063
EDGE 697 1057
EDGE 667 1060
EDGE 672 1062
EDGE 695 1058
EDGE 693 1059
EDGE 669 1061
EDGE 742 1060
EDGE 666 1049
EDGE 664 1048
EDGE 662 1047
EDGE 659 1045
EDGE 656 1043
EDGE 654 1042
EDGE 651 1040
EDGE 649 1039
EDGE 646 1038
EDGE 644 1037
EDGE 633 1025
EDGE 635 1024
EDGE 630 1027
EDGE 637 1023
EDGE 628 1028
EDGE 626 1030
EDGE 623 1032
EDGE 620 1033
EDGE 618 1034
EDGE 614 1035
EDGE 129 1022
EDGE 127 1021
EDGE 125 1019
EDGE 122 1018
EDGE 119 1017
EDGE 117 1016
EDGE 777 999
EDGE 779 998
EDGE 774 1001
EDGE 781 997
EDGE 771 1002
EDGE 769 1004
EDGE 766 1006
EDGE 762 1007
EDGE 115 1015
EDGE 113 1014
EDGE 110 1013
EDGE 756 1009
EDGE 107 1012
EDGE 754 1010
EDGE 760 1008
EDGE 101 995
EDGE 99 994
EDGE 97 993
EDGE 95 992
EDGE 93 990
EDGE 90 989
EDGE 88 987
EDGE 67 974
EDGE 69 973
EDGE 65 975
EDGE 71 972
EDGE 63 976
EDGE 85 986
EDGE 61 977
EDGE 59 978
EDGE 82 985
EDGE 57 979
EDGE 79 984
EDGE 55 980
EDGE 76 983
EDGE 53 981
EDGE 49 971
EDGE 790 982
EDGE 47 970
EDGE 45 969
EDGE 43 968
EDGE 41 967
EDGE 39 966
EDGE 37 965
EDGE 612 1036
EDGE 640 1036
EDGE 104 1011
EDGE 25 950
EDGE 23 952
EDGE 27 949
EDGE 20 953
EDGE 18 955
EDGE 35 964
EDGE 16 956
EDGE 33 963
EDGE 13 957
EDGE 10 959
EDGE 8 961
EDGE 6 960
EDGE 3 958
EDGE 340 947
EDGE 342 946
EDGE 345 944
EDGE 348 943
EDGE 809 962
EDGE 350 941
EDGE 352 940
EDGE 355 939
EDGE 932 945
EDGE 358 938
EDGE 923 942
EDGE 361 937
EDGE 363 936
EDGE 366 935
EDGE 928 940
EDGE 368 934
EDGE 948 1091
EDGE 47 1087
EDGE 45 1087
EDGE 43 1087
EDGE 41 1087
EDGE 39 1087
EDGE 37 1087
EDGE 35 1087
EDGE 25 1091
EDGE 23 1091
EDGE 27 1091
EDGE 20 1090
EDGE 18 1088
EDGE 33 1087
EDGE 13 1087
EDGE 31 1087
EDGE 10 1087
EDGE 8 1087
EDGE 6 1087
EDGE 4 1087
EDGE 2 1087
EDGE 881 1087
EDGE 893 1087
EDGE 28 1091
EDGE 808 1087
EDGE 954 1098
EDGE 47 1098
EDGE 45 1098
EDGE 43 1098
EDGE 41 1098
EDGE 39 1098
EDGE 37 1098
EDGE 35 1098
EDGE 23 1098
EDGE 20 1098
EDGE 25 1098
EDGE 18 1098
EDGE 16 1098
EDGE 33 1098
EDGE 14 1098
EDGE 31 1098
EDGE 12 1098
EDGE 10 1098
EDGE 8 1097
EDGE 1087 1095
EDGE 6 1096
EDGE 0 1094
EDGE 881 1092
EDGE 893 1092
EDGE 899 1092
EDGE 820 1092
EDGE 27 1098
EDGE 393 1092
EDGE 389 1092
EDGE 297 1092
EDGE 295 1092
EDGE 880 1092
EDGE 298 1092
EDGE 387 1092
EDGE 292 1092
EDGE 300 1092
EDGE 290 1092
EDGE 302 1092
EDGE 806 1092
EDGE 951 1099
EDGE 47 1099
EDGE 45 1099
EDGE 43 1099
EDGE 41 1099
EDGE 39 1099
EDGE 37 1099
EDGE 35 1100
EDGE 23 1099
EDGE 22 1099
EDGE 25 1099
EDGE 20 1099
EDGE 18 1099
EDGE 33 1101
EDGE 16 1099
EDGE 31 1102
EDGE 13 1099
EDGE 8 1104
EDGE 6 1105
EDGE 1087 1103
EDGE 3 1106
EDGE 0 1107
EDGE 881 1107
EDGE 893 1107
EDGE 899 1107
EDGE 820 1107
EDGE 27 1099
EDGE 807 1107
EDGE 991 1112
EDGE 101 1112
EDGE 99 1112
EDGE 97 1112
EDGE 95 1112
EDGE 93 1112
EDGE 91 1112
EDGE 90 1112
EDGE 88 1111
EDGE 65 1108
EDGE 67 1108
EDGE 63 1108
EDGE 69 1108
EDGE 61 1108
EDGE 82 1109
EDGE 59 1108
EDGE 57 1108
EDGE 80 1108
EDGE 71 1108
EDGE 55 1108
EDGE 78 1108
EDGE 53 1108
EDGE 76 1108
EDGE 52 1108
EDGE 790 1108
EDGE 810 1108
EDGE 816 1108
EDGE 150 1108
EDGE 148 1108
EDGE 151 1108
EDGE 146 1108
EDGE 988 1125
EDGE 101 1125
EDGE 99 1125
EDGE 97 1125
EDGE 95 1125
EDGE 93 1125
EDGE 90 1125
EDGE 88 1125
EDGE 86 1125
EDGE 65 1125
EDGE 67 1125
EDGE 63 1125
EDGE 69 1125
EDGE 61 1124
EDGE 84 1125
EDGE 59 1121
EDGE 57 1120
EDGE 82 1122
EDGE 71 1123
EDGE 55 1118
EDGE 79 1119
EDGE 53 1117
EDGE 74 1115
EDGE 50 1114
EDGE 791 1113
EDGE 813 1113
EDGE 150 1113
EDGE 148 1113
EDGE 151 1113
EDGE 135 1113
EDGE 439 1113
EDGE 436 1113
EDGE 132 1113
EDGE 433 1113
EDGE 146 1113
EDGE 154 1113
EDGE 156 1113
EDGE 144 1113
EDGE 158 1113
EDGE 142 1113
EDGE 160 1113
EDGE 140 1113
EDGE 162 1113
EDGE 137 1113
EDGE 404 1113
EDGE 164 1113
EDGE 166 1113
EDGE 152 1128
EDGE 447 1128
EDGE 811 1128
EDGE 148 1128
EDGE 146 1128
EDGE 154 1128
EDGE 134 1128
EDGE 439 1128
EDGE 436 1128
EDGE 132 1128
EDGE 433 1128
EDGE 144 1128
EDGE 156 1128
EDGE 158 1128
EDGE 142 1128
EDGE 160 1128
EDGE 140 1128
EDGE 162 1128
EDGE 137 1128
EDGE 164 1128
EDGE 135 1128
EDGE 174 1128
EDGE 404 1128
EDGE 178 1128
EDGE 180 1128
EDGE 165 1128
EDGE 166 1128
EDGE 168 1128
EDGE 173 1128
EDGE 170 1128
EDGE 444 1128
EDGE 442 1128
EDGE 440 1128
EDGE 196 1136
EDGE 200 1136
EDGE 201 1136
EDGE 1126 1131
EDGE 196 1137
EDGE 197 1137
EDGE 200 1137
EDGE 204 1137
EDGE 206 1137
EDGE 208 1137
EDGE 210 1137
EDGE 212 1137
EDGE 855 1137
EDGE 185 1137
EDGE 187 1137
EDGE 189 1137
EDGE 191 1137
EDGE 1136 1139
EDGE 196 1145
EDGE 200 1145
EDGE 1139 1143
EDGE 203 1145
EDGE 204 1145
EDGE 206 1145
EDGE 208 1145
EDGE 210 1145
EDGE 212 1145
EDGE 854 1145
EDGE 191 1145
EDGE 1126 1140
EDGE 1132 1140
EDGE 199 1148
EDGE 1139 1148
EDGE 200 1148
EDGE 204 1148
EDGE 206 1148
EDGE 208 1148
EDGE 210 1148
EDGE 212 1148
EDGE 829 1148
EDGE 1126 1146
EDGE 1142 1148
EDGE 1130 1146
EDGE 1139 1152
EDGE 1126 1152
EDGE 1146 1152
EDGE 1140 1152
EDGE 1134 1152
EDGE 1134 1155
EDGE 1151 1155
EDGE 1135 1156
EDGE 1152 1157
EDGE 1155 1158
EDGE 127 1161
EDGE 125 1161
EDGE 124 1161
EDGE 121 1161
EDGE 117 1163
EDGE 115 1164
EDGE 774 1164
EDGE 777 1164
EDGE 771 1164
EDGE 779 1164
EDGE 769 1164
EDGE 766 1164
EDGE 762 1164
EDGE 781 1164
EDGE 760 1164
EDGE 113 1164
EDGE 112 1164
EDGE 110 1164
EDGE 756 1164
EDGE 107 1164
EDGE 754 1164
EDGE 1020 1161
EDGE 104 1164
EDGE 127 1171
EDGE 125 1171
EDGE 122 1171
EDGE 119 1171
EDGE 117 1171
EDGE 115 1171
EDGE 774 1171
EDGE 777 1171
EDGE 771 1171
EDGE 779 1171
EDGE 769 1171
EDGE 766 1171
EDGE 762 1171
EDGE 781 1171
EDGE 760 1171
EDGE 113 1171
EDGE 1164 1171
EDGE 110 1171
EDGE 108 1171
EDGE 754 1168
EDGE 104 1167
EDGE 756 1170
EDGE 1016 1171
EDGE 423 1165
EDGE 421 1165
EDGE 456 1165
EDGE 419 1165
EDGE 417 1165
EDGE 415 1165
EDGE 411 1165
EDGE 413 1165
EDGE 459 1165
EDGE 594 1165
EDGE 461 1165
EDGE 463 1165
EDGE 786 1165
EDGE 430 1165
EDGE 427 1165
EDGE 451 1165
EDGE 425 1165
EDGE 453 1165
EDGE 127 1172
EDGE 125 1173
EDGE 122 1175
EDGE 119 1178
EDGE 117 1179
EDGE 115 1177
EDGE 774 1182
EDGE 777 1182
EDGE 771 1182
EDGE 779 1182
EDGE 769 1182
EDGE 767 1182
EDGE 765 1182
EDGE 781 1182
EDGE 760 1176
EDGE 113 1174
EDGE 1164 1172
EDGE 110 1172
EDGE 107 1172
EDGE 756 1172
EDGE 106 1172
EDGE 754 1172
EDGE 1169 1172
EDGE 757 1172
EDGE 1003 1182
EDGE 104 1172
EDGE 430 1172
EDGE 427 1172
EDGE 451 1172
EDGE 127 1186
EDGE 125 1186
EDGE 122 1186
EDGE 119 1186
EDGE 117 1186
EDGE 115 1186
EDGE 775 1183
EDGE 777 1183
EDGE 773 1183
EDGE 779 1183
EDGE 769 1185
EDGE 766 1186
EDGE 764 1186
EDGE 781 1183
EDGE 762 1186
EDGE 113 1186
EDGE 1164 1186
EDGE 110 1186
EDGE 107 1186
EDGE 756 1186
EDGE 754 1186
EDGE 1171 1186
EDGE 760 1186
EDGE 1181 1186
EDGE 1000 1183
EDGE 104 1186
EDGE 127 1187
EDGE 125 1187
EDGE 122 1187
EDGE 119 1187
EDGE 117 1187
EDGE 115 1187
EDGE 774 1187
EDGE 777 1187
EDGE 771 1187
EDGE 779 1187
EDGE 769 1187
EDGE 766 1187
EDGE 762 1187
EDGE 781 1187
EDGE 760 1187
EDGE 1186 1187
EDGE 113 1187
EDGE 1164 1187
EDGE 110 1187
EDGE 107 1188
EDGE 754 1189
EDGE 104 1190
EDGE 1165 1192
EDGE 758 1187
EDGE 1174 1187
EDGE 1005 1187
EDGE 423 1192
EDGE 421 1192
EDGE 456 1192
EDGE 419 1192
EDGE 417 1192
EDGE 415 1192
EDGE 413 1192
EDGE 459 1192
EDGE 593 1192
EDGE 461 1192
EDGE 463 1192
EDGE 785 1192
EDGE 430 1192
EDGE 427 1192
EDGE 451 1192
EDGE 425 1192
EDGE 453 1192
EDGE 152 1199
EDGE 447 1199
EDGE 810 1199
EDGE 817 1199
EDGE 148 1199
EDGE 146 1199
EDGE 154 1199
EDGE 132 1198
EDGE 437 1199
EDGE 435 1199
EDGE 130 1195
EDGE 433 1197
EDGE 400 1193
EDGE 191 1193
EDGE 144 1199
EDGE 156 1199
EDGE 158 1199
EDGE 142 1199
EDGE 160 1199
EDGE 140 1199
EDGE 137 1199
EDGE 162 1199
EDGE 135 1199
EDGE 176 1193
EDGE 404 1196
EDGE 178 1193
EDGE 180 1193
EDGE 182 1193
EDGE 185 1193
EDGE 187 1193
EDGE 189 1193
EDGE 164 1199
EDGE 166 1199
EDGE 168 1199
EDGE 173 1199
EDGE 170 1199
EDGE 444 1199
EDGE 442 1199
EDGE 439 1199
EDGE 1128 1199
EDGE 152 1200
EDGE 447 1200
EDGE 810 1200
EDGE 816 1200
EDGE 148 1200
EDGE 146 1200
EDGE 154 1200
EDGE 132 1200
EDGE 436 1200
EDGE 433 1200
EDGE 130 1200
EDGE 431 1200
EDGE 400 1200
EDGE 192 1205
EDGE 196 1205
EDGE 1137 1205
EDGE 200 1205
EDGE 204 1205
EDGE 206 1205
EDGE 208 1205
EDGE 210 1205
EDGE 144 1200
EDGE 156 1200
EDGE 158 1200
EDGE 142 1200
EDGE 140 1200
EDGE 160 1200
EDGE 137 1200
EDGE 162 1200
EDGE 135 1200
EDGE 178 1200
EDGE 403 1200
EDGE 180 1200
EDGE 182 1200
EDGE 1193 1200
EDGE 183 1200
EDGE 185 1200
EDGE 187 1201
EDGE 191 1203
EDGE 164 1200
EDGE 166 1200
EDGE 168 1200
EDGE 173 1200
EDGE 170 1200
EDGE 444 1200
EDGE 442 1200
EDGE 439 1200
EDGE 1145 1205
EDGE 810 1226
EDGE 816 1206
EDGE 146 1225
EDGE 132 1215
EDGE 436 1212
EDGE 433 1214
EDGE 130 1217
EDGE 431 1216
EDGE 399 1226
EDGE 193 1206
EDGE 196 1206
EDGE 1137 1206
EDGE 200 1206
EDGE 204 1206
EDGE 206 1206
EDGE 208 1206
EDGE 210 1206
EDGE 212 1206
EDGE 144 1224
EDGE 142 1222
EDGE 140 1220
EDGE 137 1218
EDGE 135 1216
EDGE 178 1222
EDGE 400 1226
EDGE 180 1223
EDGE 182 1221
EDGE 1193 1208
EDGE 185 1219
EDGE 187 1213
EDGE 189 1209
EDGE 1205 1206
EDGE 191 1207
EDGE 439 1210
EDGE 1145 1206
EDGE 810 1227
EDGE 816 1227
EDGE 1206 1228
EDGE 400 1227
EDGE 194 1230
EDGE 196 1230
EDGE 1137 1230
EDGE 200 1230
EDGE 204 1230
EDGE 206 1230
EDGE 208 1230
EDGE 210 1230
EDGE 212 1230
EDGE 856 1230
EDGE 178 1227
EDGE 401 1227
EDGE 180 1227
EDGE 182 1227
EDGE 185 1227
EDGE 187 1227
EDGE 189 1227
EDGE 1204 1227
EDGE 191 1227
EDGE 1144 1230
EDGE 277 1231
EDGE 275 1231
EDGE 279 1231
EDGE 281 1231
EDGE 273 1231
EDGE 904 1231
EDGE 389 1231
EDGE 387 1231
EDGE 295 1231
EDGE 292 1231
EDGE 870 1231
EDGE 300 1231
EDGE 384 1231
EDGE 290 1231
EDGE 302 1231
EDGE 288 1231
EDGE 304 1231
EDGE 286 1231
EDGE 382 1231
EDGE 306 1231
EDGE 284 1231
EDGE 380 1231
EDGE 308 1231
EDGE 378 1231
EDGE 311 1231
EDGE 377 1231
EDGE 797 1231
EDGE 257 1231
EDGE 255 1232
EDGE 253 1233
EDGE 251 1234
EDGE 248 1235
EDGE 242 1238
EDGE 240 1239
EDGE 238 1240
EDGE 236 1241
EDGE 271 1231
EDGE 269 1231
EDGE 265 1231
EDGE 263 1231
EDGE 261 1231
EDGE 259 1231
EDGE 375 1231
EDGE 246 1236
EDGE 244 1237
EDGE 229 1240
EDGE 231 1241
EDGE 216 1242
EDGE 219 1243
EDGE 221 1244
EDGE 223 1245
EDGE 225 1246
EDGE 869 1247
EDGE 860 1249
EDGE 746 1315
EDGE 546 1315
EDGE 543 1316
EDGE 552 1314
EDGE 541 1317
EDGE 555 1313
EDGE 539 1318
EDGE 537 1319
EDGE 559 1312
EDGE 535 1320
EDGE 533 1321
EDGE 524 1324
EDGE 526 1324
EDGE 531 1322
EDGE 527 1324
EDGE 529 1323
EDGE 561 1311
EDGE 563 1310
EDGE 566 608
EDGE 1165 1274
EDGE 518 1286
EDGE 1192 1266
EDGE 421 1272
EDGE 419 1273
EDGE 459 1266
EDGE 417 1275
EDGE 415 1276
EDGE 405 1281
EDGE 407 1280
EDGE 413 1277
EDGE 409 1279
EDGE 411 1278
EDGE 461 1265
EDGE 596 1282
EDGE 463 1263
EDGE 465 1262
EDGE 469 1261
EDGE 152 1250
EDGE 471 1260
EDGE 814 1250
EDGE 148 1250
EDGE 146 1250
EDGE 154 1250
EDGE 135 1250
EDGE 439 1250
EDGE 436 1250
EDGE 132 1250
EDGE 433 1250
EDGE 753 1295
EDGE 497 1295
EDGE 495 1296
EDGE 503 1294
EDGE 493 1297
EDGE 506 1293
EDGE 491 1298
EDGE 488 1299
EDGE 509 1292
EDGE 485 1301
EDGE 483 1303
EDGE 472 1309
EDGE 475 1307
EDGE 481 1304
EDGE 477 1306
EDGE 479 1305
EDGE 511 1290
EDGE 513 1288
EDGE 515 1287
EDGE 520 1285
EDGE 789 1269
EDGE 427 1269
EDGE 425 1270
EDGE 453 1268
EDGE 423 1271
EDGE 456 1267
EDGE 1226 1250
EDGE 400 1250
EDGE 144 1250
EDGE 156 1250
EDGE 158 1250
EDGE 142 1250
EDGE 160 1250
EDGE 140 1250
EDGE 162 1251
EDGE 138 1250
EDGE 164 1252
EDGE 137 1250
EDGE 174 1250
EDGE 404 1250
EDGE 178 1250
EDGE 180 1250
EDGE 1199 1250
EDGE 182 1250
EDGE 185 1250
EDGE 187 1250
EDGE 1200 1250
EDGE 166 1253
EDGE 168 1254
EDGE 170 1256
EDGE 173 1258
EDGE 444 1257
EDGE 442 1255
EDGE 1128 1250
EDGE 688 1329
EDGE 686 1329
EDGE 684 1329
EDGE 682 1329
EDGE 680 1329
EDGE 678 1329
EDGE 674 1327
EDGE 705 1325
EDGE 707 1325
EDGE 703 1325
EDGE 709 1325
EDGE 701 1325
EDGE 699 1325
EDGE 697 1325
EDGE 672 1326
EDGE 711 1325
EDGE 695 1325
EDGE 667 1325
EDGE 671 1325
EDGE 693 1325
EDGE 669 1325
EDGE 742 1325
EDGE 1067 1329
EDGE 679 1330
EDGE 676 1330
EDGE 674 1330
EDGE 1325 1330
EDGE 699 1330
EDGE 697 1330
EDGE 672 1330
EDGE 695 1330
EDGE 745 1330
EDGE 609 1337
EDGE 549 1332
EDGE 546 1333
EDGE 552 1335
EDGE 669 1330
EDGE 693 1330
EDGE 691 1330
EDGE 667 1330
EDGE 566 1337
EDGE 543 1334
EDGE 555 1337
EDGE 541 1336
EDGE 539 1337
EDGE 558 1337
EDGE 537 1337
EDGE 535 1337
EDGE 524 1337
EDGE 526 1337
EDGE 533 1337
EDGE 529 1337
EDGE 531 1337
EDGE 559 1337
EDGE 561 1337
EDGE 563 1337
EDGE 569 1337
EDGE 606 1337
EDGE 746 1341
EDGE 608 1338
EDGE 1336 1341
EDGE 546 1341
EDGE 544 1341
EDGE 552 1341
EDGE 667 1341
EDGE 566 1338
EDGE 543 1341
EDGE 554 1341
EDGE 541 1341
EDGE 539 1341
EDGE 556 1341
EDGE 537 1341
EDGE 535 1341
EDGE 524 1341
EDGE 526 1341
EDGE 533 1341
EDGE 529 1341
EDGE 531 1341
EDGE 561 1339
EDGE 563 1338
EDGE 565 1338
EDGE 569 1338
EDGE 606 1338
EDGE 728 1342
EDGE 730 1342
EDGE 726 1342
EDGE 732 1342
EDGE 724 1342
EDGE 722 1342
EDGE 720 1342
EDGE 734 1342
EDGE 718 1342
EDGE 716 1342
EDGE 714 1344
EDGE 738 1347
EDGE 572 1347
EDGE 574 1347
EDGE 577 1347
EDGE 580 1347
EDGE 582 1347
EDGE 1078 1342
EDGE 728 1353
EDGE 730 1353
EDGE 726 1353
EDGE 732 1353
EDGE 724 1352
EDGE 722 1351
EDGE 720 1349
EDGE 734 1353
EDGE 718 1348
EDGE 716 1348
EDGE 714 1348
EDGE 1343 1348
EDGE 737 1348
EDGE 572 1348
EDGE 574 1348
EDGE 577 1348
EDGE 1075 1353
EDGE 728 1357
EDGE 730 1357
EDGE 726 1357
EDGE 732 1357
EDGE 724 1357
EDGE 722 1357
EDGE 720 1357
EDGE 734 1357
EDGE 718 1357
EDGE 716 1357
EDGE 714 1357
EDGE 1348 1357
EDGE 1346 1357
EDGE 741 1354
EDGE 572 1354
EDGE 574 1354
EDGE 577 1354
EDGE 580 1354
EDGE 582 1354
EDGE 584 1354
EDGE 586 1354
EDGE 1080 1357
EDGE 726 1361
EDGE 724 1361
EDGE 722 1361
EDGE 720 1361
EDGE 718 1361
EDGE 716 1361
EDGE 714 1361
EDGE 1348 1361
EDGE 1347 1361
EDGE 740 1361
EDGE 1355 1361
EDGE 572 1359
EDGE 575 1358
EDGE 578 1358
EDGE 580 1358
EDGE 582 1358
EDGE 584 1358
EDGE 586 1358
EDGE 589 1358
EDGE 591 1358
EDGE 1347 1362
EDGE 572 1362
EDGE 1354 1362
EDGE 1358 1364
EDGE 574 1362
EDGE 577 1363
EDGE 580 1365
EDGE 582 1367
EDGE 584 1368
EDGE 586 1368
EDGE 589 1368
EDGE 591 1368
EDGE 572 1369
EDGE 1358 1369
EDGE 574 1369
EDGE 577 1369
EDGE 580 1369
EDGE 582 1369
EDGE 584 1369
EDGE 1368 1369
EDGE 586 1369
EDGE 588 1369
EDGE 591 1370
EDGE 611 1372
EDGE 664 1380
EDGE 662 1380
EDGE 659 1380
EDGE 656 1380
EDGE 654 1380
EDGE 651 1380
EDGE 649 1380
EDGE 646 1380
EDGE 644 1378
EDGE 640 1375
EDGE 630 1380
EDGE 633 1380
EDGE 628 1380
EDGE 635 1380
EDGE 626 1380
EDGE 623 1380
EDGE 620 1380
EDGE 637 1380
EDGE 618 1380
EDGE 616 1380
EDGE 612 1377
EDGE 1031 1380
EDGE 601 1373
EDGE 748 1373
EDGE 500 1373
EDGE 497 1373
EDGE 498 1373
EDGE 495 1373
EDGE 503 1373
EDGE 493 1373
EDGE 491 1373
EDGE 506 1373
EDGE 488 1373
EDGE 485 1373
EDGE 483 1373
EDGE 481 1373
EDGE 509 1373
EDGE 511 1373
EDGE 513 1373
EDGE 1291 1373
EDGE 664 1391
EDGE 662 1391
EDGE 659 1388
EDGE 656 1385
EDGE 654 1384
EDGE 651 1386
EDGE 649 1390
EDGE 646 1391
EDGE 644 1391
EDGE 642 1391
EDGE 630 1381
EDGE 633 1381
EDGE 628 1381
EDGE 635 1381
EDGE 626 1381
EDGE 624 1381
EDGE 623 1381
EDGE 637 1381
EDGE 618 1387
EDGE 615 1391
EDGE 614 1391
EDGE 1380 1389
EDGE 1029 1381
EDGE 612 1391
EDGE 640 1391
EDGE 500 1391
EDGE 497 1391
EDGE 498 1391
EDGE 664 1392
EDGE 662 1392
EDGE 659 1392
EDGE 656 1392
EDGE 654 1392
EDGE 651 1392
EDGE 649 1392
EDGE 646 1392
EDGE 644 1392
EDGE 631 1395
EDGE 633 1395
EDGE 630 1395
EDGE 635 1395
EDGE 626 1393
EDGE 623 1392
EDGE 622 1392
EDGE 637 1395
EDGE 620 1392
EDGE 618 1392
EDGE 1382 1392
EDGE 614 1392
EDGE 1380 1392
EDGE 1026 1395
EDGE 612 1392
EDGE 640 1392
EDGE 664 1401
EDGE 662 1401
EDGE 659 1401
EDGE 656 1401
EDGE 654 1401
EDGE 651 1401
EDGE 649 1401
EDGE 646 1401
EDGE 644 1401
EDGE 640 1398
EDGE 630 1401
EDGE 633 1401
EDGE 628 1401
EDGE 635 1401
EDGE 626 1401
EDGE 623 1401
EDGE 620 1401
EDGE 637 1401
EDGE 618 1401
EDGE 1392 1401
EDGE 614 1401
EDGE 1391 1400
EDGE 612 1399
EDGE 1373 1396
EDGE 1041 1401
EDGE 602 1396
EDGE 749 1396
EDGE 500 1396
EDGE 497 1396
EDGE 498 1396
EDGE 495 1396
EDGE 503 1396
EDGE 493 1396
EDGE 491 1396
EDGE 506 1396
EDGE 488 1396
EDGE 485 1396
EDGE 483 1396
EDGE 481 1396
EDGE 509 1396
EDGE 511 1396
EDGE 513 1396
EDGE 1300 1396
EDGE 664 1402
EDGE 662 1402
EDGE 659 1402
EDGE 656 1402
EDGE 654 1402
EDGE 653 1402
EDGE 651 1403
EDGE 646 1409
EDGE 644 1414
EDGE 643 1414
EDGE 630 1406
EDGE 633 1408
EDGE 628 1405
EDGE 635 1410
EDGE 626 1406
EDGE 623 1407
EDGE 620 1409
EDGE 637 1411
EDGE 618 1412
EDGE 1392 1414
EDGE 614 1414
EDGE 1391 1414
EDGE 612 1414
EDGE 1376 1414
EDGE 1044 1402
EDGE 1401 1413
EDGE 640 1414
EDGE 500 1414
EDGE 497 1414
EDGE 498 1414
EDGE 495 1414
EDGE 503 1414
EDGE 664 1418
EDGE 662 1418
EDGE 660 1418
EDGE 658 1418
EDGE 654 1416
EDGE 651 1415
EDGE 649 1415
EDGE 648 1415
EDGE 1404 1415
EDGE 646 1415
EDGE 644 1415
EDGE 630 1415
EDGE 633 1415
EDGE 628 1415
EDGE 635 1415
EDGE 626 1415
EDGE 623 1415
EDGE 620 1415
EDGE 637 1415
EDGE 618 1415
EDGE 1392 1415
EDGE 614 1415
EDGE 1391 1415
EDGE 1379 1415
EDGE 1046 1418
EDGE 612 1415
EDGE 1401 1415
EDGE 640 1415
EDGE 654 1426
EDGE 651 1426
EDGE 649 1426
EDGE 1415 1426
EDGE 646 1426
EDGE 1414 1426
EDGE 644 1426
EDGE 640 1426
EDGE 626 1426
EDGE 623 1426
EDGE 620 1426
EDGE 618 1426
EDGE 614 1426
EDGE 1391 1426
EDGE 612 1426
EDGE 1373 1426
EDGE 515 1419
EDGE 1396 1426
EDGE 600 1419
EDGE 751 1426
EDGE 500 1424
EDGE 497 1422
EDGE 498 1423
EDGE 495 1420
EDGE 504 1419
EDGE 493 1419
EDGE 491 1419
EDGE 507 1419
EDGE 488 1419
EDGE 485 1419
EDGE 475 1419
EDGE 477 1419
EDGE 483 1419
EDGE 479 1419
EDGE 481 1419
EDGE 509 1419
EDGE 511 1419
EDGE 513 1419
EDGE 518 1419
EDGE 1289 1419
EDGE 599 1419
EDGE 517 1427
EDGE 599 1427
EDGE 753 1427
EDGE 1419 1427
EDGE 497 1427
EDGE 495 1427
EDGE 503 1427
EDGE 493 1427
EDGE 506 1427
EDGE 491 1427
EDGE 509 1427
EDGE 488 1427
EDGE 485 1427
EDGE 475 1427
EDGE 477 1427
EDGE 483 1427
EDGE 479 1427
EDGE 481 1427
EDGE 511 1427
EDGE 513 1427
EDGE 515 1427
EDGE 520 1428
EDGE 1284 1430
EDGE 598 1430
EDGE 640 1435
EDGE 1373 1435
EDGE 1427 1435
EDGE 515 1435
EDGE 473 1431
EDGE 753 1435
EDGE 1421 1435
EDGE 497 1435
EDGE 495 1435
EDGE 501 1435
EDGE 493 1435
EDGE 503 1435
EDGE 491 1435
EDGE 489 1435
EDGE 506 1435
EDGE 487 1435
EDGE 485 1435
EDGE 475 1431
EDGE 481 1434
EDGE 477 1431
EDGE 479 1432
EDGE 509 1435
EDGE 511 1435
EDGE 513 1435
EDGE 518 1435
EDGE 1308 1431
EDGE 599 1435
EDGE 654 1438
EDGE 651 1438
EDGE 649 1438
EDGE 646 1438
EDGE 1414 1438
EDGE 644 1438
EDGE 640 1438
EDGE 623 1438
EDGE 620 1438
EDGE 618 1438
EDGE 1392 1438
EDGE 614 1438
EDGE 1391 1438
EDGE 612 1438
EDGE 1373 1438
EDGE 1427 1436
EDGE 515 1436
EDGE 1396 1438
EDGE 603 1436
EDGE 752 1438
EDGE 1426 1438
EDGE 500 1436
EDGE 497 1436
EDGE 498 1436
EDGE 1435 1436
EDGE 495 1436
EDGE 503 1436
EDGE 493 1436
EDGE 491 1436
EDGE 506 1436
EDGE 488 1436
EDGE 485 1436
EDGE 475 1436
EDGE 477 1436
EDGE 483 1436
EDGE 479 1436
EDGE 481 1436
EDGE 509 1436
EDGE 511 1436
EDGE 513 1436
EDGE 518 1436
EDGE 1302 1436
EDGE 599 1436
EDGE 423 1439
EDGE 421 1439
EDGE 459 1439
EDGE 419 1439
EDGE 417 1439
EDGE 407 1439
EDGE 409 1439
EDGE 415 1439
EDGE 411 1439
EDGE 413 1439
EDGE 461 1439
EDGE 450 1440
EDGE 463 1439
EDGE 465 1439
EDGE 467 1439
EDGE 471 1441
EDGE 449 1443
EDGE 1259 1443
EDGE 789 1439
EDGE 427 1439
EDGE 425 1439
EDGE 453 1439
EDGE 456 1439
EDGE 117 1444
EDGE 115 1444
EDGE 769 1444
EDGE 766 1444
EDGE 762 1444
EDGE 760 1444
EDGE 113 1444
EDGE 1164 1444
EDGE 110 1444
EDGE 107 1444
EDGE 754 1444
EDGE 104 1444
EDGE 1165 1444
EDGE 756 1444
EDGE 1172 1444
EDGE 1192 1444
EDGE 423 1450
EDGE 421 1450
EDGE 457 1450
EDGE 419 1450
EDGE 417 1450
EDGE 407 1450
EDGE 409 1450
EDGE 415 1450
EDGE 411 1450
EDGE 413 1450
EDGE 459 1450
EDGE 592 1450
EDGE 461 1450
EDGE 463 1450
EDGE 465 1450
EDGE 1439 1450
EDGE 469 1450
EDGE 450 1450
EDGE 1264 1450
EDGE 788 1444
EDGE 430 1446
EDGE 427 1448
EDGE 451 1447
EDGE 425 1449
EDGE 454 1450
EDGE 933 1451
EDGE 934 1451
EDGE 201 1452
EDGE 1136 1452
EDGE 863 1453
EDGE 864 1453
EDGE 860 1454
EDGE 861 1454
EDGE 861 1455
EDGE 862 1455
EDGE 861 1456
EDGE 862 1456
