# Generated from current Luavi geometry; rerun generate_land_airfields.py after layout edits.
GENERATED 3 00000091.fld
HOLD 38619.8041 8604.8461
RUNWAY 36133.4743 8322.7308 86.41604 2008.8314 30.8764
TOUCHDOWN 20 10 300
TOUCHDOWN_SPEED 70.222
APPROACH FINAL
A 29147.1644 7885.1530 76.200 230.000 0 0 0 1542.588 230.000 0 0 0
A 29197.0667 7888.2786 76.200 230.000 0 0 0 1521.773 230.000 0 0 0
A 29246.9689 7891.4041 76.200 230.000 0 0 0 1501.108 230.000 0 0 0
A 29296.8711 7894.5297 76.200 230.000 0 0 0 1480.591 230.000 0 0 0
A 29346.7733 7897.6552 76.200 230.000 0 0 0 1460.223 230.000 0 0 0
A 29396.6755 7900.7808 76.200 230.000 0 0 0 1440.004 230.000 0 0 0
A 29446.5777 7903.9064 76.200 230.000 0 0 0 1419.933 230.000 0 0 0
A 29496.4799 7907.0319 76.200 230.000 0 0 0 1400.012 230.000 0 0 0
A 29546.3822 7910.1575 76.200 230.000 0 0 0 1380.239 230.000 0 0 0
A 29596.2844 7913.2830 76.200 230.000 0 0 0 1360.615 230.000 0 0 0
A 29646.1866 7916.4086 76.200 230.000 0 0 0 1341.139 230.000 0 0 0
A 29696.0888 7919.5341 76.200 230.000 0 0 0 1321.813 230.000 0 0 0
A 29745.9910 7922.6597 76.200 230.000 0 0 0 1302.635 230.000 0 0 0
A 29795.8932 7925.7852 76.200 230.000 0 0 0 1283.606 230.000 0 0 0
A 29845.7954 7928.9108 76.200 230.000 0 0 0 1264.726 230.000 0 0 0
A 29895.6976 7932.0364 76.200 230.000 0 0 0 1245.995 230.000 0 0 0
A 29945.5999 7935.1619 76.200 230.000 0 0 0 1227.412 230.000 0 0 0
A 29995.5021 7938.2875 76.200 230.000 0 0 0 1208.978 230.000 0 0 0
A 30045.4043 7941.4130 76.200 230.000 0 0 0 1190.693 230.000 0 0 0
A 30095.3065 7944.5386 76.200 230.000 0 0 0 1172.557 230.000 0 0 0
A 30145.2087 7947.6641 76.200 230.000 0 0 0 1154.569 230.000 0 0 0
A 30195.1109 7950.7897 76.200 230.000 0 0 0 1136.731 230.000 0 0 0
A 30245.0131 7953.9152 76.200 230.000 0 0 0 1119.041 230.000 0 0 0
A 30294.9154 7957.0408 76.200 230.000 0 0 0 1101.500 230.000 0 0 0
A 30344.8176 7960.1664 76.200 230.000 0 0 0 1084.107 230.000 0 0 0
A 30394.7198 7963.2919 76.200 230.000 0 0 0 1066.864 230.000 0 0 0
A 30444.6220 7966.4175 76.200 230.000 0 0 0 1049.769 230.000 0 0 0
A 30494.5242 7969.5430 76.200 230.000 0 0 0 1032.823 230.000 0 0 0
A 30544.4264 7972.6686 76.200 230.000 0 0 0 1016.025 230.000 0 0 0
A 30594.3286 7975.7941 76.200 230.000 0 0 0 999.377 230.000 0 0 0
A 30644.2308 7978.9197 76.200 230.000 0 0 0 982.877 230.000 0 0 0
A 30694.1331 7982.0452 76.200 228.803 0 0 0 966.526 228.803 0 0 0
A 30744.0353 7985.1708 76.200 226.807 0 0 0 950.324 226.807 0 0 0
A 30793.9375 7988.2964 76.200 224.811 0 0 0 934.271 224.811 0 0 0
A 30843.8397 7991.4219 76.200 222.815 0 0 0 918.366 222.815 0 0 0
A 30893.7419 7994.5475 76.200 220.819 0 0 0 902.610 220.819 0 0 0
A 30943.6441 7997.6730 76.200 218.824 0 0 0 887.003 218.824 0 0 0
A 30993.5463 8000.7986 76.200 216.828 0 0 0 871.545 216.828 0 0 0
A 31043.4486 8003.9241 76.200 214.832 0 0 0 856.236 214.832 0 0 0
A 31093.3508 8007.0497 76.200 212.836 0 0 0 841.075 212.836 0 0 0
A 31143.2530 8010.1753 76.200 210.840 0 0 0 826.063 210.840 0 0 0
A 31193.1552 8013.3008 76.200 208.845 0 0 0 811.200 208.845 0 0 0
A 31243.0574 8016.4264 76.200 206.849 0 0 0 796.486 206.849 0 0 0
A 31292.9596 8019.5519 76.200 204.853 0 0 0 781.920 204.853 0 0 0
A 31342.8618 8022.6775 76.200 202.857 0 0 0 767.503 202.857 0 0 0
A 31392.7640 8025.8030 76.200 200.861 0 0 0 753.235 200.861 0 0 0
A 31442.6663 8028.9286 76.200 198.866 0 0 0 739.116 198.866 0 0 0
A 31492.5685 8032.0541 76.200 196.870 0 0 0 725.146 196.870 0 0 0
A 31542.4707 8035.1797 76.200 194.874 0 0 0 711.324 194.874 0 0 0
A 31592.3729 8038.3053 76.200 192.878 0 0 0 697.651 192.878 0 0 0
A 31642.2751 8041.4308 76.200 190.882 0 0 0 684.127 190.882 0 0 0
A 31692.1773 8044.5564 76.200 188.887 0 0 0 670.752 188.887 0 0 0
A 31742.0795 8047.6819 76.200 186.891 0 0 0 657.525 186.891 0 0 0
A 31791.9818 8050.8075 76.200 184.895 0 0 0 644.447 184.895 0 0 0
A 31841.8840 8053.9330 76.200 182.899 0 0 0 631.518 182.899 0 0 0
A 31891.7862 8057.0586 76.200 180.903 0 0 0 618.738 180.903 0 0 0
A 31941.6884 8060.1841 76.200 178.908 0 0 0 606.107 178.908 0 0 0
A 31991.5906 8063.3097 76.200 176.912 0 0 0 593.624 176.912 0 0 0
A 32041.4928 8066.4353 76.200 174.916 0 0 0 581.290 174.916 0 0 0
A 32091.3950 8069.5608 76.200 172.920 0 0 0 569.105 172.920 0 0 0
A 32141.2972 8072.6864 76.200 170.924 0 0 0 557.069 170.924 0 0 0
A 32191.1995 8075.8119 76.200 168.929 0 0 0 545.181 168.929 0 0 0
A 32241.1017 8078.9375 76.200 166.933 0 0 0 533.443 166.933 0 0 0
A 32291.0039 8082.0630 76.200 164.937 0 0 0 521.853 164.937 0 0 0
A 32340.9061 8085.1886 76.200 162.941 0 0 0 510.411 162.941 0 0 0
A 32390.8083 8088.3142 76.200 160.945 0 0 0 499.119 160.945 0 0 0
A 32440.7105 8091.4397 76.200 158.950 0 0 0 487.975 158.950 0 0 0
A 32490.6127 8094.5653 76.200 156.954 0 0 0 476.981 156.954 0 0 0
A 32540.5150 8097.6908 76.200 154.958 0 0 0 466.135 154.958 0 0 0
A 32590.4172 8100.8164 76.200 152.962 0 0 0 455.437 152.962 0 0 0
A 32640.3194 8103.9419 76.200 150.966 0 0 0 444.889 150.966 0 0 0
A 32690.2216 8107.0675 76.200 148.971 0 0 0 434.489 148.971 0 0 0
A 32740.1238 8110.1930 76.200 146.975 0 0 0 424.238 146.975 0 0 0
A 32790.0260 8113.3186 76.200 144.979 0 0 0 414.136 144.979 0 0 0
A 32839.9282 8116.4442 76.200 142.983 0 0 0 404.183 142.983 0 0 0
A 32889.8304 8119.5697 76.200 140.987 0 0 0 394.378 140.987 0 0 0
A 32939.7327 8122.6953 76.200 138.992 0 0 0 384.722 138.992 0 0 0
A 32989.6349 8125.8208 76.200 136.996 0 1 0 375.215 136.996 0 1 0
A 33039.5371 8128.9464 76.200 135.000 0 1 0 365.857 135.000 0 1 0
A 33089.4393 8132.0719 76.200 133.004 0 1 0 356.647 133.004 0 1 0
A 33139.3415 8135.1975 76.200 131.008 0 1 0 347.587 131.008 0 1 0
A 33189.2437 8138.3230 76.200 129.013 0 1 0 338.675 129.013 0 1 0
A 33239.1459 8141.4486 76.200 127.017 0 1 0 329.912 127.017 0 1 0
A 33289.0482 8144.5742 76.200 125.021 0 1 0 321.297 125.021 0 1 0
A 33338.9504 8147.6997 76.200 123.025 0 1 0 312.832 123.025 0 1 0
A 33388.8526 8150.8253 76.200 121.029 0 1 0 304.515 121.029 0 1 0
A 33438.7548 8153.9508 76.200 119.034 0 1 0 296.347 119.034 0 1 0
A 33488.6570 8157.0764 76.200 117.038 1 1 0 288.328 117.038 1 1 0
A 33538.5592 8160.2019 76.200 115.042 1 1 0 280.457 115.042 1 1 0
A 33588.4614 8163.3275 76.200 113.046 1 1 0 272.735 113.046 1 1 0
A 33638.3637 8166.4530 76.200 111.051 1 1 0 265.163 111.051 1 1 0
A 33688.2659 8169.5786 76.200 109.055 1 1 0 257.738 109.055 1 1 0
A 33738.1681 8172.7042 76.200 107.059 1 1 0 250.463 107.059 1 1 0
A 33788.0703 8175.8297 76.200 105.063 1 1 0 243.336 105.063 1 1 0
A 33837.9725 8178.9553 76.200 103.067 1 1 0 236.359 103.067 1 1 0
A 33887.8747 8182.0808 76.200 101.072 1 1 0 229.530 101.072 1 1 0
A 33937.7769 8185.2064 76.200 99.076 1 1 0 222.849 99.076 1 1 0
A 33987.6791 8188.3319 76.200 97.080 1 1 0 216.318 97.080 1 1 0
A 34037.5814 8191.4575 76.200 95.084 1 1 0 209.935 95.084 1 1 0
A 34087.4836 8194.5831 76.200 93.088 1 1 0 203.701 93.088 1 1 0
A 34137.3858 8197.7086 76.200 91.093 1 1 0 197.616 91.093 1 1 0
A 34187.2880 8200.8342 76.200 89.097 1 1 0 191.680 89.097 1 1 0
A 34237.1902 8203.9597 76.200 87.101 1 1 0 185.893 87.101 1 1 0
A 34287.0924 8207.0853 76.200 85.105 1 1 0 180.254 85.105 1 1 0
A 34336.9946 8210.2108 76.200 83.109 1 1 0 174.764 83.109 1 1 0
A 34386.8969 8213.3364 76.200 82.311 1 1 0 169.423 82.311 1 1 0
A 34436.7991 8216.4619 76.200 82.311 1 1 0 164.230 82.311 1 1 0
A 34486.7013 8219.5875 76.200 82.311 1 1 0 159.187 82.311 1 1 0
A 34536.6035 8222.7131 76.200 82.311 1 1 0 154.292 82.311 1 1 0
A 34586.5057 8225.8386 76.200 82.311 1 1 0 149.546 82.311 1 1 0
A 34636.4079 8228.9642 76.200 82.311 1 1 0 144.948 82.311 1 1 0
A 34686.3101 8232.0897 76.200 82.311 1 1 0 140.500 82.311 1 1 0
A 34736.2123 8235.2153 76.200 82.311 1 1 0 136.200 82.311 1 1 0
A 34786.1146 8238.3408 74.299 82.311 1 1 0 130.148 82.311 1 1 0
A 34836.0168 8241.4664 71.678 82.311 1 1 0 123.525 82.311 1 1 0
A 34885.9190 8244.5919 69.058 82.311 1 1 0 117.051 82.311 1 1 0
A 34935.8212 8247.7175 66.437 82.311 1 1 0 110.726 82.311 1 1 0
A 34985.7234 8250.8431 63.817 82.311 1 1 0 104.550 82.311 1 1 0
A 35035.6256 8253.9686 61.197 82.311 1 1 0 98.523 82.311 1 1 0
A 35085.5278 8257.0942 58.576 82.311 1 1 0 92.644 82.311 1 1 0
A 35135.4301 8260.2197 55.956 82.311 1 1 0 86.914 82.311 1 1 0
A 35185.3323 8263.3453 53.336 82.311 1 1 0 81.333 82.311 1 1 0
A 35235.2345 8266.4708 50.715 82.311 1 1 0 75.901 82.311 1 1 0
A 35285.1367 8269.5964 48.095 82.311 1 1 0 70.617 82.311 1 1 0
A 35335.0389 8272.7219 45.474 82.311 1 1 0 65.482 82.311 1 1 0
A 35384.9411 8275.8475 42.854 82.311 1 1 0 60.496 82.311 1 1 0
A 35434.8433 8278.9731 40.234 82.311 1 1 0 55.659 82.311 1 1 0
A 35484.7455 8282.0986 37.613 82.311 1 1 0 50.971 82.311 1 1 0
A 35534.6478 8285.2242 34.993 82.311 1 1 0 46.431 82.311 1 1 0
A 35584.5500 8288.3497 32.372 82.311 1 1 0 42.040 82.311 1 1 0
A 35634.4522 8291.4753 29.752 82.311 1 1 0 37.798 82.311 1 1 0
A 35684.3544 8294.6008 27.132 82.311 1 1 0 33.705 82.311 1 1 0
A 35734.2566 8297.7264 24.511 82.311 1 1 0 29.760 82.311 1 1 0
A 35784.1588 8300.8520 21.891 82.311 1 1 0 25.964 82.311 1 1 0
A 35834.0610 8303.9775 19.270 82.311 1 1 0 22.318 82.311 1 1 0
A 35883.9633 8307.1031 16.650 82.311 1 1 0 18.819 82.311 1 1 0
A 35933.8655 8310.2286 14.030 82.311 1 1 0 15.470 82.311 1 1 0
A 35983.7677 8313.3542 11.409 82.311 1 1 0 12.269 82.311 1 1 0
A 36033.6699 8316.4797 8.789 82.311 1 1 0 9.217 82.311 1 1 0
A 36083.5721 8319.6053 6.169 82.311 1 1 0 6.314 82.311 1 1 0
A 36133.4743 8322.7308 3.548 82.311 1 1 0 3.560 82.311 1 1 0
A 36183.3765 8325.8564 2.500 82.311 1 1 0 2.500 82.311 1 1 0
A 36233.2787 8328.9820 2.500 82.311 1 1 0 2.500 82.311 1 1 0
REARM SUPPLY_CONTAINER_92697 37927.7328 8614.0753 328.881 37937.5700 8640.6200
ROUTE SUPPLY_CONTAINER_92697 IN
R 36153.4352 8323.9811 10.0
R 36157.3979 8324.2293 10.0
R 36161.3606 8324.4775 10.0
R 36165.3233 8324.7257 10.0
R 36169.2860 8324.9739 10.0
R 36173.2487 8325.2221 10.0
R 36177.2114 8325.4703 10.0
R 36181.1741 8325.7185 10.0
R 36185.1368 8325.9667 10.0
R 36189.0995 8326.2149 10.0
R 36193.0623 8326.4631 10.0
R 36197.0250 8326.7112 10.0
R 36200.9877 8326.9594 10.0
R 36204.9504 8327.2076 10.0
R 36208.9131 8327.4558 10.0
R 36212.8758 8327.7040 10.0
R 36216.8385 8327.9522 10.0
R 36220.8012 8328.2004 10.0
R 36224.7639 8328.4486 10.0
R 36228.7266 8328.6968 10.0
R 36232.6893 8328.9450 10.0
R 36236.6520 8329.1932 10.0
R 36240.6147 8329.4414 10.0
R 36244.5774 8329.6896 10.0
R 36248.5401 8329.9378 10.0
R 36252.5028 8330.1860 10.0
R 36256.4655 8330.4342 10.0
R 36260.4282 8330.6824 10.0
R 36264.3909 8330.9306 10.0
R 36268.3537 8331.1788 10.0
R 36272.3164 8331.4270 10.0
R 36276.2791 8331.6752 10.0
R 36280.2418 8331.9234 10.0
R 36284.2045 8332.1716 10.0
R 36288.1672 8332.4198 10.0
R 36292.1299 8332.6680 10.0
R 36296.0926 8332.9162 10.0
R 36300.0553 8333.1644 10.0
R 36304.0180 8333.4126 10.0
R 36307.9807 8333.6608 10.0
R 36311.9434 8333.9090 10.0
R 36315.9061 8334.1572 10.0
R 36319.8688 8334.4054 10.0
R 36323.8315 8334.6536 10.0
R 36327.7942 8334.9018 10.0
R 36331.7569 8335.1500 10.0
R 36335.7196 8335.3982 10.0
R 36339.6823 8335.6464 10.0
R 36343.6450 8335.8946 10.0
R 36347.6078 8336.1428 10.0
R 36351.5705 8336.3910 10.0
R 36355.5332 8336.6392 10.0
R 36359.4959 8336.8874 10.0
R 36363.4586 8337.1356 10.0
R 36367.4213 8337.3838 10.0
R 36371.3840 8337.6320 10.0
R 36375.3467 8337.8802 10.0
R 36379.3094 8338.1284 10.0
R 36383.1976 8338.3719 10.0
R 36387.0858 8338.6154 10.0
R 36390.9741 8338.8590 10.0
R 36394.8623 8339.1025 10.0
R 36398.8465 8339.3521 10.0
R 36402.8307 8339.6016 10.0
R 36406.8149 8339.8512 10.0
R 36410.7991 8340.1007 10.0
R 36414.7833 8340.3502 10.0
R 36418.7676 8340.5998 10.0
R 36422.7518 8340.8493 10.0
R 36426.7360 8341.0989 10.0
R 36430.7202 8341.3484 10.0
R 36434.7044 8341.5980 10.0
R 36438.6886 8341.8475 10.0
R 36442.6728 8342.0971 10.0
R 36446.6570 8342.3466 10.0
R 36450.6412 8342.5962 10.0
R 36454.6255 8342.8457 10.0
R 36458.6097 8343.0952 10.0
R 36462.5939 8343.3448 10.0
R 36466.5781 8343.5943 10.0
R 36470.5623 8343.8439 10.0
R 36474.5465 8344.0934 10.0
R 36478.5307 8344.3430 10.0
R 36482.5149 8344.5925 10.0
R 36486.4992 8344.8421 10.0
R 36490.4834 8345.0916 10.0
R 36494.4676 8345.3412 10.0
R 36498.4518 8345.5907 10.0
R 36502.4360 8345.8402 10.0
R 36506.4202 8346.0898 10.0
R 36510.4044 8346.3393 10.0
R 36514.3886 8346.5889 10.0
R 36518.3728 8346.8384 10.0
R 36522.3571 8347.0880 10.0
R 36526.3413 8347.3375 10.0
R 36530.3255 8347.5871 10.0
R 36534.3097 8347.8366 10.0
R 36538.2939 8348.0862 10.0
R 36542.2781 8348.3357 10.0
R 36546.2623 8348.5852 10.0
R 36550.2465 8348.8348 10.0
R 36554.2307 8349.0843 10.0
R 36558.2150 8349.3339 10.0
R 36562.1992 8349.5834 10.0
R 36566.1834 8349.8330 10.0
R 36570.1676 8350.0825 10.0
R 36574.1518 8350.3321 10.0
R 36578.1360 8350.5816 10.0
R 36582.1202 8350.8312 10.0
R 36586.1044 8351.0807 10.0
R 36590.0886 8351.3302 10.0
R 36594.0729 8351.5798 10.0
R 36598.0571 8351.8293 10.0
R 36602.0413 8352.0789 10.0
R 36606.0255 8352.3284 10.0
R 36610.0097 8352.5780 10.0
R 36613.9939 8352.8275 10.0
R 36617.9781 8353.0771 10.0
R 36621.9623 8353.3266 10.0
R 36625.9466 8353.5762 10.0
R 36629.9308 8353.8257 10.0
R 36633.9150 8354.0752 10.0
R 36637.8992 8354.3248 10.0
R 36641.8834 8354.5743 10.0
R 36645.8676 8354.8239 10.0
R 36649.8518 8355.0734 10.0
R 36653.8360 8355.3230 10.0
R 36657.8202 8355.5725 10.0
R 36661.8045 8355.8221 10.0
R 36665.7887 8356.0716 10.0
R 36669.7729 8356.3212 10.0
R 36673.7571 8356.5707 10.0
R 36677.7413 8356.8203 10.0
R 36681.7255 8357.0698 10.0
R 36685.7097 8357.3193 10.0
R 36689.6939 8357.5689 10.0
R 36693.6781 8357.8184 10.0
R 36697.6624 8358.0680 10.0
R 36701.6466 8358.3175 10.0
R 36705.6308 8358.5671 10.0
R 36709.6150 8358.8166 10.0
R 36713.5992 8359.0662 10.0
R 36717.5834 8359.3157 10.0
R 36721.5676 8359.5653 10.0
R 36725.5518 8359.8148 10.0
R 36729.5361 8360.0643 10.0
R 36733.5203 8360.3139 10.0
R 36737.5045 8360.5634 10.0
R 36741.4887 8360.8130 10.0
R 36745.4729 8361.0625 10.0
R 36749.4571 8361.3121 10.0
R 36753.4413 8361.5616 10.0
R 36757.4255 8361.8112 10.0
R 36761.4097 8362.0607 10.0
R 36765.3940 8362.3103 10.0
R 36769.3782 8362.5598 10.0
R 36773.3624 8362.8093 10.0
R 36777.3466 8363.0589 10.0
R 36781.3308 8363.3084 10.0
R 36785.3150 8363.5580 10.0
R 36789.2992 8363.8075 10.0
R 36793.2834 8364.0571 10.0
R 36797.2676 8364.3066 10.0
R 36801.2519 8364.5562 10.0
R 36805.2361 8364.8057 10.0
R 36809.2203 8365.0553 10.0
R 36813.2045 8365.3048 10.0
R 36817.1887 8365.5543 10.0
R 36821.1729 8365.8039 10.0
R 36825.1571 8366.0534 10.0
R 36829.1413 8366.3030 10.0
R 36833.1256 8366.5525 10.0
R 36837.1098 8366.8021 10.0
R 36841.0940 8367.0516 10.0
R 36845.0782 8367.3012 10.0
R 36849.0624 8367.5507 10.0
R 36853.0466 8367.8003 10.0
R 36857.0308 8368.0498 10.0
R 36861.0150 8368.2993 10.0
R 36864.9992 8368.5489 10.0
R 36868.9835 8368.7984 10.0
R 36872.9677 8369.0480 10.0
R 36876.9519 8369.2975 10.0
R 36880.9361 8369.5471 10.0
R 36884.9203 8369.7966 10.0
R 36888.9045 8370.0462 10.0
R 36892.8887 8370.2957 10.0
R 36896.8729 8370.5453 10.0
R 36900.8571 8370.7948 10.0
R 36904.8414 8371.0443 10.0
R 36908.8256 8371.2939 10.0
R 36912.8098 8371.5434 10.0
R 36916.7940 8371.7930 10.0
R 36920.7782 8372.0425 10.0
R 36924.7624 8372.2921 10.0
R 36928.7466 8372.5416 10.0
R 36932.7308 8372.7912 10.0
R 36936.7151 8373.0407 10.0
R 36940.6993 8373.2903 10.0
R 36944.6835 8373.5398 10.0
R 36948.6677 8373.7893 10.0
R 36952.6519 8374.0389 10.0
R 36956.6361 8374.2884 10.0
R 36960.6203 8374.5380 10.0
R 36964.6045 8374.7875 10.0
R 36968.5887 8375.0371 10.0
R 36972.5730 8375.2866 10.0
R 36976.5572 8375.5362 10.0
R 36980.5414 8375.7857 10.0
R 36984.5256 8376.0353 10.0
R 36988.5098 8376.2848 10.0
R 36992.4940 8376.5343 10.0
R 36996.4782 8376.7839 10.0
R 37000.4624 8377.0334 10.0
R 37004.4466 8377.2830 10.0
R 37008.4309 8377.5325 10.0
R 37012.4151 8377.7821 10.0
R 37016.3993 8378.0316 10.0
R 37020.3835 8378.2812 10.0
R 37024.3677 8378.5307 10.0
R 37028.3519 8378.7803 10.0
R 37032.3361 8379.0298 10.0
R 37036.3203 8379.2794 10.0
R 37040.3046 8379.5289 10.0
R 37044.2888 8379.7784 10.0
R 37048.2730 8380.0280 10.0
R 37052.2572 8380.2775 10.0
R 37056.2414 8380.5271 10.0
R 37060.2256 8380.7766 10.0
R 37064.2098 8381.0262 10.0
R 37068.1940 8381.2757 10.0
R 37072.1782 8381.5253 10.0
R 37076.1625 8381.7748 10.0
R 37080.1467 8382.0244 10.0
R 37084.1309 8382.2739 10.0
R 37088.1151 8382.5234 10.0
R 37092.0993 8382.7730 10.0
R 37096.0835 8383.0225 10.0
R 37100.0677 8383.2721 10.0
R 37104.0519 8383.5216 10.0
R 37108.0361 8383.7712 10.0
R 37112.0204 8384.0207 10.0
R 37116.0046 8384.2703 10.0
R 37119.9888 8384.5198 10.0
R 37123.9730 8384.7694 10.0
R 37127.9572 8385.0189 10.0
R 37131.9414 8385.2684 10.0
R 37135.9256 8385.5180 10.0
R 37139.9156 8385.7679 10.0
R 37143.9055 8386.0178 10.0
R 37147.8954 8386.2677 10.0
R 37151.8854 8386.5176 10.0
R 37155.8753 8386.7675 10.0
R 37159.8652 8387.0174 10.0
R 37163.8551 8387.2673 10.0
R 37167.8451 8387.5172 10.0
R 37171.8350 8387.7671 10.0
R 37175.8249 8388.0170 10.0
R 37179.8149 8388.2669 10.0
R 37183.8048 8388.5168 10.0
R 37187.7947 8388.7667 10.0
R 37191.7847 8389.0166 10.0
R 37195.7746 8389.2665 10.0
R 37199.7645 8389.5165 10.0
R 37203.7545 8389.7664 10.0
R 37207.7444 8390.0163 10.0
R 37211.7343 8390.2662 10.0
R 37215.4615 8390.4996 10.0
R 37219.1888 8390.7331 10.0
R 37222.4333 8390.9363 10.0
R 37225.6778 8391.1395 10.0
R 37228.2685 8391.3018 10.0
R 37231.0331 8391.4749 10.0
R 37234.3037 8391.6798 10.0
R 37236.3740 8391.8094 10.0
R 37237.3056 8391.8678 10.0
R 37238.2476 8391.9268 10.0
R 37240.3326 8392.0574 10.0
R 37243.6210 8392.2633 10.0
R 37246.4321 8392.4394 10.0
R 37248.9900 8392.5996 10.0
R 37252.2374 8392.8030 10.0
R 37255.4848 8393.0064 10.0
R 37259.2117 8393.2398 10.0
R 37262.9386 8393.4733 10.0
R 37266.9127 8393.7222 10.0
R 37270.8868 8393.9711 10.0
R 37274.8610 8394.2200 10.0
R 37278.8351 8394.4689 10.0
R 37282.8092 8394.7178 10.0
R 37286.7834 8394.9668 10.0
R 37290.7575 8395.2157 10.0
R 37294.7316 8395.4646 10.0
R 37298.7058 8395.7135 10.0
R 37302.6799 8395.9624 10.0
R 37306.6540 8396.2113 10.0
R 37310.6282 8396.4602 10.0
R 37314.6023 8396.7092 10.0
R 37318.5765 8396.9581 10.0
R 37322.5506 8397.2070 10.0
R 37326.5247 8397.4559 10.0
R 37330.4989 8397.7048 10.0
R 37334.4730 8397.9537 10.0
R 37338.4471 8398.2026 10.0
R 37342.4213 8398.4516 10.0
R 37346.3954 8398.7005 10.0
R 37350.3695 8398.9494 10.0
R 37354.3437 8399.1983 10.0
R 37358.3178 8399.4472 10.0
R 37362.2919 8399.6961 10.0
R 37366.2661 8399.9450 10.0
R 37370.2402 8400.1940 10.0
R 37374.2144 8400.4429 10.0
R 37378.1885 8400.6918 10.0
R 37382.1626 8400.9407 10.0
R 37386.1368 8401.1896 10.0
R 37390.1109 8401.4385 10.0
R 37394.0850 8401.6874 10.0
R 37398.0592 8401.9364 10.0
R 37402.0333 8402.1853 10.0
R 37406.0074 8402.4342 10.0
R 37409.9816 8402.6831 10.0
R 37413.9557 8402.9320 10.0
R 37417.9298 8403.1809 10.0
R 37421.9040 8403.4298 10.0
R 37425.8781 8403.6788 10.0
R 37429.8523 8403.9277 10.0
R 37433.8264 8404.1766 10.0
R 37437.8005 8404.4255 10.0
R 37441.7747 8404.6744 10.0
R 37445.7488 8404.9233 10.0
R 37449.7229 8405.1722 10.0
R 37453.6971 8405.4212 10.0
R 37457.6712 8405.6701 10.0
R 37461.6453 8405.9190 10.0
R 37465.6195 8406.1679 10.0
R 37469.5936 8406.4168 10.0
R 37473.5677 8406.6657 10.0
R 37477.5419 8406.9146 10.0
R 37481.5160 8407.1636 10.0
R 37485.4901 8407.4125 10.0
R 37489.4643 8407.6614 10.0
R 37493.4384 8407.9103 10.0
R 37497.4126 8408.1592 10.0
R 37501.3867 8408.4081 10.0
R 37505.3608 8408.6571 10.0
R 37509.3350 8408.9060 10.0
R 37513.3091 8409.1549 10.0
R 37517.2832 8409.4038 10.0
R 37521.2574 8409.6527 10.0
R 37525.2315 8409.9016 10.0
R 37529.2056 8410.1505 10.0
R 37533.1798 8410.3995 10.0
R 37537.1539 8410.6484 10.0
R 37541.1280 8410.8973 10.0
R 37545.1022 8411.1462 10.0
R 37549.0763 8411.3951 10.0
R 37553.0505 8411.6440 10.0
R 37557.0246 8411.8929 10.0
R 37560.9987 8412.1419 10.0
R 37564.9729 8412.3908 10.0
R 37568.9470 8412.6397 10.0
R 37572.9211 8412.8886 10.0
R 37576.8953 8413.1375 10.0
R 37580.8694 8413.3864 10.0
R 37584.8435 8413.6353 10.0
R 37588.8177 8413.8843 10.0
R 37592.7918 8414.1332 10.0
R 37596.7659 8414.3821 10.0
R 37600.7401 8414.6310 10.0
R 37604.7142 8414.8799 10.0
R 37608.6884 8415.1288 10.0
R 37612.6625 8415.3777 10.0
R 37616.6366 8415.6267 10.0
R 37620.6108 8415.8756 10.0
R 37624.5849 8416.1245 10.0
R 37628.5590 8416.3734 10.0
R 37632.5332 8416.6223 10.0
R 37636.5073 8416.8712 10.0
R 37640.4814 8417.1201 10.0
R 37644.4556 8417.3691 10.0
R 37648.4297 8417.6180 10.0
R 37652.4038 8417.8669 10.0
R 37656.3780 8418.1158 10.0
R 37660.3521 8418.3647 10.0
R 37664.3262 8418.6136 10.0
R 37668.3004 8418.8625 10.0
R 37672.2745 8419.1115 10.0
R 37676.2487 8419.3604 10.0
R 37680.2228 8419.6093 10.0
R 37684.1969 8419.8582 10.0
R 37688.1711 8420.1071 10.0
R 37692.1452 8420.3560 10.0
R 37696.1193 8420.6049 10.0
R 37700.0935 8420.8539 10.0
R 37704.0676 8421.1028 10.0
R 37708.0417 8421.3517 10.0
R 37712.0159 8421.6006 10.0
R 37715.9900 8421.8495 10.0
R 37719.9641 8422.0984 10.0
R 37723.9383 8422.3473 10.0
R 37727.9124 8422.5963 10.0
R 37731.8866 8422.8452 10.0
R 37735.8607 8423.0941 10.0
R 37739.8348 8423.3430 10.0
R 37743.8090 8423.5919 10.0
R 37747.7831 8423.8408 10.0
R 37751.7572 8424.0897 10.0
R 37755.7314 8424.3387 10.0
R 37759.7055 8424.5876 10.0
R 37763.6796 8424.8365 10.0
R 37767.6538 8425.0854 10.0
R 37771.6279 8425.3343 10.0
R 37775.6020 8425.5832 10.0
R 37779.5762 8425.8321 10.0
R 37783.5503 8426.0811 10.0
R 37787.5245 8426.3300 10.0
R 37791.4986 8426.5789 10.0
R 37795.4727 8426.8278 10.0
R 37799.4469 8427.0767 10.0
R 37803.4210 8427.3256 10.0
R 37807.3951 8427.5746 10.0
R 37811.3693 8427.8235 10.0
R 37815.3434 8428.0724 10.0
R 37819.3175 8428.3213 10.0
R 37823.2917 8428.5702 10.0
R 37827.2658 8428.8191 10.0
R 37831.2399 8429.0680 10.0
R 37835.2141 8429.3170 10.0
R 37839.1882 8429.5659 10.0
R 37843.1623 8429.8148 10.0
R 37847.1365 8430.0637 10.0
R 37851.1106 8430.3126 10.0
R 37855.0848 8430.5615 10.0
R 37859.0589 8430.8104 10.0
R 37863.0330 8431.0594 10.0
R 37867.0072 8431.3083 10.0
R 37870.9813 8431.5572 10.0
R 37874.9554 8431.8061 10.0
R 37878.9296 8432.0550 10.0
R 37882.9037 8432.3039 10.0
R 37886.8778 8432.5528 10.0
R 37890.8520 8432.8018 10.0
R 37894.8261 8433.0507 10.0
R 37898.8002 8433.2996 10.0
R 37902.7744 8433.5485 10.0
R 37906.7485 8433.7974 10.0
R 37910.7227 8434.0463 10.0
R 37914.6968 8434.2952 10.0
R 37918.6709 8434.5442 10.0
R 37922.6451 8434.7931 10.0
R 37926.6192 8435.0420 10.0
R 37930.5933 8435.2909 10.0
R 37934.5675 8435.5398 10.0
R 37938.5416 8435.7887 10.0
R 37942.5157 8436.0376 10.0
R 37946.4899 8436.2866 10.0
R 37950.4640 8436.5355 10.0
R 37954.4381 8436.7844 10.0
R 37954.3000 8438.9900 10.0
R 37958.0000 8439.6975 10.0
R 37961.7000 8440.4050 10.0
R 37964.8875 8441.6025 10.0
R 37968.0750 8442.8000 10.0
R 37970.6275 8445.0325 10.0
R 37973.1800 8447.2650 10.0
R 37974.6550 8450.0725 10.0
R 37976.1300 8452.8800 10.0
R 37976.9575 8456.4150 10.0
R 37977.7850 8459.9500 10.0
R 37978.0275 8463.7150 10.0
R 37978.2619 8467.3544 10.0
R 37978.2400 8467.4700 10.0
R 37978.0358 8470.8113 10.0
R 37977.8317 8474.1525 10.0
R 37977.6275 8477.4938 10.0
R 37977.4233 8480.8350 10.0
R 37977.2192 8484.1763 10.0
R 37977.0150 8487.5175 10.0
R 37976.8192 8490.7223 10.0
R 37976.6233 8493.9270 10.0
R 37976.4275 8497.1318 10.0
R 37976.2317 8500.3366 10.0
R 37976.0108 8503.9508 10.0
R 37975.7900 8507.5650 10.0
R 37975.6900 8510.4400 10.0
R 37975.4806 8513.5706 10.0
R 37975.2713 8516.7013 10.0
R 37975.0619 8519.8319 10.0
R 37974.8525 8522.9625 10.0
R 37974.6431 8526.0931 10.0
R 37974.4337 8529.2238 10.0
R 37974.2244 8532.3544 10.0
R 37974.0150 8535.4850 10.0
R 37972.7575 8538.5300 10.0
R 37971.5000 8541.5750 10.0
R 37969.5181 8544.8580 10.0
R 37967.5362 8548.1410 10.0
R 37965.5544 8551.4240 10.0
R 37963.5725 8554.7069 10.0
R 37961.5906 8557.9899 10.0
R 37959.6087 8561.2729 10.0
R 37957.6268 8564.5559 10.0
R 37955.6450 8567.8389 10.0
R 37953.6631 8571.1219 10.0
R 37951.6812 8574.4048 10.0
R 37949.6993 8577.6878 10.0
R 37947.7174 8580.9708 10.0
R 37945.7355 8584.2538 10.0
R 37943.7537 8587.5368 10.0
R 37941.7718 8590.8198 10.0
R 37939.7662 8594.1420 10.0
R 37937.7606 8597.4642 10.0
R 37935.7551 8600.7864 10.0
R 37933.7495 8604.1086 10.0
R 37931.7439 8607.4309 10.0
R 37929.7384 8610.7531 10.0
R 37927.7328 8614.0753 10.0
ROUTE SUPPLY_CONTAINER_92697 OUT
R 37927.7328 8614.0753 10.0
R 37929.7384 8610.7531 10.0
R 37931.7439 8607.4309 10.0
R 37933.7495 8604.1086 10.0
R 37935.7551 8600.7864 10.0
R 37937.7606 8597.4642 10.0
R 37939.7662 8594.1420 10.0
R 37941.7718 8590.8198 10.0
R 37943.7537 8587.5368 10.0
R 37945.7355 8584.2538 10.0
R 37947.7174 8580.9708 10.0
R 37949.6993 8577.6878 10.0
R 37951.6812 8574.4048 10.0
R 37953.6631 8571.1219 10.0
R 37955.6450 8567.8389 10.0
R 37957.6268 8564.5559 10.0
R 37959.6087 8561.2729 10.0
R 37961.5906 8557.9899 10.0
R 37963.5725 8554.7069 10.0
R 37965.5544 8551.4240 10.0
R 37967.5362 8548.1410 10.0
R 37969.5181 8544.8580 10.0
R 37971.5000 8541.5750 10.0
R 37972.7575 8538.5300 10.0
R 37974.0150 8535.4850 10.0
R 37974.2244 8532.3544 10.0
R 37974.4337 8529.2238 10.0
R 37974.6431 8526.0931 10.0
R 37974.8525 8522.9625 10.0
R 37975.0619 8519.8319 10.0
R 37975.2713 8516.7013 10.0
R 37975.4806 8513.5706 10.0
R 37975.6900 8510.4400 10.0
R 37975.7900 8507.5650 10.0
R 37976.0108 8503.9508 10.0
R 37976.2317 8500.3366 10.0
R 37976.4275 8497.1318 10.0
R 37976.6233 8493.9270 10.0
R 37976.8192 8490.7223 10.0
R 37977.0150 8487.5175 10.0
R 37977.2192 8484.1763 10.0
R 37977.4233 8480.8350 10.0
R 37977.6275 8477.4938 10.0
R 37977.8317 8474.1525 10.0
R 37978.0358 8470.8113 10.0
R 37978.2400 8467.4700 10.0
R 37978.0125 8463.7100 10.0
R 37977.7850 8459.9500 10.0
R 37976.9575 8456.4150 10.0
R 37976.1300 8452.8800 10.0
R 37974.6550 8450.0725 10.0
R 37973.1800 8447.2650 10.0
R 37970.6275 8445.0325 10.0
R 37968.0750 8442.8000 10.0
R 37964.8875 8441.6025 10.0
R 37961.7000 8440.4050 10.0
R 37958.0000 8439.6975 10.0
R 37954.3000 8438.9900 10.0
R 37954.4381 8436.7844 10.0
R 37950.4640 8436.5355 10.0
R 37946.4899 8436.2866 10.0
R 37942.5157 8436.0376 10.0
R 37938.5416 8435.7887 10.0
R 37934.5675 8435.5398 10.0
R 37930.5933 8435.2909 10.0
R 37926.6192 8435.0420 10.0
R 37922.6451 8434.7931 10.0
R 37918.6709 8434.5442 10.0
R 37914.6968 8434.2952 10.0
R 37910.7227 8434.0463 10.0
R 37906.7485 8433.7974 10.0
R 37902.7744 8433.5485 10.0
R 37898.8002 8433.2996 10.0
R 37894.8261 8433.0507 10.0
R 37890.8520 8432.8018 10.0
R 37886.8778 8432.5528 10.0
R 37882.9037 8432.3039 10.0
R 37878.9296 8432.0550 10.0
R 37874.9554 8431.8061 10.0
R 37870.9813 8431.5572 10.0
R 37867.0072 8431.3083 10.0
R 37863.0330 8431.0594 10.0
R 37859.0589 8430.8104 10.0
R 37855.0848 8430.5615 10.0
R 37851.1106 8430.3126 10.0
R 37847.1365 8430.0637 10.0
R 37843.1623 8429.8148 10.0
R 37839.1882 8429.5659 10.0
R 37835.2141 8429.3170 10.0
R 37831.2399 8429.0680 10.0
R 37827.2658 8428.8191 10.0
R 37823.2917 8428.5702 10.0
R 37819.3175 8428.3213 10.0
R 37815.3434 8428.0724 10.0
R 37811.3693 8427.8235 10.0
R 37807.3951 8427.5746 10.0
R 37803.4210 8427.3256 10.0
R 37799.4469 8427.0767 10.0
R 37795.4727 8426.8278 10.0
R 37791.4986 8426.5789 10.0
R 37787.5245 8426.3300 10.0
R 37783.5503 8426.0811 10.0
R 37779.5762 8425.8321 10.0
R 37775.6020 8425.5832 10.0
R 37771.6279 8425.3343 10.0
R 37767.6538 8425.0854 10.0
R 37763.6796 8424.8365 10.0
R 37759.7055 8424.5876 10.0
R 37755.7314 8424.3387 10.0
R 37751.7572 8424.0897 10.0
R 37747.7831 8423.8408 10.0
R 37743.8090 8423.5919 10.0
R 37739.8348 8423.3430 10.0
R 37735.8607 8423.0941 10.0
R 37731.8866 8422.8452 10.0
R 37727.9124 8422.5963 10.0
R 37723.9383 8422.3473 10.0
R 37719.9641 8422.0984 10.0
R 37715.9900 8421.8495 10.0
R 37712.0159 8421.6006 10.0
R 37708.0417 8421.3517 10.0
R 37704.0676 8421.1028 10.0
R 37700.0935 8420.8539 10.0
R 37696.1193 8420.6049 10.0
R 37692.1452 8420.3560 10.0
R 37688.1711 8420.1071 10.0
R 37684.1969 8419.8582 10.0
R 37680.2228 8419.6093 10.0
R 37676.2487 8419.3604 10.0
R 37672.2745 8419.1115 10.0
R 37668.3004 8418.8625 10.0
R 37664.3262 8418.6136 10.0
R 37660.3521 8418.3647 10.0
R 37656.3780 8418.1158 10.0
R 37652.4038 8417.8669 10.0
R 37648.4297 8417.6180 10.0
R 37644.4556 8417.3691 10.0
R 37640.4814 8417.1201 10.0
R 37636.5073 8416.8712 10.0
R 37632.5332 8416.6223 10.0
R 37628.5590 8416.3734 10.0
R 37624.5849 8416.1245 10.0
R 37620.6108 8415.8756 10.0
R 37616.6366 8415.6267 10.0
R 37612.6625 8415.3777 10.0
R 37608.6884 8415.1288 10.0
R 37604.7142 8414.8799 10.0
R 37600.7401 8414.6310 10.0
R 37596.7659 8414.3821 10.0
R 37592.7918 8414.1332 10.0
R 37588.8177 8413.8843 10.0
R 37584.8435 8413.6353 10.0
R 37580.8694 8413.3864 10.0
R 37576.8953 8413.1375 10.0
R 37572.9211 8412.8886 10.0
R 37568.9470 8412.6397 10.0
R 37564.9729 8412.3908 10.0
R 37560.9987 8412.1419 10.0
R 37557.0246 8411.8929 10.0
R 37553.0505 8411.6440 10.0
R 37549.0763 8411.3951 10.0
R 37545.1022 8411.1462 10.0
R 37541.1280 8410.8973 10.0
R 37537.1539 8410.6484 10.0
R 37533.1798 8410.3995 10.0
R 37529.2056 8410.1505 10.0
R 37525.2315 8409.9016 10.0
R 37521.2574 8409.6527 10.0
R 37517.2832 8409.4038 10.0
R 37513.3091 8409.1549 10.0
R 37509.3350 8408.9060 10.0
R 37505.3608 8408.6571 10.0
R 37501.3867 8408.4081 10.0
R 37497.4126 8408.1592 10.0
R 37493.4384 8407.9103 10.0
R 37489.4643 8407.6614 10.0
R 37485.4901 8407.4125 10.0
R 37481.5160 8407.1636 10.0
R 37477.5419 8406.9146 10.0
R 37473.5677 8406.6657 10.0
R 37469.5936 8406.4168 10.0
R 37465.6195 8406.1679 10.0
R 37461.6453 8405.9190 10.0
R 37457.6712 8405.6701 10.0
R 37453.6971 8405.4212 10.0
R 37449.7229 8405.1722 10.0
R 37445.7488 8404.9233 10.0
R 37441.7747 8404.6744 10.0
R 37437.8005 8404.4255 10.0
R 37433.8264 8404.1766 10.0
R 37429.8523 8403.9277 10.0
R 37425.8781 8403.6788 10.0
R 37421.9040 8403.4298 10.0
R 37417.9298 8403.1809 10.0
R 37413.9557 8402.9320 10.0
R 37409.9816 8402.6831 10.0
R 37406.0074 8402.4342 10.0
R 37402.0333 8402.1853 10.0
R 37398.0592 8401.9364 10.0
R 37394.0850 8401.6874 10.0
R 37390.1109 8401.4385 10.0
R 37386.1368 8401.1896 10.0
R 37382.1626 8400.9407 10.0
R 37378.1885 8400.6918 10.0
R 37374.2144 8400.4429 10.0
R 37370.2402 8400.1940 10.0
R 37366.2661 8399.9450 10.0
R 37362.2919 8399.6961 10.0
R 37358.3178 8399.4472 10.0
R 37354.3437 8399.1983 10.0
R 37350.3695 8398.9494 10.0
R 37346.3954 8398.7005 10.0
R 37342.4213 8398.4516 10.0
R 37338.4471 8398.2026 10.0
R 37334.4730 8397.9537 10.0
R 37330.4989 8397.7048 10.0
R 37326.5247 8397.4559 10.0
R 37322.5506 8397.2070 10.0
R 37318.5765 8396.9581 10.0
R 37314.6023 8396.7092 10.0
R 37310.6282 8396.4602 10.0
R 37306.6540 8396.2113 10.0
R 37302.6799 8395.9624 10.0
R 37298.7058 8395.7135 10.0
R 37294.7316 8395.4646 10.0
R 37290.7575 8395.2157 10.0
R 37286.7834 8394.9668 10.0
R 37282.8092 8394.7178 10.0
R 37278.8351 8394.4689 10.0
R 37274.8610 8394.2200 10.0
R 37270.8868 8393.9711 10.0
R 37266.9127 8393.7222 10.0
R 37262.9386 8393.4733 10.0
R 37259.2117 8393.2398 10.0
R 37255.4848 8393.0064 10.0
R 37252.2374 8392.8030 10.0
R 37248.9900 8392.5996 10.0
R 37246.4321 8392.4394 10.0
R 37243.6210 8392.2633 10.0
R 37240.3326 8392.0574 10.0
R 37238.2476 8391.9268 10.0
R 37237.3056 8391.8678 10.0
R 37236.3740 8391.8094 10.0
R 37234.3037 8391.6798 10.0
R 37231.0331 8391.4749 10.0
R 37228.2685 8391.3018 10.0
R 37225.6778 8391.1395 10.0
R 37222.4333 8390.9363 10.0
R 37219.1888 8390.7331 10.0
R 37215.4615 8390.4996 10.0
R 37211.7343 8390.2662 10.0
R 37207.7444 8390.0163 10.0
R 37203.7545 8389.7664 10.0
R 37199.7645 8389.5165 10.0
R 37195.7746 8389.2665 10.0
R 37191.7847 8389.0166 10.0
R 37187.7947 8388.7667 10.0
R 37183.8048 8388.5168 10.0
R 37179.8149 8388.2669 10.0
R 37175.8249 8388.0170 10.0
R 37171.8350 8387.7671 10.0
R 37167.8451 8387.5172 10.0
R 37163.8551 8387.2673 10.0
R 37159.8652 8387.0174 10.0
R 37155.8753 8386.7675 10.0
R 37151.8854 8386.5176 10.0
R 37147.8954 8386.2677 10.0
R 37143.9055 8386.0178 10.0
R 37139.9156 8385.7679 10.0
R 37135.9256 8385.5180 10.0
R 37131.9414 8385.2684 10.0
R 37127.9572 8385.0189 10.0
R 37123.9730 8384.7694 10.0
R 37119.9888 8384.5198 10.0
R 37116.0046 8384.2703 10.0
R 37112.0204 8384.0207 10.0
R 37108.0361 8383.7712 10.0
R 37104.0519 8383.5216 10.0
R 37100.0677 8383.2721 10.0
R 37096.0835 8383.0225 10.0
R 37092.0993 8382.7730 10.0
R 37088.1151 8382.5234 10.0
R 37084.1309 8382.2739 10.0
R 37080.1467 8382.0244 10.0
R 37076.1625 8381.7748 10.0
R 37072.1782 8381.5253 10.0
R 37068.1940 8381.2757 10.0
R 37064.2098 8381.0262 10.0
R 37060.2256 8380.7766 10.0
R 37056.2414 8380.5271 10.0
R 37052.2572 8380.2775 10.0
R 37048.2730 8380.0280 10.0
R 37044.2888 8379.7784 10.0
R 37040.3046 8379.5289 10.0
R 37036.3203 8379.2794 10.0
R 37032.3361 8379.0298 10.0
R 37028.3519 8378.7803 10.0
R 37024.3677 8378.5307 10.0
R 37020.3835 8378.2812 10.0
R 37016.3993 8378.0316 10.0
R 37012.4151 8377.7821 10.0
R 37008.4309 8377.5325 10.0
R 37004.4466 8377.2830 10.0
R 37000.4624 8377.0334 10.0
R 36996.4782 8376.7839 10.0
R 36992.4940 8376.5343 10.0
R 36988.5098 8376.2848 10.0
R 36984.5256 8376.0353 10.0
R 36980.5414 8375.7857 10.0
R 36976.5572 8375.5362 10.0
R 36972.5730 8375.2866 10.0
R 36968.5887 8375.0371 10.0
R 36964.6045 8374.7875 10.0
R 36960.6203 8374.5380 10.0
R 36956.6361 8374.2884 10.0
R 36952.6519 8374.0389 10.0
R 36948.6677 8373.7893 10.0
R 36944.6835 8373.5398 10.0
R 36940.6993 8373.2903 10.0
R 36936.7151 8373.0407 10.0
R 36932.7308 8372.7912 10.0
R 36928.7466 8372.5416 10.0
R 36924.7624 8372.2921 10.0
R 36920.7782 8372.0425 10.0
R 36916.7940 8371.7930 10.0
R 36912.8098 8371.5434 10.0
R 36908.8256 8371.2939 10.0
R 36904.8414 8371.0443 10.0
R 36900.8571 8370.7948 10.0
R 36896.8729 8370.5453 10.0
R 36892.8887 8370.2957 10.0
R 36888.9045 8370.0462 10.0
R 36884.9203 8369.7966 10.0
R 36880.9361 8369.5471 10.0
R 36876.9519 8369.2975 10.0
R 36872.9677 8369.0480 10.0
R 36868.9835 8368.7984 10.0
R 36864.9992 8368.5489 10.0
R 36861.0150 8368.2993 10.0
R 36857.0308 8368.0498 10.0
R 36853.0466 8367.8003 10.0
R 36849.0624 8367.5507 10.0
R 36845.0782 8367.3012 10.0
R 36841.0940 8367.0516 10.0
R 36837.1098 8366.8021 10.0
R 36833.1256 8366.5525 10.0
R 36829.1413 8366.3030 10.0
R 36825.1571 8366.0534 10.0
R 36821.1729 8365.8039 10.0
R 36817.1887 8365.5543 10.0
R 36813.2045 8365.3048 10.0
R 36809.2203 8365.0553 10.0
R 36805.2361 8364.8057 10.0
R 36801.2519 8364.5562 10.0
R 36797.2676 8364.3066 10.0
R 36793.2834 8364.0571 10.0
R 36789.2992 8363.8075 10.0
R 36785.3150 8363.5580 10.0
R 36781.3308 8363.3084 10.0
R 36777.3466 8363.0589 10.0
R 36773.3624 8362.8093 10.0
R 36769.3782 8362.5598 10.0
R 36765.3940 8362.3103 10.0
R 36761.4097 8362.0607 10.0
R 36757.4255 8361.8112 10.0
R 36753.4413 8361.5616 10.0
R 36749.4571 8361.3121 10.0
R 36745.4729 8361.0625 10.0
R 36741.4887 8360.8130 10.0
R 36737.5045 8360.5634 10.0
R 36733.5203 8360.3139 10.0
R 36729.5361 8360.0643 10.0
R 36725.5518 8359.8148 10.0
R 36721.5676 8359.5653 10.0
R 36717.5834 8359.3157 10.0
R 36713.5992 8359.0662 10.0
R 36709.6150 8358.8166 10.0
R 36705.6308 8358.5671 10.0
R 36701.6466 8358.3175 10.0
R 36697.6624 8358.0680 10.0
R 36693.6781 8357.8184 10.0
R 36689.6939 8357.5689 10.0
R 36685.7097 8357.3193 10.0
R 36681.7255 8357.0698 10.0
R 36677.7413 8356.8203 10.0
R 36673.7571 8356.5707 10.0
R 36669.7729 8356.3212 10.0
R 36665.7887 8356.0716 10.0
R 36661.8045 8355.8221 10.0
R 36657.8202 8355.5725 10.0
R 36653.8360 8355.3230 10.0
R 36649.8518 8355.0734 10.0
R 36645.8676 8354.8239 10.0
R 36641.8834 8354.5743 10.0
R 36637.8992 8354.3248 10.0
R 36633.9150 8354.0752 10.0
R 36629.9308 8353.8257 10.0
R 36625.9466 8353.5762 10.0
R 36621.9623 8353.3266 10.0
R 36617.9781 8353.0771 10.0
R 36613.9939 8352.8275 10.0
R 36610.0097 8352.5780 10.0
R 36606.0255 8352.3284 10.0
R 36602.0413 8352.0789 10.0
R 36598.0571 8351.8293 10.0
R 36594.0729 8351.5798 10.0
R 36590.0886 8351.3302 10.0
R 36586.1044 8351.0807 10.0
R 36582.1202 8350.8312 10.0
R 36578.1360 8350.5816 10.0
R 36574.1518 8350.3321 10.0
R 36570.1676 8350.0825 10.0
R 36566.1834 8349.8330 10.0
R 36562.1992 8349.5834 10.0
R 36558.2150 8349.3339 10.0
R 36554.2307 8349.0843 10.0
R 36550.2465 8348.8348 10.0
R 36546.2623 8348.5852 10.0
R 36542.2781 8348.3357 10.0
R 36538.2939 8348.0862 10.0
R 36534.3097 8347.8366 10.0
R 36530.3255 8347.5871 10.0
R 36526.3413 8347.3375 10.0
R 36522.3571 8347.0880 10.0
R 36518.3728 8346.8384 10.0
R 36514.3886 8346.5889 10.0
R 36510.4044 8346.3393 10.0
R 36506.4202 8346.0898 10.0
R 36502.4360 8345.8402 10.0
R 36498.4518 8345.5907 10.0
R 36494.4676 8345.3412 10.0
R 36490.4834 8345.0916 10.0
R 36486.4992 8344.8421 10.0
R 36482.5149 8344.5925 10.0
R 36478.5307 8344.3430 10.0
R 36474.5465 8344.0934 10.0
R 36470.5623 8343.8439 10.0
R 36466.5781 8343.5943 10.0
R 36462.5939 8343.3448 10.0
R 36458.6097 8343.0952 10.0
R 36454.6255 8342.8457 10.0
R 36450.6412 8342.5962 10.0
R 36446.6570 8342.3466 10.0
R 36442.6728 8342.0971 10.0
R 36438.6886 8341.8475 10.0
R 36434.7044 8341.5980 10.0
R 36430.7202 8341.3484 10.0
R 36426.7360 8341.0989 10.0
R 36422.7518 8340.8493 10.0
R 36418.7676 8340.5998 10.0
R 36414.7833 8340.3502 10.0
R 36410.7991 8340.1007 10.0
R 36406.8149 8339.8512 10.0
R 36402.8307 8339.6016 10.0
R 36398.8465 8339.3521 10.0
R 36394.8623 8339.1025 10.0
R 36390.9741 8338.8590 10.0
R 36387.0858 8338.6154 10.0
R 36383.1976 8338.3719 10.0
R 36379.3094 8338.1284 10.0
R 36375.3467 8337.8802 10.0
R 36371.3840 8337.6320 10.0
R 36367.4213 8337.3838 10.0
R 36363.4586 8337.1356 10.0
R 36359.4959 8336.8874 10.0
R 36355.5332 8336.6392 10.0
R 36351.5705 8336.3910 10.0
R 36347.6078 8336.1428 10.0
R 36343.6450 8335.8946 10.0
R 36339.6823 8335.6464 10.0
R 36335.7196 8335.3982 10.0
R 36331.7569 8335.1500 10.0
R 36327.7942 8334.9018 10.0
R 36323.8315 8334.6536 10.0
R 36319.8688 8334.4054 10.0
R 36315.9061 8334.1572 10.0
R 36311.9434 8333.9090 10.0
R 36307.9807 8333.6608 10.0
R 36304.0180 8333.4126 10.0
R 36300.0553 8333.1644 10.0
R 36296.0926 8332.9162 10.0
R 36292.1299 8332.6680 10.0
R 36288.1672 8332.4198 10.0
R 36284.2045 8332.1716 10.0
R 36280.2418 8331.9234 10.0
R 36276.2791 8331.6752 10.0
R 36272.3164 8331.4270 10.0
R 36268.3537 8331.1788 10.0
R 36264.3909 8330.9306 10.0
R 36260.4282 8330.6824 10.0
R 36256.4655 8330.4342 10.0
R 36252.5028 8330.1860 10.0
R 36248.5401 8329.9378 10.0
R 36244.5774 8329.6896 10.0
R 36240.6147 8329.4414 10.0
R 36236.6520 8329.1932 10.0
R 36232.6893 8328.9450 10.0
R 36228.7266 8328.6968 10.0
R 36224.7639 8328.4486 10.0
R 36220.8012 8328.2004 10.0
R 36216.8385 8327.9522 10.0
R 36212.8758 8327.7040 10.0
R 36208.9131 8327.4558 10.0
R 36204.9504 8327.2076 10.0
R 36200.9877 8326.9594 10.0
R 36197.0250 8326.7112 10.0
R 36193.0623 8326.4631 10.0
R 36189.0995 8326.2149 10.0
R 36185.1368 8325.9667 10.0
R 36181.1741 8325.7185 10.0
R 36177.2114 8325.4703 10.0
R 36173.2487 8325.2221 10.0
R 36169.2860 8324.9739 10.0
R 36165.3233 8324.7257 10.0
R 36161.3606 8324.4775 10.0
R 36157.3979 8324.2293 10.0
R 36153.4352 8323.9811 10.0
REARM FUELTANK1_92711 38110.2809 8096.0673 238.670 38162.7700 8009.8400
ROUTE FUELTANK1_92711 IN
R 36153.4352 8323.9811 10.0
R 36157.3979 8324.2293 10.0
R 36161.3606 8324.4775 10.0
R 36165.3233 8324.7257 10.0
R 36169.2860 8324.9739 10.0
R 36173.2487 8325.2221 10.0
R 36177.2114 8325.4703 10.0
R 36181.1741 8325.7185 10.0
R 36185.1368 8325.9667 10.0
R 36189.0995 8326.2149 10.0
R 36193.0623 8326.4631 10.0
R 36197.0250 8326.7112 10.0
R 36200.9877 8326.9594 10.0
R 36204.9504 8327.2076 10.0
R 36208.9131 8327.4558 10.0
R 36212.8758 8327.7040 10.0
R 36216.8385 8327.9522 10.0
R 36220.8012 8328.2004 10.0
R 36224.7639 8328.4486 10.0
R 36228.7266 8328.6968 10.0
R 36232.6893 8328.9450 10.0
R 36236.6520 8329.1932 10.0
R 36240.6147 8329.4414 10.0
R 36244.5774 8329.6896 10.0
R 36248.5401 8329.9378 10.0
R 36252.5028 8330.1860 10.0
R 36256.4655 8330.4342 10.0
R 36260.4282 8330.6824 10.0
R 36264.3909 8330.9306 10.0
R 36268.3537 8331.1788 10.0
R 36272.3164 8331.4270 10.0
R 36276.2791 8331.6752 10.0
R 36280.2418 8331.9234 10.0
R 36284.2045 8332.1716 10.0
R 36288.1672 8332.4198 10.0
R 36292.1299 8332.6680 10.0
R 36296.0926 8332.9162 10.0
R 36300.0553 8333.1644 10.0
R 36304.0180 8333.4126 10.0
R 36307.9807 8333.6608 10.0
R 36311.9434 8333.9090 10.0
R 36315.9061 8334.1572 10.0
R 36319.8688 8334.4054 10.0
R 36323.8315 8334.6536 10.0
R 36327.7942 8334.9018 10.0
R 36331.7569 8335.1500 10.0
R 36335.7196 8335.3982 10.0
R 36339.6823 8335.6464 10.0
R 36343.6450 8335.8946 10.0
R 36347.6078 8336.1428 10.0
R 36351.5705 8336.3910 10.0
R 36355.5332 8336.6392 10.0
R 36359.4959 8336.8874 10.0
R 36363.4586 8337.1356 10.0
R 36367.4213 8337.3838 10.0
R 36371.3840 8337.6320 10.0
R 36375.3467 8337.8802 10.0
R 36379.3094 8338.1284 10.0
R 36383.1976 8338.3719 10.0
R 36387.0858 8338.6154 10.0
R 36390.9741 8338.8590 10.0
R 36394.8623 8339.1025 10.0
R 36398.8465 8339.3521 10.0
R 36402.8307 8339.6016 10.0
R 36406.8149 8339.8512 10.0
R 36410.7991 8340.1007 10.0
R 36414.7833 8340.3502 10.0
R 36418.7676 8340.5998 10.0
R 36422.7518 8340.8493 10.0
R 36426.7360 8341.0989 10.0
R 36430.7202 8341.3484 10.0
R 36434.7044 8341.5980 10.0
R 36438.6886 8341.8475 10.0
R 36442.6728 8342.0971 10.0
R 36446.6570 8342.3466 10.0
R 36450.6412 8342.5962 10.0
R 36454.6255 8342.8457 10.0
R 36458.6097 8343.0952 10.0
R 36462.5939 8343.3448 10.0
R 36466.5781 8343.5943 10.0
R 36470.5623 8343.8439 10.0
R 36474.5465 8344.0934 10.0
R 36478.5307 8344.3430 10.0
R 36482.5149 8344.5925 10.0
R 36486.4992 8344.8421 10.0
R 36490.4834 8345.0916 10.0
R 36494.4676 8345.3412 10.0
R 36498.4518 8345.5907 10.0
R 36502.4360 8345.8402 10.0
R 36506.4202 8346.0898 10.0
R 36510.4044 8346.3393 10.0
R 36514.3886 8346.5889 10.0
R 36518.3728 8346.8384 10.0
R 36522.3571 8347.0880 10.0
R 36526.3413 8347.3375 10.0
R 36530.3255 8347.5871 10.0
R 36534.3097 8347.8366 10.0
R 36538.2939 8348.0862 10.0
R 36542.2781 8348.3357 10.0
R 36546.2623 8348.5852 10.0
R 36550.2465 8348.8348 10.0
R 36554.2307 8349.0843 10.0
R 36558.2150 8349.3339 10.0
R 36562.1992 8349.5834 10.0
R 36566.1834 8349.8330 10.0
R 36570.1676 8350.0825 10.0
R 36574.1518 8350.3321 10.0
R 36578.1360 8350.5816 10.0
R 36582.1202 8350.8312 10.0
R 36586.1044 8351.0807 10.0
R 36590.0886 8351.3302 10.0
R 36594.0729 8351.5798 10.0
R 36598.0571 8351.8293 10.0
R 36602.0413 8352.0789 10.0
R 36606.0255 8352.3284 10.0
R 36610.0097 8352.5780 10.0
R 36613.9939 8352.8275 10.0
R 36617.9781 8353.0771 10.0
R 36621.9623 8353.3266 10.0
R 36625.9466 8353.5762 10.0
R 36629.9308 8353.8257 10.0
R 36633.9150 8354.0752 10.0
R 36637.8992 8354.3248 10.0
R 36641.8834 8354.5743 10.0
R 36645.8676 8354.8239 10.0
R 36649.8518 8355.0734 10.0
R 36653.8360 8355.3230 10.0
R 36657.8202 8355.5725 10.0
R 36661.8045 8355.8221 10.0
R 36665.7887 8356.0716 10.0
R 36669.7729 8356.3212 10.0
R 36673.7571 8356.5707 10.0
R 36677.7413 8356.8203 10.0
R 36681.7255 8357.0698 10.0
R 36685.7097 8357.3193 10.0
R 36689.6939 8357.5689 10.0
R 36693.6781 8357.8184 10.0
R 36697.6624 8358.0680 10.0
R 36701.6466 8358.3175 10.0
R 36705.6308 8358.5671 10.0
R 36709.6150 8358.8166 10.0
R 36713.5992 8359.0662 10.0
R 36717.5834 8359.3157 10.0
R 36721.5676 8359.5653 10.0
R 36725.5518 8359.8148 10.0
R 36729.5361 8360.0643 10.0
R 36733.5203 8360.3139 10.0
R 36737.5045 8360.5634 10.0
R 36741.4887 8360.8130 10.0
R 36745.4729 8361.0625 10.0
R 36749.4571 8361.3121 10.0
R 36753.4413 8361.5616 10.0
R 36757.4255 8361.8112 10.0
R 36761.4097 8362.0607 10.0
R 36765.3940 8362.3103 10.0
R 36769.3782 8362.5598 10.0
R 36773.3624 8362.8093 10.0
R 36777.3466 8363.0589 10.0
R 36781.3308 8363.3084 10.0
R 36785.3150 8363.5580 10.0
R 36789.2992 8363.8075 10.0
R 36793.2834 8364.0571 10.0
R 36797.2676 8364.3066 10.0
R 36801.2519 8364.5562 10.0
R 36805.2361 8364.8057 10.0
R 36809.2203 8365.0553 10.0
R 36813.2045 8365.3048 10.0
R 36817.1887 8365.5543 10.0
R 36821.1729 8365.8039 10.0
R 36825.1571 8366.0534 10.0
R 36829.1413 8366.3030 10.0
R 36833.1256 8366.5525 10.0
R 36837.1098 8366.8021 10.0
R 36841.0940 8367.0516 10.0
R 36845.0782 8367.3012 10.0
R 36849.0624 8367.5507 10.0
R 36853.0466 8367.8003 10.0
R 36857.0308 8368.0498 10.0
R 36861.0150 8368.2993 10.0
R 36864.9992 8368.5489 10.0
R 36868.9835 8368.7984 10.0
R 36872.9677 8369.0480 10.0
R 36876.9519 8369.2975 10.0
R 36880.9361 8369.5471 10.0
R 36884.9203 8369.7966 10.0
R 36888.9045 8370.0462 10.0
R 36892.8887 8370.2957 10.0
R 36896.8729 8370.5453 10.0
R 36900.8571 8370.7948 10.0
R 36904.8414 8371.0443 10.0
R 36908.8256 8371.2939 10.0
R 36912.8098 8371.5434 10.0
R 36916.7940 8371.7930 10.0
R 36920.7782 8372.0425 10.0
R 36924.7624 8372.2921 10.0
R 36928.7466 8372.5416 10.0
R 36932.7308 8372.7912 10.0
R 36936.7151 8373.0407 10.0
R 36940.6993 8373.2903 10.0
R 36944.6835 8373.5398 10.0
R 36948.6677 8373.7893 10.0
R 36952.6519 8374.0389 10.0
R 36956.6361 8374.2884 10.0
R 36960.6203 8374.5380 10.0
R 36964.6045 8374.7875 10.0
R 36968.5887 8375.0371 10.0
R 36972.5730 8375.2866 10.0
R 36976.5572 8375.5362 10.0
R 36980.5414 8375.7857 10.0
R 36984.5256 8376.0353 10.0
R 36988.5098 8376.2848 10.0
R 36992.4940 8376.5343 10.0
R 36996.4782 8376.7839 10.0
R 37000.4624 8377.0334 10.0
R 37004.4466 8377.2830 10.0
R 37008.4309 8377.5325 10.0
R 37012.4151 8377.7821 10.0
R 37016.3993 8378.0316 10.0
R 37020.3835 8378.2812 10.0
R 37024.3677 8378.5307 10.0
R 37028.3519 8378.7803 10.0
R 37032.3361 8379.0298 10.0
R 37036.3203 8379.2794 10.0
R 37040.3046 8379.5289 10.0
R 37044.2888 8379.7784 10.0
R 37048.2730 8380.0280 10.0
R 37052.2572 8380.2775 10.0
R 37056.2414 8380.5271 10.0
R 37060.2256 8380.7766 10.0
R 37064.2098 8381.0262 10.0
R 37068.1940 8381.2757 10.0
R 37072.1782 8381.5253 10.0
R 37076.1625 8381.7748 10.0
R 37080.1467 8382.0244 10.0
R 37084.1309 8382.2739 10.0
R 37088.1151 8382.5234 10.0
R 37092.0993 8382.7730 10.0
R 37096.0835 8383.0225 10.0
R 37100.0677 8383.2721 10.0
R 37104.0519 8383.5216 10.0
R 37108.0361 8383.7712 10.0
R 37112.0204 8384.0207 10.0
R 37116.0046 8384.2703 10.0
R 37119.9888 8384.5198 10.0
R 37123.9730 8384.7694 10.0
R 37127.9572 8385.0189 10.0
R 37131.9414 8385.2684 10.0
R 37135.9256 8385.5180 10.0
R 37139.9156 8385.7679 10.0
R 37143.9055 8386.0178 10.0
R 37147.8954 8386.2677 10.0
R 37151.8854 8386.5176 10.0
R 37155.8753 8386.7675 10.0
R 37159.8652 8387.0174 10.0
R 37163.8551 8387.2673 10.0
R 37167.8451 8387.5172 10.0
R 37171.8350 8387.7671 10.0
R 37175.8249 8388.0170 10.0
R 37179.8149 8388.2669 10.0
R 37183.8048 8388.5168 10.0
R 37187.7947 8388.7667 10.0
R 37191.7847 8389.0166 10.0
R 37195.7746 8389.2665 10.0
R 37199.7645 8389.5165 10.0
R 37203.7545 8389.7664 10.0
R 37207.7444 8390.0163 10.0
R 37211.7343 8390.2662 10.0
R 37211.8700 8388.1000 10.0
R 37214.1174 8385.3458 10.0
R 37216.3648 8382.5917 10.0
R 37218.6121 8379.8375 10.0
R 37220.8595 8377.0834 10.0
R 37223.1069 8374.3292 10.0
R 37225.3543 8371.5750 10.0
R 37227.6017 8368.8209 10.0
R 37229.8490 8366.0667 10.0
R 37230.4350 8363.4836 10.0
R 37231.0210 8360.9005 10.0
R 37231.5655 8358.5002 10.0
R 37232.1100 8356.1000 10.0
R 37232.9379 8352.4503 10.0
R 37233.7659 8348.8006 10.0
R 37234.3710 8346.1333 10.0
R 37235.4051 8342.3278 10.0
R 37236.4393 8338.5223 10.0
R 37237.4734 8334.7169 10.0
R 37238.5076 8330.9114 10.0
R 37239.5417 8327.1059 10.0
R 37240.5759 8323.3005 10.0
R 37241.6100 8319.4950 10.0
R 37241.8258 8315.7975 10.0
R 37242.0417 8312.1000 10.0
R 37242.2575 8308.4025 10.0
R 37242.4733 8304.7050 10.0
R 37242.6892 8301.0075 10.0
R 37242.9050 8297.3100 10.0
R 37243.1208 8293.6125 10.0
R 37243.3367 8289.9150 10.0
R 37243.5525 8286.2175 10.0
R 37243.7683 8282.5200 10.0
R 37243.9842 8278.8225 10.0
R 37244.2000 8275.1250 10.0
R 37244.5603 8272.3027 10.0
R 37245.0050 8268.8200 10.0
R 37245.4075 8265.6675 10.0
R 37245.8100 8262.5150 10.0
R 37248.2509 8259.5904 10.0
R 37250.6919 8256.6658 10.0
R 37253.1328 8253.7412 10.0
R 37255.5737 8250.8165 10.0
R 37258.0147 8247.8919 10.0
R 37260.4556 8244.9673 10.0
R 37262.8966 8242.0427 10.0
R 37265.3375 8239.1181 10.0
R 37267.7784 8236.1935 10.0
R 37271.1342 8235.6467 10.0
R 37274.4900 8235.1000 10.0
R 37277.5061 8234.6086 10.0
R 37280.5221 8234.1172 10.0
R 37281.2016 8234.0065 10.0
R 37282.5383 8230.7733 10.0
R 37283.8750 8227.5400 10.0
R 37287.3373 8227.7594 10.0
R 37290.7996 8227.9789 10.0
R 37294.2620 8228.1983 10.0
R 37297.7243 8228.4177 10.0
R 37301.1866 8228.6371 10.0
R 37304.6489 8228.8566 10.0
R 37308.6030 8229.1072 10.0
R 37312.5572 8229.3578 10.0
R 37316.5113 8229.6084 10.0
R 37320.4654 8229.8590 10.0
R 37324.4196 8230.1096 10.0
R 37328.3737 8230.3602 10.0
R 37332.3278 8230.6108 10.0
R 37336.2820 8230.8614 10.0
R 37340.2361 8231.1120 10.0
R 37344.1902 8231.3626 10.0
R 37348.1443 8231.6132 10.0
R 37352.0985 8231.8638 10.0
R 37356.0526 8232.1144 10.0
R 37360.0067 8232.3650 10.0
R 37363.9609 8232.6156 10.0
R 37367.9150 8232.8662 10.0
R 37371.8691 8233.1168 10.0
R 37375.8233 8233.3674 10.0
R 37379.7774 8233.6180 10.0
R 37383.7315 8233.8686 10.0
R 37387.6857 8234.1192 10.0
R 37391.6398 8234.3698 10.0
R 37395.5939 8234.6204 10.0
R 37399.5480 8234.8710 10.0
R 37403.5022 8235.1216 10.0
R 37407.4563 8235.3722 10.0
R 37411.4104 8235.6228 10.0
R 37415.3646 8235.8734 10.0
R 37419.3187 8236.1240 10.0
R 37423.2728 8236.3746 10.0
R 37427.2270 8236.6252 10.0
R 37431.1811 8236.8757 10.0
R 37435.1352 8237.1263 10.0
R 37439.0893 8237.3769 10.0
R 37443.0435 8237.6275 10.0
R 37446.9976 8237.8781 10.0
R 37450.9517 8238.1287 10.0
R 37454.9059 8238.3793 10.0
R 37458.8600 8238.6299 10.0
R 37462.8141 8238.8805 10.0
R 37466.7683 8239.1311 10.0
R 37470.7224 8239.3817 10.0
R 37474.6765 8239.6323 10.0
R 37478.6307 8239.8829 10.0
R 37482.5848 8240.1335 10.0
R 37486.5389 8240.3841 10.0
R 37490.4930 8240.6347 10.0
R 37494.4472 8240.8853 10.0
R 37498.4013 8241.1359 10.0
R 37502.3554 8241.3865 10.0
R 37506.3096 8241.6371 10.0
R 37510.2637 8241.8877 10.0
R 37514.2178 8242.1383 10.0
R 37518.1720 8242.3889 10.0
R 37522.1261 8242.6395 10.0
R 37526.0802 8242.8901 10.0
R 37530.0343 8243.1407 10.0
R 37533.9885 8243.3913 10.0
R 37537.9426 8243.6419 10.0
R 37541.8967 8243.8925 10.0
R 37545.8509 8244.1431 10.0
R 37549.8050 8244.3937 10.0
R 37553.7591 8244.6443 10.0
R 37557.7133 8244.8949 10.0
R 37561.6674 8245.1455 10.0
R 37565.6215 8245.3961 10.0
R 37569.5757 8245.6467 10.0
R 37573.5298 8245.8973 10.0
R 37577.4839 8246.1479 10.0
R 37581.4380 8246.3985 10.0
R 37585.3922 8246.6491 10.0
R 37589.3463 8246.8997 10.0
R 37593.3004 8247.1503 10.0
R 37597.2546 8247.4009 10.0
R 37601.2087 8247.6515 10.0
R 37605.1628 8247.9021 10.0
R 37609.1170 8248.1527 10.0
R 37613.0711 8248.4033 10.0
R 37617.0252 8248.6539 10.0
R 37620.9793 8248.9045 10.0
R 37624.9335 8249.1551 10.0
R 37628.8876 8249.4057 10.0
R 37632.8417 8249.6563 10.0
R 37636.7959 8249.9069 10.0
R 37640.7500 8250.1575 10.0
R 37644.6473 8250.4045 10.0
R 37648.5445 8250.6515 10.0
R 37652.4418 8250.8985 10.0
R 37656.3390 8251.1455 10.0
R 37660.2363 8251.3925 10.0
R 37664.1335 8251.6395 10.0
R 37668.0308 8251.8865 10.0
R 37671.9280 8252.1335 10.0
R 37675.8253 8252.3804 10.0
R 37679.7225 8252.6274 10.0
R 37683.6198 8252.8744 10.0
R 37685.5778 8252.9985 10.0
R 37689.1877 8253.2273 10.0
R 37692.7975 8253.4561 10.0
R 37696.4074 8253.6849 10.0
R 37700.0172 8253.9137 10.0
R 37703.6271 8254.1424 10.0
R 37707.2369 8254.3712 10.0
R 37710.3146 8254.5663 10.0
R 37714.2583 8254.8162 10.0
R 37718.2021 8255.0661 10.0
R 37722.1458 8255.3161 10.0
R 37726.0896 8255.5660 10.0
R 37730.0333 8255.8160 10.0
R 37733.9770 8256.0659 10.0
R 37737.9208 8256.3158 10.0
R 37741.8645 8256.5658 10.0
R 37745.8082 8256.8157 10.0
R 37749.7520 8257.0657 10.0
R 37753.6957 8257.3156 10.0
R 37757.6394 8257.5655 10.0
R 37761.5832 8257.8155 10.0
R 37765.5269 8258.0654 10.0
R 37769.4707 8258.3154 10.0
R 37773.4144 8258.5653 10.0
R 37777.3581 8258.8152 10.0
R 37781.3019 8259.0652 10.0
R 37785.2456 8259.3151 10.0
R 37789.1893 8259.5651 10.0
R 37793.1331 8259.8150 10.0
R 37797.0768 8260.0650 10.0
R 37801.0205 8260.3149 10.0
R 37804.9643 8260.5648 10.0
R 37808.9080 8260.8148 10.0
R 37812.8517 8261.0647 10.0
R 37816.7955 8261.3147 10.0
R 37820.7392 8261.5646 10.0
R 37824.6830 8261.8145 10.0
R 37828.6267 8262.0645 10.0
R 37832.5704 8262.3144 10.0
R 37836.5142 8262.5644 10.0
R 37840.4579 8262.8143 10.0
R 37844.1576 8263.0488 10.0
R 37847.8573 8263.2832 10.0
R 37851.5569 8263.5177 10.0
R 37855.2566 8263.7522 10.0
R 37858.9563 8263.9867 10.0
R 37862.6560 8264.2211 10.0
R 37866.3557 8264.4556 10.0
R 37869.5877 8264.6604 10.0
R 37872.8197 8264.8653 10.0
R 37876.0518 8265.0701 10.0
R 37878.9842 8265.2560 10.0
R 37881.9167 8265.4418 10.0
R 37884.8492 8265.6277 10.0
R 37888.1282 8265.8355 10.0
R 37891.4073 8266.0433 10.0
R 37894.6864 8266.2511 10.0
R 37894.7396 8266.4248 10.0
R 37898.5255 8266.6640 10.0
R 37902.3113 8266.9032 10.0
R 37906.0972 8267.1424 10.0
R 37909.8831 8267.3816 10.0
R 37913.6690 8267.6208 10.0
R 37917.4549 8267.8600 10.0
R 37921.2407 8268.0992 10.0
R 37925.0266 8268.3384 10.0
R 37928.8125 8268.5776 10.0
R 37932.5984 8268.8168 10.0
R 37936.3842 8269.0560 10.0
R 37940.1701 8269.2952 10.0
R 37943.9560 8269.5344 10.0
R 37947.7419 8269.7736 10.0
R 37951.5278 8270.0128 10.0
R 37955.3136 8270.2520 10.0
R 37958.8914 8270.4780 10.0
R 37962.4692 8270.7041 10.0
R 37966.0470 8270.9301 10.0
R 37969.6248 8271.1562 10.0
R 37973.2026 8271.3822 10.0
R 37976.7804 8271.6083 10.0
R 37980.3582 8271.8343 10.0
R 37983.9359 8272.0604 10.0
R 37985.8027 8272.1783 10.0
R 37986.3600 8272.2700 10.0
R 37989.7865 8271.0080 10.0
R 37993.2130 8269.7460 10.0
R 37996.6395 8268.4840 10.0
R 38000.0660 8267.2220 10.0
R 38003.4925 8265.9600 10.0
R 38006.9190 8264.6980 10.0
R 38010.3455 8263.4361 10.0
R 38013.7720 8262.1741 10.0
R 38017.1985 8260.9121 10.0
R 38020.6250 8259.6501 10.0
R 38023.0066 8257.3688 10.0
R 38025.7300 8254.7600 10.0
R 38028.2825 8252.3150 10.0
R 38030.8350 8249.8699 10.0
R 38033.7127 8251.5763 10.0
R 38036.5904 8253.2826 10.0
R 38038.6104 8249.8761 10.0
R 38040.6303 8246.4696 10.0
R 38042.6502 8243.0630 10.0
R 38044.6701 8239.6565 10.0
R 38046.6900 8236.2500 10.0
R 38048.6820 8232.8906 10.0
R 38050.6740 8229.5312 10.0
R 38052.6659 8226.1718 10.0
R 38054.6579 8222.8123 10.0
R 38056.6499 8219.4529 10.0
R 38058.6419 8216.0935 10.0
R 38060.6338 8212.7341 10.0
R 38062.6258 8209.3747 10.0
R 38064.6178 8206.0153 10.0
R 38066.6098 8202.6558 10.0
R 38068.6018 8199.2964 10.0
R 38070.5937 8195.9370 10.0
R 38072.5857 8192.5776 10.0
R 38074.5777 8189.2182 10.0
R 38076.5697 8185.8588 10.0
R 38078.5616 8182.4993 10.0
R 38080.5536 8179.1399 10.0
R 38082.5456 8175.7805 10.0
R 38084.5376 8172.4211 10.0
R 38086.5296 8169.0617 10.0
R 38088.5215 8165.7023 10.0
R 38090.5135 8162.3428 10.0
R 38092.5055 8158.9834 10.0
R 38093.1650 8157.4350 10.0
R 38093.8550 8155.8150 10.0
R 38093.8525 8151.9600 10.0
R 38093.8500 8148.1050 10.0
R 38091.9600 8145.1617 10.0
R 38090.0700 8142.2183 10.0
R 38088.1800 8139.2750 10.0
R 38088.0439 8139.1856 10.0
R 38087.8450 8139.0550 10.0
R 38089.7803 8135.8758 10.0
R 38091.7156 8132.6965 10.0
R 38093.6509 8129.5173 10.0
R 38095.5862 8126.3380 10.0
R 38097.5215 8123.1588 10.0
R 38099.4568 8119.9795 10.0
R 38101.3921 8116.8003 10.0
R 38103.3274 8113.6210 10.0
R 38105.2627 8110.4418 10.0
R 38107.1980 8107.2625 10.0
R 38109.1333 8104.0833 10.0
R 38111.0686 8100.9041 10.0
R 38113.0039 8097.7248 10.0
R 38110.2809 8096.0673 10.0
ROUTE FUELTANK1_92711 OUT
R 38110.2809 8096.0673 10.0
R 38113.0039 8097.7248 10.0
R 38111.0686 8100.9041 10.0
R 38109.1333 8104.0833 10.0
R 38107.1980 8107.2625 10.0
R 38105.2627 8110.4418 10.0
R 38103.3274 8113.6210 10.0
R 38101.3921 8116.8003 10.0
R 38099.4568 8119.9795 10.0
R 38097.5215 8123.1588 10.0
R 38095.5862 8126.3380 10.0
R 38093.6509 8129.5173 10.0
R 38091.7156 8132.6965 10.0
R 38089.7803 8135.8758 10.0
R 38087.8450 8139.0550 10.0
R 38088.0439 8139.1856 10.0
R 38088.1800 8139.2750 10.0
R 38090.0700 8142.2183 10.0
R 38091.9600 8145.1617 10.0
R 38093.8500 8148.1050 10.0
R 38093.8525 8151.9600 10.0
R 38093.8550 8155.8150 10.0
R 38093.1650 8157.4350 10.0
R 38092.5055 8158.9834 10.0
R 38090.5135 8162.3428 10.0
R 38088.5215 8165.7023 10.0
R 38086.5296 8169.0617 10.0
R 38084.5376 8172.4211 10.0
R 38082.5456 8175.7805 10.0
R 38080.5536 8179.1399 10.0
R 38078.5616 8182.4993 10.0
R 38076.5697 8185.8588 10.0
R 38074.5777 8189.2182 10.0
R 38072.5857 8192.5776 10.0
R 38070.5937 8195.9370 10.0
R 38068.6018 8199.2964 10.0
R 38066.6098 8202.6558 10.0
R 38064.6178 8206.0153 10.0
R 38062.6258 8209.3747 10.0
R 38060.6338 8212.7341 10.0
R 38058.6419 8216.0935 10.0
R 38056.6499 8219.4529 10.0
R 38054.6579 8222.8123 10.0
R 38052.6659 8226.1718 10.0
R 38050.6740 8229.5312 10.0
R 38048.6820 8232.8906 10.0
R 38046.6900 8236.2500 10.0
R 38044.6701 8239.6565 10.0
R 38042.6502 8243.0630 10.0
R 38040.6303 8246.4696 10.0
R 38038.6104 8249.8761 10.0
R 38036.5904 8253.2826 10.0
R 38033.7127 8251.5763 10.0
R 38030.8350 8249.8699 10.0
R 38028.2825 8252.3150 10.0
R 38025.7300 8254.7600 10.0
R 38023.0066 8257.3688 10.0
R 38020.6250 8259.6501 10.0
R 38017.1985 8260.9121 10.0
R 38013.7720 8262.1741 10.0
R 38010.3455 8263.4361 10.0
R 38006.9190 8264.6980 10.0
R 38003.4925 8265.9600 10.0
R 38000.0660 8267.2220 10.0
R 37996.6395 8268.4840 10.0
R 37993.2130 8269.7460 10.0
R 37989.7865 8271.0080 10.0
R 37986.3600 8272.2700 10.0
R 37985.8027 8272.1783 10.0
R 37983.9359 8272.0604 10.0
R 37980.3582 8271.8343 10.0
R 37976.7804 8271.6083 10.0
R 37973.2026 8271.3822 10.0
R 37969.6248 8271.1562 10.0
R 37966.0470 8270.9301 10.0
R 37962.4692 8270.7041 10.0
R 37958.8914 8270.4780 10.0
R 37955.3136 8270.2520 10.0
R 37951.5278 8270.0128 10.0
R 37947.7419 8269.7736 10.0
R 37943.9560 8269.5344 10.0
R 37940.1701 8269.2952 10.0
R 37936.3842 8269.0560 10.0
R 37932.5984 8268.8168 10.0
R 37928.8125 8268.5776 10.0
R 37925.0266 8268.3384 10.0
R 37921.2407 8268.0992 10.0
R 37917.4549 8267.8600 10.0
R 37913.6690 8267.6208 10.0
R 37909.8831 8267.3816 10.0
R 37906.0972 8267.1424 10.0
R 37902.3113 8266.9032 10.0
R 37898.5255 8266.6640 10.0
R 37894.7396 8266.4248 10.0
R 37894.6864 8266.2511 10.0
R 37891.4073 8266.0433 10.0
R 37888.1282 8265.8355 10.0
R 37884.8492 8265.6277 10.0
R 37881.9167 8265.4418 10.0
R 37878.9842 8265.2560 10.0
R 37876.0518 8265.0701 10.0
R 37872.8197 8264.8653 10.0
R 37869.5877 8264.6604 10.0
R 37866.3557 8264.4556 10.0
R 37862.6560 8264.2211 10.0
R 37858.9563 8263.9867 10.0
R 37855.2566 8263.7522 10.0
R 37851.5569 8263.5177 10.0
R 37847.8573 8263.2832 10.0
R 37844.1576 8263.0488 10.0
R 37840.4579 8262.8143 10.0
R 37836.5142 8262.5644 10.0
R 37832.5704 8262.3144 10.0
R 37828.6267 8262.0645 10.0
R 37824.6830 8261.8145 10.0
R 37820.7392 8261.5646 10.0
R 37816.7955 8261.3147 10.0
R 37812.8517 8261.0647 10.0
R 37808.9080 8260.8148 10.0
R 37804.9643 8260.5648 10.0
R 37801.0205 8260.3149 10.0
R 37797.0768 8260.0650 10.0
R 37793.1331 8259.8150 10.0
R 37789.1893 8259.5651 10.0
R 37785.2456 8259.3151 10.0
R 37781.3019 8259.0652 10.0
R 37777.3581 8258.8152 10.0
R 37773.4144 8258.5653 10.0
R 37769.4707 8258.3154 10.0
R 37765.5269 8258.0654 10.0
R 37761.5832 8257.8155 10.0
R 37757.6394 8257.5655 10.0
R 37753.6957 8257.3156 10.0
R 37749.7520 8257.0657 10.0
R 37745.8082 8256.8157 10.0
R 37741.8645 8256.5658 10.0
R 37737.9208 8256.3158 10.0
R 37733.9770 8256.0659 10.0
R 37730.0333 8255.8160 10.0
R 37726.0896 8255.5660 10.0
R 37722.1458 8255.3161 10.0
R 37718.2021 8255.0661 10.0
R 37714.2583 8254.8162 10.0
R 37710.3146 8254.5663 10.0
R 37707.2369 8254.3712 10.0
R 37703.6271 8254.1424 10.0
R 37700.0172 8253.9137 10.0
R 37696.4074 8253.6849 10.0
R 37692.7975 8253.4561 10.0
R 37689.1877 8253.2273 10.0
R 37685.5778 8252.9985 10.0
R 37683.6198 8252.8744 10.0
R 37679.7225 8252.6274 10.0
R 37675.8253 8252.3804 10.0
R 37671.9280 8252.1335 10.0
R 37668.0308 8251.8865 10.0
R 37664.1335 8251.6395 10.0
R 37660.2363 8251.3925 10.0
R 37656.3390 8251.1455 10.0
R 37652.4418 8250.8985 10.0
R 37648.5445 8250.6515 10.0
R 37644.6473 8250.4045 10.0
R 37640.7500 8250.1575 10.0
R 37636.7959 8249.9069 10.0
R 37632.8417 8249.6563 10.0
R 37628.8876 8249.4057 10.0
R 37624.9335 8249.1551 10.0
R 37620.9793 8248.9045 10.0
R 37617.0252 8248.6539 10.0
R 37613.0711 8248.4033 10.0
R 37609.1170 8248.1527 10.0
R 37605.1628 8247.9021 10.0
R 37601.2087 8247.6515 10.0
R 37597.2546 8247.4009 10.0
R 37593.3004 8247.1503 10.0
R 37589.3463 8246.8997 10.0
R 37585.3922 8246.6491 10.0
R 37581.4380 8246.3985 10.0
R 37577.4839 8246.1479 10.0
R 37573.5298 8245.8973 10.0
R 37569.5757 8245.6467 10.0
R 37565.6215 8245.3961 10.0
R 37561.6674 8245.1455 10.0
R 37557.7133 8244.8949 10.0
R 37553.7591 8244.6443 10.0
R 37549.8050 8244.3937 10.0
R 37545.8509 8244.1431 10.0
R 37541.8967 8243.8925 10.0
R 37537.9426 8243.6419 10.0
R 37533.9885 8243.3913 10.0
R 37530.0343 8243.1407 10.0
R 37526.0802 8242.8901 10.0
R 37522.1261 8242.6395 10.0
R 37518.1720 8242.3889 10.0
R 37514.2178 8242.1383 10.0
R 37510.2637 8241.8877 10.0
R 37506.3096 8241.6371 10.0
R 37502.3554 8241.3865 10.0
R 37498.4013 8241.1359 10.0
R 37494.4472 8240.8853 10.0
R 37490.4930 8240.6347 10.0
R 37486.5389 8240.3841 10.0
R 37482.5848 8240.1335 10.0
R 37478.6307 8239.8829 10.0
R 37474.6765 8239.6323 10.0
R 37470.7224 8239.3817 10.0
R 37466.7683 8239.1311 10.0
R 37462.8141 8238.8805 10.0
R 37458.8600 8238.6299 10.0
R 37454.9059 8238.3793 10.0
R 37450.9517 8238.1287 10.0
R 37446.9976 8237.8781 10.0
R 37443.0435 8237.6275 10.0
R 37439.0893 8237.3769 10.0
R 37435.1352 8237.1263 10.0
R 37431.1811 8236.8757 10.0
R 37427.2270 8236.6252 10.0
R 37423.2728 8236.3746 10.0
R 37419.3187 8236.1240 10.0
R 37415.3646 8235.8734 10.0
R 37411.4104 8235.6228 10.0
R 37407.4563 8235.3722 10.0
R 37403.5022 8235.1216 10.0
R 37399.5480 8234.8710 10.0
R 37395.5939 8234.6204 10.0
R 37391.6398 8234.3698 10.0
R 37387.6857 8234.1192 10.0
R 37383.7315 8233.8686 10.0
R 37379.7774 8233.6180 10.0
R 37375.8233 8233.3674 10.0
R 37371.8691 8233.1168 10.0
R 37367.9150 8232.8662 10.0
R 37363.9609 8232.6156 10.0
R 37360.0067 8232.3650 10.0
R 37356.0526 8232.1144 10.0
R 37352.0985 8231.8638 10.0
R 37348.1443 8231.6132 10.0
R 37344.1902 8231.3626 10.0
R 37340.2361 8231.1120 10.0
R 37336.2820 8230.8614 10.0
R 37332.3278 8230.6108 10.0
R 37328.3737 8230.3602 10.0
R 37324.4196 8230.1096 10.0
R 37320.4654 8229.8590 10.0
R 37316.5113 8229.6084 10.0
R 37312.5572 8229.3578 10.0
R 37308.6030 8229.1072 10.0
R 37304.6489 8228.8566 10.0
R 37301.1866 8228.6371 10.0
R 37297.7243 8228.4177 10.0
R 37294.2620 8228.1983 10.0
R 37290.7996 8227.9789 10.0
R 37287.3373 8227.7594 10.0
R 37283.8750 8227.5400 10.0
R 37282.5383 8230.7733 10.0
R 37281.2016 8234.0065 10.0
R 37280.5221 8234.1172 10.0
R 37277.5061 8234.6086 10.0
R 37274.4900 8235.1000 10.0
R 37271.1342 8235.6467 10.0
R 37267.7784 8236.1935 10.0
R 37265.3375 8239.1181 10.0
R 37262.8966 8242.0427 10.0
R 37260.4556 8244.9673 10.0
R 37258.0147 8247.8919 10.0
R 37255.5737 8250.8165 10.0
R 37253.1328 8253.7412 10.0
R 37250.6919 8256.6658 10.0
R 37248.2509 8259.5904 10.0
R 37245.8100 8262.5150 10.0
R 37245.4075 8265.6675 10.0
R 37245.0050 8268.8200 10.0
R 37244.5603 8272.3027 10.0
R 37244.2000 8275.1250 10.0
R 37243.9842 8278.8225 10.0
R 37243.7683 8282.5200 10.0
R 37243.5525 8286.2175 10.0
R 37243.3367 8289.9150 10.0
R 37243.1208 8293.6125 10.0
R 37242.9050 8297.3100 10.0
R 37242.6892 8301.0075 10.0
R 37242.4733 8304.7050 10.0
R 37242.2575 8308.4025 10.0
R 37242.0417 8312.1000 10.0
R 37241.8258 8315.7975 10.0
R 37241.6100 8319.4950 10.0
R 37240.5759 8323.3005 10.0
R 37239.5417 8327.1059 10.0
R 37238.5076 8330.9114 10.0
R 37237.4734 8334.7169 10.0
R 37236.4393 8338.5223 10.0
R 37235.4051 8342.3278 10.0
R 37234.3710 8346.1333 10.0
R 37233.7659 8348.8006 10.0
R 37232.9379 8352.4503 10.0
R 37232.1100 8356.1000 10.0
R 37231.5655 8358.5002 10.0
R 37231.0210 8360.9005 10.0
R 37230.4350 8363.4836 10.0
R 37229.8490 8366.0667 10.0
R 37227.6017 8368.8209 10.0
R 37225.3543 8371.5750 10.0
R 37223.1069 8374.3292 10.0
R 37220.8595 8377.0834 10.0
R 37218.6121 8379.8375 10.0
R 37216.3648 8382.5917 10.0
R 37214.1174 8385.3458 10.0
R 37211.8700 8388.1000 10.0
R 37211.7343 8390.2662 10.0
R 37207.7444 8390.0163 10.0
R 37203.7545 8389.7664 10.0
R 37199.7645 8389.5165 10.0
R 37195.7746 8389.2665 10.0
R 37191.7847 8389.0166 10.0
R 37187.7947 8388.7667 10.0
R 37183.8048 8388.5168 10.0
R 37179.8149 8388.2669 10.0
R 37175.8249 8388.0170 10.0
R 37171.8350 8387.7671 10.0
R 37167.8451 8387.5172 10.0
R 37163.8551 8387.2673 10.0
R 37159.8652 8387.0174 10.0
R 37155.8753 8386.7675 10.0
R 37151.8854 8386.5176 10.0
R 37147.8954 8386.2677 10.0
R 37143.9055 8386.0178 10.0
R 37139.9156 8385.7679 10.0
R 37135.9256 8385.5180 10.0
R 37131.9414 8385.2684 10.0
R 37127.9572 8385.0189 10.0
R 37123.9730 8384.7694 10.0
R 37119.9888 8384.5198 10.0
R 37116.0046 8384.2703 10.0
R 37112.0204 8384.0207 10.0
R 37108.0361 8383.7712 10.0
R 37104.0519 8383.5216 10.0
R 37100.0677 8383.2721 10.0
R 37096.0835 8383.0225 10.0
R 37092.0993 8382.7730 10.0
R 37088.1151 8382.5234 10.0
R 37084.1309 8382.2739 10.0
R 37080.1467 8382.0244 10.0
R 37076.1625 8381.7748 10.0
R 37072.1782 8381.5253 10.0
R 37068.1940 8381.2757 10.0
R 37064.2098 8381.0262 10.0
R 37060.2256 8380.7766 10.0
R 37056.2414 8380.5271 10.0
R 37052.2572 8380.2775 10.0
R 37048.2730 8380.0280 10.0
R 37044.2888 8379.7784 10.0
R 37040.3046 8379.5289 10.0
R 37036.3203 8379.2794 10.0
R 37032.3361 8379.0298 10.0
R 37028.3519 8378.7803 10.0
R 37024.3677 8378.5307 10.0
R 37020.3835 8378.2812 10.0
R 37016.3993 8378.0316 10.0
R 37012.4151 8377.7821 10.0
R 37008.4309 8377.5325 10.0
R 37004.4466 8377.2830 10.0
R 37000.4624 8377.0334 10.0
R 36996.4782 8376.7839 10.0
R 36992.4940 8376.5343 10.0
R 36988.5098 8376.2848 10.0
R 36984.5256 8376.0353 10.0
R 36980.5414 8375.7857 10.0
R 36976.5572 8375.5362 10.0
R 36972.5730 8375.2866 10.0
R 36968.5887 8375.0371 10.0
R 36964.6045 8374.7875 10.0
R 36960.6203 8374.5380 10.0
R 36956.6361 8374.2884 10.0
R 36952.6519 8374.0389 10.0
R 36948.6677 8373.7893 10.0
R 36944.6835 8373.5398 10.0
R 36940.6993 8373.2903 10.0
R 36936.7151 8373.0407 10.0
R 36932.7308 8372.7912 10.0
R 36928.7466 8372.5416 10.0
R 36924.7624 8372.2921 10.0
R 36920.7782 8372.0425 10.0
R 36916.7940 8371.7930 10.0
R 36912.8098 8371.5434 10.0
R 36908.8256 8371.2939 10.0
R 36904.8414 8371.0443 10.0
R 36900.8571 8370.7948 10.0
R 36896.8729 8370.5453 10.0
R 36892.8887 8370.2957 10.0
R 36888.9045 8370.0462 10.0
R 36884.9203 8369.7966 10.0
R 36880.9361 8369.5471 10.0
R 36876.9519 8369.2975 10.0
R 36872.9677 8369.0480 10.0
R 36868.9835 8368.7984 10.0
R 36864.9992 8368.5489 10.0
R 36861.0150 8368.2993 10.0
R 36857.0308 8368.0498 10.0
R 36853.0466 8367.8003 10.0
R 36849.0624 8367.5507 10.0
R 36845.0782 8367.3012 10.0
R 36841.0940 8367.0516 10.0
R 36837.1098 8366.8021 10.0
R 36833.1256 8366.5525 10.0
R 36829.1413 8366.3030 10.0
R 36825.1571 8366.0534 10.0
R 36821.1729 8365.8039 10.0
R 36817.1887 8365.5543 10.0
R 36813.2045 8365.3048 10.0
R 36809.2203 8365.0553 10.0
R 36805.2361 8364.8057 10.0
R 36801.2519 8364.5562 10.0
R 36797.2676 8364.3066 10.0
R 36793.2834 8364.0571 10.0
R 36789.2992 8363.8075 10.0
R 36785.3150 8363.5580 10.0
R 36781.3308 8363.3084 10.0
R 36777.3466 8363.0589 10.0
R 36773.3624 8362.8093 10.0
R 36769.3782 8362.5598 10.0
R 36765.3940 8362.3103 10.0
R 36761.4097 8362.0607 10.0
R 36757.4255 8361.8112 10.0
R 36753.4413 8361.5616 10.0
R 36749.4571 8361.3121 10.0
R 36745.4729 8361.0625 10.0
R 36741.4887 8360.8130 10.0
R 36737.5045 8360.5634 10.0
R 36733.5203 8360.3139 10.0
R 36729.5361 8360.0643 10.0
R 36725.5518 8359.8148 10.0
R 36721.5676 8359.5653 10.0
R 36717.5834 8359.3157 10.0
R 36713.5992 8359.0662 10.0
R 36709.6150 8358.8166 10.0
R 36705.6308 8358.5671 10.0
R 36701.6466 8358.3175 10.0
R 36697.6624 8358.0680 10.0
R 36693.6781 8357.8184 10.0
R 36689.6939 8357.5689 10.0
R 36685.7097 8357.3193 10.0
R 36681.7255 8357.0698 10.0
R 36677.7413 8356.8203 10.0
R 36673.7571 8356.5707 10.0
R 36669.7729 8356.3212 10.0
R 36665.7887 8356.0716 10.0
R 36661.8045 8355.8221 10.0
R 36657.8202 8355.5725 10.0
R 36653.8360 8355.3230 10.0
R 36649.8518 8355.0734 10.0
R 36645.8676 8354.8239 10.0
R 36641.8834 8354.5743 10.0
R 36637.8992 8354.3248 10.0
R 36633.9150 8354.0752 10.0
R 36629.9308 8353.8257 10.0
R 36625.9466 8353.5762 10.0
R 36621.9623 8353.3266 10.0
R 36617.9781 8353.0771 10.0
R 36613.9939 8352.8275 10.0
R 36610.0097 8352.5780 10.0
R 36606.0255 8352.3284 10.0
R 36602.0413 8352.0789 10.0
R 36598.0571 8351.8293 10.0
R 36594.0729 8351.5798 10.0
R 36590.0886 8351.3302 10.0
R 36586.1044 8351.0807 10.0
R 36582.1202 8350.8312 10.0
R 36578.1360 8350.5816 10.0
R 36574.1518 8350.3321 10.0
R 36570.1676 8350.0825 10.0
R 36566.1834 8349.8330 10.0
R 36562.1992 8349.5834 10.0
R 36558.2150 8349.3339 10.0
R 36554.2307 8349.0843 10.0
R 36550.2465 8348.8348 10.0
R 36546.2623 8348.5852 10.0
R 36542.2781 8348.3357 10.0
R 36538.2939 8348.0862 10.0
R 36534.3097 8347.8366 10.0
R 36530.3255 8347.5871 10.0
R 36526.3413 8347.3375 10.0
R 36522.3571 8347.0880 10.0
R 36518.3728 8346.8384 10.0
R 36514.3886 8346.5889 10.0
R 36510.4044 8346.3393 10.0
R 36506.4202 8346.0898 10.0
R 36502.4360 8345.8402 10.0
R 36498.4518 8345.5907 10.0
R 36494.4676 8345.3412 10.0
R 36490.4834 8345.0916 10.0
R 36486.4992 8344.8421 10.0
R 36482.5149 8344.5925 10.0
R 36478.5307 8344.3430 10.0
R 36474.5465 8344.0934 10.0
R 36470.5623 8343.8439 10.0
R 36466.5781 8343.5943 10.0
R 36462.5939 8343.3448 10.0
R 36458.6097 8343.0952 10.0
R 36454.6255 8342.8457 10.0
R 36450.6412 8342.5962 10.0
R 36446.6570 8342.3466 10.0
R 36442.6728 8342.0971 10.0
R 36438.6886 8341.8475 10.0
R 36434.7044 8341.5980 10.0
R 36430.7202 8341.3484 10.0
R 36426.7360 8341.0989 10.0
R 36422.7518 8340.8493 10.0
R 36418.7676 8340.5998 10.0
R 36414.7833 8340.3502 10.0
R 36410.7991 8340.1007 10.0
R 36406.8149 8339.8512 10.0
R 36402.8307 8339.6016 10.0
R 36398.8465 8339.3521 10.0
R 36394.8623 8339.1025 10.0
R 36390.9741 8338.8590 10.0
R 36387.0858 8338.6154 10.0
R 36383.1976 8338.3719 10.0
R 36379.3094 8338.1284 10.0
R 36375.3467 8337.8802 10.0
R 36371.3840 8337.6320 10.0
R 36367.4213 8337.3838 10.0
R 36363.4586 8337.1356 10.0
R 36359.4959 8336.8874 10.0
R 36355.5332 8336.6392 10.0
R 36351.5705 8336.3910 10.0
R 36347.6078 8336.1428 10.0
R 36343.6450 8335.8946 10.0
R 36339.6823 8335.6464 10.0
R 36335.7196 8335.3982 10.0
R 36331.7569 8335.1500 10.0
R 36327.7942 8334.9018 10.0
R 36323.8315 8334.6536 10.0
R 36319.8688 8334.4054 10.0
R 36315.9061 8334.1572 10.0
R 36311.9434 8333.9090 10.0
R 36307.9807 8333.6608 10.0
R 36304.0180 8333.4126 10.0
R 36300.0553 8333.1644 10.0
R 36296.0926 8332.9162 10.0
R 36292.1299 8332.6680 10.0
R 36288.1672 8332.4198 10.0
R 36284.2045 8332.1716 10.0
R 36280.2418 8331.9234 10.0
R 36276.2791 8331.6752 10.0
R 36272.3164 8331.4270 10.0
R 36268.3537 8331.1788 10.0
R 36264.3909 8330.9306 10.0
R 36260.4282 8330.6824 10.0
R 36256.4655 8330.4342 10.0
R 36252.5028 8330.1860 10.0
R 36248.5401 8329.9378 10.0
R 36244.5774 8329.6896 10.0
R 36240.6147 8329.4414 10.0
R 36236.6520 8329.1932 10.0
R 36232.6893 8328.9450 10.0
R 36228.7266 8328.6968 10.0
R 36224.7639 8328.4486 10.0
R 36220.8012 8328.2004 10.0
R 36216.8385 8327.9522 10.0
R 36212.8758 8327.7040 10.0
R 36208.9131 8327.4558 10.0
R 36204.9504 8327.2076 10.0
R 36200.9877 8326.9594 10.0
R 36197.0250 8326.7112 10.0
R 36193.0623 8326.4631 10.0
R 36189.0995 8326.2149 10.0
R 36185.1368 8325.9667 10.0
R 36181.1741 8325.7185 10.0
R 36177.2114 8325.4703 10.0
R 36173.2487 8325.2221 10.0
R 36169.2860 8324.9739 10.0
R 36165.3233 8324.7257 10.0
R 36161.3606 8324.4775 10.0
R 36157.3979 8324.2293 10.0
R 36153.4352 8323.9811 10.0
REARM HANGER_WEAPON_92704 38077.9709 8076.3992 238.670 38070.5700 8031.9900
ROUTE HANGER_WEAPON_92704 IN
R 36153.4352 8323.9811 10.0
R 36157.3979 8324.2293 10.0
R 36161.3606 8324.4775 10.0
R 36165.3233 8324.7257 10.0
R 36169.2860 8324.9739 10.0
R 36173.2487 8325.2221 10.0
R 36177.2114 8325.4703 10.0
R 36181.1741 8325.7185 10.0
R 36185.1368 8325.9667 10.0
R 36189.0995 8326.2149 10.0
R 36193.0623 8326.4631 10.0
R 36197.0250 8326.7112 10.0
R 36200.9877 8326.9594 10.0
R 36204.9504 8327.2076 10.0
R 36208.9131 8327.4558 10.0
R 36212.8758 8327.7040 10.0
R 36216.8385 8327.9522 10.0
R 36220.8012 8328.2004 10.0
R 36224.7639 8328.4486 10.0
R 36228.7266 8328.6968 10.0
R 36232.6893 8328.9450 10.0
R 36236.6520 8329.1932 10.0
R 36240.6147 8329.4414 10.0
R 36244.5774 8329.6896 10.0
R 36248.5401 8329.9378 10.0
R 36252.5028 8330.1860 10.0
R 36256.4655 8330.4342 10.0
R 36260.4282 8330.6824 10.0
R 36264.3909 8330.9306 10.0
R 36268.3537 8331.1788 10.0
R 36272.3164 8331.4270 10.0
R 36276.2791 8331.6752 10.0
R 36280.2418 8331.9234 10.0
R 36284.2045 8332.1716 10.0
R 36288.1672 8332.4198 10.0
R 36292.1299 8332.6680 10.0
R 36296.0926 8332.9162 10.0
R 36300.0553 8333.1644 10.0
R 36304.0180 8333.4126 10.0
R 36307.9807 8333.6608 10.0
R 36311.9434 8333.9090 10.0
R 36315.9061 8334.1572 10.0
R 36319.8688 8334.4054 10.0
R 36323.8315 8334.6536 10.0
R 36327.7942 8334.9018 10.0
R 36331.7569 8335.1500 10.0
R 36335.7196 8335.3982 10.0
R 36339.6823 8335.6464 10.0
R 36343.6450 8335.8946 10.0
R 36347.6078 8336.1428 10.0
R 36351.5705 8336.3910 10.0
R 36355.5332 8336.6392 10.0
R 36359.4959 8336.8874 10.0
R 36363.4586 8337.1356 10.0
R 36367.4213 8337.3838 10.0
R 36371.3840 8337.6320 10.0
R 36375.3467 8337.8802 10.0
R 36379.3094 8338.1284 10.0
R 36383.1976 8338.3719 10.0
R 36387.0858 8338.6154 10.0
R 36390.9741 8338.8590 10.0
R 36394.8623 8339.1025 10.0
R 36398.8465 8339.3521 10.0
R 36402.8307 8339.6016 10.0
R 36406.8149 8339.8512 10.0
R 36410.7991 8340.1007 10.0
R 36414.7833 8340.3502 10.0
R 36418.7676 8340.5998 10.0
R 36422.7518 8340.8493 10.0
R 36426.7360 8341.0989 10.0
R 36430.7202 8341.3484 10.0
R 36434.7044 8341.5980 10.0
R 36438.6886 8341.8475 10.0
R 36442.6728 8342.0971 10.0
R 36446.6570 8342.3466 10.0
R 36450.6412 8342.5962 10.0
R 36454.6255 8342.8457 10.0
R 36458.6097 8343.0952 10.0
R 36462.5939 8343.3448 10.0
R 36466.5781 8343.5943 10.0
R 36470.5623 8343.8439 10.0
R 36474.5465 8344.0934 10.0
R 36478.5307 8344.3430 10.0
R 36482.5149 8344.5925 10.0
R 36486.4992 8344.8421 10.0
R 36490.4834 8345.0916 10.0
R 36494.4676 8345.3412 10.0
R 36498.4518 8345.5907 10.0
R 36502.4360 8345.8402 10.0
R 36506.4202 8346.0898 10.0
R 36510.4044 8346.3393 10.0
R 36514.3886 8346.5889 10.0
R 36518.3728 8346.8384 10.0
R 36522.3571 8347.0880 10.0
R 36526.3413 8347.3375 10.0
R 36530.3255 8347.5871 10.0
R 36534.3097 8347.8366 10.0
R 36538.2939 8348.0862 10.0
R 36542.2781 8348.3357 10.0
R 36546.2623 8348.5852 10.0
R 36550.2465 8348.8348 10.0
R 36554.2307 8349.0843 10.0
R 36558.2150 8349.3339 10.0
R 36562.1992 8349.5834 10.0
R 36566.1834 8349.8330 10.0
R 36570.1676 8350.0825 10.0
R 36574.1518 8350.3321 10.0
R 36578.1360 8350.5816 10.0
R 36582.1202 8350.8312 10.0
R 36586.1044 8351.0807 10.0
R 36590.0886 8351.3302 10.0
R 36594.0729 8351.5798 10.0
R 36598.0571 8351.8293 10.0
R 36602.0413 8352.0789 10.0
R 36606.0255 8352.3284 10.0
R 36610.0097 8352.5780 10.0
R 36613.9939 8352.8275 10.0
R 36617.9781 8353.0771 10.0
R 36621.9623 8353.3266 10.0
R 36625.9466 8353.5762 10.0
R 36629.9308 8353.8257 10.0
R 36633.9150 8354.0752 10.0
R 36637.8992 8354.3248 10.0
R 36641.8834 8354.5743 10.0
R 36645.8676 8354.8239 10.0
R 36649.8518 8355.0734 10.0
R 36653.8360 8355.3230 10.0
R 36657.8202 8355.5725 10.0
R 36661.8045 8355.8221 10.0
R 36665.7887 8356.0716 10.0
R 36669.7729 8356.3212 10.0
R 36673.7571 8356.5707 10.0
R 36677.7413 8356.8203 10.0
R 36681.7255 8357.0698 10.0
R 36685.7097 8357.3193 10.0
R 36689.6939 8357.5689 10.0
R 36693.6781 8357.8184 10.0
R 36697.6624 8358.0680 10.0
R 36701.6466 8358.3175 10.0
R 36705.6308 8358.5671 10.0
R 36709.6150 8358.8166 10.0
R 36713.5992 8359.0662 10.0
R 36717.5834 8359.3157 10.0
R 36721.5676 8359.5653 10.0
R 36725.5518 8359.8148 10.0
R 36729.5361 8360.0643 10.0
R 36733.5203 8360.3139 10.0
R 36737.5045 8360.5634 10.0
R 36741.4887 8360.8130 10.0
R 36745.4729 8361.0625 10.0
R 36749.4571 8361.3121 10.0
R 36753.4413 8361.5616 10.0
R 36757.4255 8361.8112 10.0
R 36761.4097 8362.0607 10.0
R 36765.3940 8362.3103 10.0
R 36769.3782 8362.5598 10.0
R 36773.3624 8362.8093 10.0
R 36777.3466 8363.0589 10.0
R 36781.3308 8363.3084 10.0
R 36785.3150 8363.5580 10.0
R 36789.2992 8363.8075 10.0
R 36793.2834 8364.0571 10.0
R 36797.2676 8364.3066 10.0
R 36801.2519 8364.5562 10.0
R 36805.2361 8364.8057 10.0
R 36809.2203 8365.0553 10.0
R 36813.2045 8365.3048 10.0
R 36817.1887 8365.5543 10.0
R 36821.1729 8365.8039 10.0
R 36825.1571 8366.0534 10.0
R 36829.1413 8366.3030 10.0
R 36833.1256 8366.5525 10.0
R 36837.1098 8366.8021 10.0
R 36841.0940 8367.0516 10.0
R 36845.0782 8367.3012 10.0
R 36849.0624 8367.5507 10.0
R 36853.0466 8367.8003 10.0
R 36857.0308 8368.0498 10.0
R 36861.0150 8368.2993 10.0
R 36864.9992 8368.5489 10.0
R 36868.9835 8368.7984 10.0
R 36872.9677 8369.0480 10.0
R 36876.9519 8369.2975 10.0
R 36880.9361 8369.5471 10.0
R 36884.9203 8369.7966 10.0
R 36888.9045 8370.0462 10.0
R 36892.8887 8370.2957 10.0
R 36896.8729 8370.5453 10.0
R 36900.8571 8370.7948 10.0
R 36904.8414 8371.0443 10.0
R 36908.8256 8371.2939 10.0
R 36912.8098 8371.5434 10.0
R 36916.7940 8371.7930 10.0
R 36920.7782 8372.0425 10.0
R 36924.7624 8372.2921 10.0
R 36928.7466 8372.5416 10.0
R 36932.7308 8372.7912 10.0
R 36936.7151 8373.0407 10.0
R 36940.6993 8373.2903 10.0
R 36944.6835 8373.5398 10.0
R 36948.6677 8373.7893 10.0
R 36952.6519 8374.0389 10.0
R 36956.6361 8374.2884 10.0
R 36960.6203 8374.5380 10.0
R 36964.6045 8374.7875 10.0
R 36968.5887 8375.0371 10.0
R 36972.5730 8375.2866 10.0
R 36976.5572 8375.5362 10.0
R 36980.5414 8375.7857 10.0
R 36984.5256 8376.0353 10.0
R 36988.5098 8376.2848 10.0
R 36992.4940 8376.5343 10.0
R 36996.4782 8376.7839 10.0
R 37000.4624 8377.0334 10.0
R 37004.4466 8377.2830 10.0
R 37008.4309 8377.5325 10.0
R 37012.4151 8377.7821 10.0
R 37016.3993 8378.0316 10.0
R 37020.3835 8378.2812 10.0
R 37024.3677 8378.5307 10.0
R 37028.3519 8378.7803 10.0
R 37032.3361 8379.0298 10.0
R 37036.3203 8379.2794 10.0
R 37040.3046 8379.5289 10.0
R 37044.2888 8379.7784 10.0
R 37048.2730 8380.0280 10.0
R 37052.2572 8380.2775 10.0
R 37056.2414 8380.5271 10.0
R 37060.2256 8380.7766 10.0
R 37064.2098 8381.0262 10.0
R 37068.1940 8381.2757 10.0
R 37072.1782 8381.5253 10.0
R 37076.1625 8381.7748 10.0
R 37080.1467 8382.0244 10.0
R 37084.1309 8382.2739 10.0
R 37088.1151 8382.5234 10.0
R 37092.0993 8382.7730 10.0
R 37096.0835 8383.0225 10.0
R 37100.0677 8383.2721 10.0
R 37104.0519 8383.5216 10.0
R 37108.0361 8383.7712 10.0
R 37112.0204 8384.0207 10.0
R 37116.0046 8384.2703 10.0
R 37119.9888 8384.5198 10.0
R 37123.9730 8384.7694 10.0
R 37127.9572 8385.0189 10.0
R 37131.9414 8385.2684 10.0
R 37135.9256 8385.5180 10.0
R 37139.9156 8385.7679 10.0
R 37143.9055 8386.0178 10.0
R 37147.8954 8386.2677 10.0
R 37151.8854 8386.5176 10.0
R 37155.8753 8386.7675 10.0
R 37159.8652 8387.0174 10.0
R 37163.8551 8387.2673 10.0
R 37167.8451 8387.5172 10.0
R 37171.8350 8387.7671 10.0
R 37175.8249 8388.0170 10.0
R 37179.8149 8388.2669 10.0
R 37183.8048 8388.5168 10.0
R 37187.7947 8388.7667 10.0
R 37191.7847 8389.0166 10.0
R 37195.7746 8389.2665 10.0
R 37199.7645 8389.5165 10.0
R 37203.7545 8389.7664 10.0
R 37207.7444 8390.0163 10.0
R 37211.7343 8390.2662 10.0
R 37211.8700 8388.1000 10.0
R 37214.1174 8385.3458 10.0
R 37216.3648 8382.5917 10.0
R 37218.6121 8379.8375 10.0
R 37220.8595 8377.0834 10.0
R 37223.1069 8374.3292 10.0
R 37225.3543 8371.5750 10.0
R 37227.6017 8368.8209 10.0
R 37229.8490 8366.0667 10.0
R 37230.4350 8363.4836 10.0
R 37231.0210 8360.9005 10.0
R 37231.5655 8358.5002 10.0
R 37232.1100 8356.1000 10.0
R 37232.9379 8352.4503 10.0
R 37233.7659 8348.8006 10.0
R 37234.3710 8346.1333 10.0
R 37235.4051 8342.3278 10.0
R 37236.4393 8338.5223 10.0
R 37237.4734 8334.7169 10.0
R 37238.5076 8330.9114 10.0
R 37239.5417 8327.1059 10.0
R 37240.5759 8323.3005 10.0
R 37241.6100 8319.4950 10.0
R 37241.8258 8315.7975 10.0
R 37242.0417 8312.1000 10.0
R 37242.2575 8308.4025 10.0
R 37242.4733 8304.7050 10.0
R 37242.6892 8301.0075 10.0
R 37242.9050 8297.3100 10.0
R 37243.1208 8293.6125 10.0
R 37243.3367 8289.9150 10.0
R 37243.5525 8286.2175 10.0
R 37243.7683 8282.5200 10.0
R 37243.9842 8278.8225 10.0
R 37244.2000 8275.1250 10.0
R 37244.5603 8272.3027 10.0
R 37245.0050 8268.8200 10.0
R 37245.4075 8265.6675 10.0
R 37245.8100 8262.5150 10.0
R 37248.2509 8259.5904 10.0
R 37250.6919 8256.6658 10.0
R 37253.1328 8253.7412 10.0
R 37255.5737 8250.8165 10.0
R 37258.0147 8247.8919 10.0
R 37260.4556 8244.9673 10.0
R 37262.8966 8242.0427 10.0
R 37265.3375 8239.1181 10.0
R 37267.7784 8236.1935 10.0
R 37271.1342 8235.6467 10.0
R 37274.4900 8235.1000 10.0
R 37277.5061 8234.6086 10.0
R 37280.5221 8234.1172 10.0
R 37281.2016 8234.0065 10.0
R 37282.5383 8230.7733 10.0
R 37283.8750 8227.5400 10.0
R 37287.3373 8227.7594 10.0
R 37290.7996 8227.9789 10.0
R 37294.2620 8228.1983 10.0
R 37297.7243 8228.4177 10.0
R 37301.1866 8228.6371 10.0
R 37304.6489 8228.8566 10.0
R 37308.6030 8229.1072 10.0
R 37312.5572 8229.3578 10.0
R 37316.5113 8229.6084 10.0
R 37320.4654 8229.8590 10.0
R 37324.4196 8230.1096 10.0
R 37328.3737 8230.3602 10.0
R 37332.3278 8230.6108 10.0
R 37336.2820 8230.8614 10.0
R 37340.2361 8231.1120 10.0
R 37344.1902 8231.3626 10.0
R 37348.1443 8231.6132 10.0
R 37352.0985 8231.8638 10.0
R 37356.0526 8232.1144 10.0
R 37360.0067 8232.3650 10.0
R 37363.9609 8232.6156 10.0
R 37367.9150 8232.8662 10.0
R 37371.8691 8233.1168 10.0
R 37375.8233 8233.3674 10.0
R 37379.7774 8233.6180 10.0
R 37383.7315 8233.8686 10.0
R 37387.6857 8234.1192 10.0
R 37391.6398 8234.3698 10.0
R 37395.5939 8234.6204 10.0
R 37399.5480 8234.8710 10.0
R 37403.5022 8235.1216 10.0
R 37407.4563 8235.3722 10.0
R 37411.4104 8235.6228 10.0
R 37415.3646 8235.8734 10.0
R 37419.3187 8236.1240 10.0
R 37423.2728 8236.3746 10.0
R 37427.2270 8236.6252 10.0
R 37431.1811 8236.8757 10.0
R 37435.1352 8237.1263 10.0
R 37439.0893 8237.3769 10.0
R 37443.0435 8237.6275 10.0
R 37446.9976 8237.8781 10.0
R 37450.9517 8238.1287 10.0
R 37454.9059 8238.3793 10.0
R 37458.8600 8238.6299 10.0
R 37462.8141 8238.8805 10.0
R 37466.7683 8239.1311 10.0
R 37470.7224 8239.3817 10.0
R 37474.6765 8239.6323 10.0
R 37478.6307 8239.8829 10.0
R 37482.5848 8240.1335 10.0
R 37486.5389 8240.3841 10.0
R 37490.4930 8240.6347 10.0
R 37494.4472 8240.8853 10.0
R 37498.4013 8241.1359 10.0
R 37502.3554 8241.3865 10.0
R 37506.3096 8241.6371 10.0
R 37510.2637 8241.8877 10.0
R 37514.2178 8242.1383 10.0
R 37518.1720 8242.3889 10.0
R 37522.1261 8242.6395 10.0
R 37526.0802 8242.8901 10.0
R 37530.0343 8243.1407 10.0
R 37533.9885 8243.3913 10.0
R 37537.9426 8243.6419 10.0
R 37541.8967 8243.8925 10.0
R 37545.8509 8244.1431 10.0
R 37549.8050 8244.3937 10.0
R 37553.7591 8244.6443 10.0
R 37557.7133 8244.8949 10.0
R 37561.6674 8245.1455 10.0
R 37565.6215 8245.3961 10.0
R 37569.5757 8245.6467 10.0
R 37573.5298 8245.8973 10.0
R 37577.4839 8246.1479 10.0
R 37581.4380 8246.3985 10.0
R 37585.3922 8246.6491 10.0
R 37589.3463 8246.8997 10.0
R 37593.3004 8247.1503 10.0
R 37597.2546 8247.4009 10.0
R 37601.2087 8247.6515 10.0
R 37605.1628 8247.9021 10.0
R 37609.1170 8248.1527 10.0
R 37613.0711 8248.4033 10.0
R 37617.0252 8248.6539 10.0
R 37620.9793 8248.9045 10.0
R 37624.9335 8249.1551 10.0
R 37628.8876 8249.4057 10.0
R 37632.8417 8249.6563 10.0
R 37636.7959 8249.9069 10.0
R 37640.7500 8250.1575 10.0
R 37644.6473 8250.4045 10.0
R 37648.5445 8250.6515 10.0
R 37652.4418 8250.8985 10.0
R 37656.3390 8251.1455 10.0
R 37660.2363 8251.3925 10.0
R 37664.1335 8251.6395 10.0
R 37668.0308 8251.8865 10.0
R 37671.9280 8252.1335 10.0
R 37675.8253 8252.3804 10.0
R 37679.7225 8252.6274 10.0
R 37683.6198 8252.8744 10.0
R 37685.5778 8252.9985 10.0
R 37689.1877 8253.2273 10.0
R 37692.7975 8253.4561 10.0
R 37696.4074 8253.6849 10.0
R 37700.0172 8253.9137 10.0
R 37703.6271 8254.1424 10.0
R 37707.2369 8254.3712 10.0
R 37710.3146 8254.5663 10.0
R 37714.2583 8254.8162 10.0
R 37718.2021 8255.0661 10.0
R 37722.1458 8255.3161 10.0
R 37726.0896 8255.5660 10.0
R 37730.0333 8255.8160 10.0
R 37733.9770 8256.0659 10.0
R 37737.9208 8256.3158 10.0
R 37741.8645 8256.5658 10.0
R 37745.8082 8256.8157 10.0
R 37749.7520 8257.0657 10.0
R 37753.6957 8257.3156 10.0
R 37757.6394 8257.5655 10.0
R 37761.5832 8257.8155 10.0
R 37765.5269 8258.0654 10.0
R 37769.4707 8258.3154 10.0
R 37773.4144 8258.5653 10.0
R 37777.3581 8258.8152 10.0
R 37781.3019 8259.0652 10.0
R 37785.2456 8259.3151 10.0
R 37789.1893 8259.5651 10.0
R 37793.1331 8259.8150 10.0
R 37797.0768 8260.0650 10.0
R 37801.0205 8260.3149 10.0
R 37804.9643 8260.5648 10.0
R 37808.9080 8260.8148 10.0
R 37812.8517 8261.0647 10.0
R 37816.7955 8261.3147 10.0
R 37820.7392 8261.5646 10.0
R 37824.6830 8261.8145 10.0
R 37828.6267 8262.0645 10.0
R 37832.5704 8262.3144 10.0
R 37836.5142 8262.5644 10.0
R 37840.4579 8262.8143 10.0
R 37844.1576 8263.0488 10.0
R 37847.8573 8263.2832 10.0
R 37851.5569 8263.5177 10.0
R 37855.2566 8263.7522 10.0
R 37858.9563 8263.9867 10.0
R 37862.6560 8264.2211 10.0
R 37866.3557 8264.4556 10.0
R 37869.5877 8264.6604 10.0
R 37872.8197 8264.8653 10.0
R 37876.0518 8265.0701 10.0
R 37878.9842 8265.2560 10.0
R 37881.9167 8265.4418 10.0
R 37884.8492 8265.6277 10.0
R 37888.1282 8265.8355 10.0
R 37891.4073 8266.0433 10.0
R 37894.6864 8266.2511 10.0
R 37894.7396 8266.4248 10.0
R 37898.5255 8266.6640 10.0
R 37902.3113 8266.9032 10.0
R 37906.0972 8267.1424 10.0
R 37909.8831 8267.3816 10.0
R 37913.6690 8267.6208 10.0
R 37917.4549 8267.8600 10.0
R 37921.2407 8268.0992 10.0
R 37925.0266 8268.3384 10.0
R 37928.8125 8268.5776 10.0
R 37932.5984 8268.8168 10.0
R 37936.3842 8269.0560 10.0
R 37940.1701 8269.2952 10.0
R 37943.9560 8269.5344 10.0
R 37947.7419 8269.7736 10.0
R 37951.5278 8270.0128 10.0
R 37955.3136 8270.2520 10.0
R 37958.8914 8270.4780 10.0
R 37962.4692 8270.7041 10.0
R 37966.0470 8270.9301 10.0
R 37969.6248 8271.1562 10.0
R 37973.2026 8271.3822 10.0
R 37976.7804 8271.6083 10.0
R 37980.3582 8271.8343 10.0
R 37983.9359 8272.0604 10.0
R 37985.8027 8272.1783 10.0
R 37986.3600 8272.2700 10.0
R 37989.7865 8271.0080 10.0
R 37993.2130 8269.7460 10.0
R 37996.6395 8268.4840 10.0
R 38000.0660 8267.2220 10.0
R 38003.4925 8265.9600 10.0
R 38006.9190 8264.6980 10.0
R 38010.3455 8263.4361 10.0
R 38013.7720 8262.1741 10.0
R 38017.1985 8260.9121 10.0
R 38020.6250 8259.6501 10.0
R 38023.0066 8257.3688 10.0
R 38025.7300 8254.7600 10.0
R 38028.2825 8252.3150 10.0
R 38030.8350 8249.8699 10.0
R 38033.7127 8251.5763 10.0
R 38036.5904 8253.2826 10.0
R 38038.6104 8249.8761 10.0
R 38040.6303 8246.4696 10.0
R 38042.6502 8243.0630 10.0
R 38044.6701 8239.6565 10.0
R 38046.6900 8236.2500 10.0
R 38048.6820 8232.8906 10.0
R 38050.6740 8229.5312 10.0
R 38052.6659 8226.1718 10.0
R 38054.6579 8222.8123 10.0
R 38056.6499 8219.4529 10.0
R 38058.6419 8216.0935 10.0
R 38060.6338 8212.7341 10.0
R 38062.6258 8209.3747 10.0
R 38064.6178 8206.0153 10.0
R 38066.6098 8202.6558 10.0
R 38068.6018 8199.2964 10.0
R 38070.5937 8195.9370 10.0
R 38072.5857 8192.5776 10.0
R 38074.5777 8189.2182 10.0
R 38076.5697 8185.8588 10.0
R 38078.5616 8182.4993 10.0
R 38080.5536 8179.1399 10.0
R 38082.5456 8175.7805 10.0
R 38084.5376 8172.4211 10.0
R 38086.5296 8169.0617 10.0
R 38088.5215 8165.7023 10.0
R 38090.5135 8162.3428 10.0
R 38092.5055 8158.9834 10.0
R 38093.1650 8157.4350 10.0
R 38093.8550 8155.8150 10.0
R 38093.8525 8151.9600 10.0
R 38093.8500 8148.1050 10.0
R 38091.9600 8145.1617 10.0
R 38090.0700 8142.2183 10.0
R 38088.1800 8139.2750 10.0
R 38088.0439 8139.1856 10.0
R 38087.8450 8139.0550 10.0
R 38089.7803 8135.8758 10.0
R 38091.7156 8132.6965 10.0
R 38093.6509 8129.5173 10.0
R 38095.5862 8126.3380 10.0
R 38097.5215 8123.1588 10.0
R 38099.4568 8119.9795 10.0
R 38101.3921 8116.8003 10.0
R 38103.3274 8113.6210 10.0
R 38105.2627 8110.4418 10.0
R 38107.1980 8107.2625 10.0
R 38109.1333 8104.0833 10.0
R 38111.0686 8100.9041 10.0
R 38113.0039 8097.7248 10.0
R 38109.8191 8095.7861 10.0
R 38106.6343 8093.8474 10.0
R 38103.4494 8091.9087 10.0
R 38100.2646 8089.9700 10.0
R 38097.0798 8088.0314 10.0
R 38093.8950 8086.0927 10.0
R 38090.7102 8084.1540 10.0
R 38087.5254 8082.2153 10.0
R 38084.3406 8080.2766 10.0
R 38081.1557 8078.3379 10.0
R 38077.9709 8076.3992 10.0
ROUTE HANGER_WEAPON_92704 OUT
R 38077.9709 8076.3992 10.0
R 38081.1557 8078.3379 10.0
R 38084.3406 8080.2766 10.0
R 38087.5254 8082.2153 10.0
R 38090.7102 8084.1540 10.0
R 38093.8950 8086.0927 10.0
R 38097.0798 8088.0314 10.0
R 38100.2646 8089.9700 10.0
R 38103.4494 8091.9087 10.0
R 38106.6343 8093.8474 10.0
R 38109.8191 8095.7861 10.0
R 38113.0039 8097.7248 10.0
R 38111.0686 8100.9041 10.0
R 38109.1333 8104.0833 10.0
R 38107.1980 8107.2625 10.0
R 38105.2627 8110.4418 10.0
R 38103.3274 8113.6210 10.0
R 38101.3921 8116.8003 10.0
R 38099.4568 8119.9795 10.0
R 38097.5215 8123.1588 10.0
R 38095.5862 8126.3380 10.0
R 38093.6509 8129.5173 10.0
R 38091.7156 8132.6965 10.0
R 38089.7803 8135.8758 10.0
R 38087.8450 8139.0550 10.0
R 38088.0439 8139.1856 10.0
R 38088.1800 8139.2750 10.0
R 38090.0700 8142.2183 10.0
R 38091.9600 8145.1617 10.0
R 38093.8500 8148.1050 10.0
R 38093.8525 8151.9600 10.0
R 38093.8550 8155.8150 10.0
R 38093.1650 8157.4350 10.0
R 38092.5055 8158.9834 10.0
R 38090.5135 8162.3428 10.0
R 38088.5215 8165.7023 10.0
R 38086.5296 8169.0617 10.0
R 38084.5376 8172.4211 10.0
R 38082.5456 8175.7805 10.0
R 38080.5536 8179.1399 10.0
R 38078.5616 8182.4993 10.0
R 38076.5697 8185.8588 10.0
R 38074.5777 8189.2182 10.0
R 38072.5857 8192.5776 10.0
R 38070.5937 8195.9370 10.0
R 38068.6018 8199.2964 10.0
R 38066.6098 8202.6558 10.0
R 38064.6178 8206.0153 10.0
R 38062.6258 8209.3747 10.0
R 38060.6338 8212.7341 10.0
R 38058.6419 8216.0935 10.0
R 38056.6499 8219.4529 10.0
R 38054.6579 8222.8123 10.0
R 38052.6659 8226.1718 10.0
R 38050.6740 8229.5312 10.0
R 38048.6820 8232.8906 10.0
R 38046.6900 8236.2500 10.0
R 38044.6701 8239.6565 10.0
R 38042.6502 8243.0630 10.0
R 38040.6303 8246.4696 10.0
R 38038.6104 8249.8761 10.0
R 38036.5904 8253.2826 10.0
R 38033.7127 8251.5763 10.0
R 38030.8350 8249.8699 10.0
R 38028.2825 8252.3150 10.0
R 38025.7300 8254.7600 10.0
R 38023.0066 8257.3688 10.0
R 38020.6250 8259.6501 10.0
R 38017.1985 8260.9121 10.0
R 38013.7720 8262.1741 10.0
R 38010.3455 8263.4361 10.0
R 38006.9190 8264.6980 10.0
R 38003.4925 8265.9600 10.0
R 38000.0660 8267.2220 10.0
R 37996.6395 8268.4840 10.0
R 37993.2130 8269.7460 10.0
R 37989.7865 8271.0080 10.0
R 37986.3600 8272.2700 10.0
R 37985.8027 8272.1783 10.0
R 37983.9359 8272.0604 10.0
R 37980.3582 8271.8343 10.0
R 37976.7804 8271.6083 10.0
R 37973.2026 8271.3822 10.0
R 37969.6248 8271.1562 10.0
R 37966.0470 8270.9301 10.0
R 37962.4692 8270.7041 10.0
R 37958.8914 8270.4780 10.0
R 37955.3136 8270.2520 10.0
R 37951.5278 8270.0128 10.0
R 37947.7419 8269.7736 10.0
R 37943.9560 8269.5344 10.0
R 37940.1701 8269.2952 10.0
R 37936.3842 8269.0560 10.0
R 37932.5984 8268.8168 10.0
R 37928.8125 8268.5776 10.0
R 37925.0266 8268.3384 10.0
R 37921.2407 8268.0992 10.0
R 37917.4549 8267.8600 10.0
R 37913.6690 8267.6208 10.0
R 37909.8831 8267.3816 10.0
R 37906.0972 8267.1424 10.0
R 37902.3113 8266.9032 10.0
R 37898.5255 8266.6640 10.0
R 37894.7396 8266.4248 10.0
R 37894.6864 8266.2511 10.0
R 37891.4073 8266.0433 10.0
R 37888.1282 8265.8355 10.0
R 37884.8492 8265.6277 10.0
R 37881.9167 8265.4418 10.0
R 37878.9842 8265.2560 10.0
R 37876.0518 8265.0701 10.0
R 37872.8197 8264.8653 10.0
R 37869.5877 8264.6604 10.0
R 37866.3557 8264.4556 10.0
R 37862.6560 8264.2211 10.0
R 37858.9563 8263.9867 10.0
R 37855.2566 8263.7522 10.0
R 37851.5569 8263.5177 10.0
R 37847.8573 8263.2832 10.0
R 37844.1576 8263.0488 10.0
R 37840.4579 8262.8143 10.0
R 37836.5142 8262.5644 10.0
R 37832.5704 8262.3144 10.0
R 37828.6267 8262.0645 10.0
R 37824.6830 8261.8145 10.0
R 37820.7392 8261.5646 10.0
R 37816.7955 8261.3147 10.0
R 37812.8517 8261.0647 10.0
R 37808.9080 8260.8148 10.0
R 37804.9643 8260.5648 10.0
R 37801.0205 8260.3149 10.0
R 37797.0768 8260.0650 10.0
R 37793.1331 8259.8150 10.0
R 37789.1893 8259.5651 10.0
R 37785.2456 8259.3151 10.0
R 37781.3019 8259.0652 10.0
R 37777.3581 8258.8152 10.0
R 37773.4144 8258.5653 10.0
R 37769.4707 8258.3154 10.0
R 37765.5269 8258.0654 10.0
R 37761.5832 8257.8155 10.0
R 37757.6394 8257.5655 10.0
R 37753.6957 8257.3156 10.0
R 37749.7520 8257.0657 10.0
R 37745.8082 8256.8157 10.0
R 37741.8645 8256.5658 10.0
R 37737.9208 8256.3158 10.0
R 37733.9770 8256.0659 10.0
R 37730.0333 8255.8160 10.0
R 37726.0896 8255.5660 10.0
R 37722.1458 8255.3161 10.0
R 37718.2021 8255.0661 10.0
R 37714.2583 8254.8162 10.0
R 37710.3146 8254.5663 10.0
R 37707.2369 8254.3712 10.0
R 37703.6271 8254.1424 10.0
R 37700.0172 8253.9137 10.0
R 37696.4074 8253.6849 10.0
R 37692.7975 8253.4561 10.0
R 37689.1877 8253.2273 10.0
R 37685.5778 8252.9985 10.0
R 37683.6198 8252.8744 10.0
R 37679.7225 8252.6274 10.0
R 37675.8253 8252.3804 10.0
R 37671.9280 8252.1335 10.0
R 37668.0308 8251.8865 10.0
R 37664.1335 8251.6395 10.0
R 37660.2363 8251.3925 10.0
R 37656.3390 8251.1455 10.0
R 37652.4418 8250.8985 10.0
R 37648.5445 8250.6515 10.0
R 37644.6473 8250.4045 10.0
R 37640.7500 8250.1575 10.0
R 37636.7959 8249.9069 10.0
R 37632.8417 8249.6563 10.0
R 37628.8876 8249.4057 10.0
R 37624.9335 8249.1551 10.0
R 37620.9793 8248.9045 10.0
R 37617.0252 8248.6539 10.0
R 37613.0711 8248.4033 10.0
R 37609.1170 8248.1527 10.0
R 37605.1628 8247.9021 10.0
R 37601.2087 8247.6515 10.0
R 37597.2546 8247.4009 10.0
R 37593.3004 8247.1503 10.0
R 37589.3463 8246.8997 10.0
R 37585.3922 8246.6491 10.0
R 37581.4380 8246.3985 10.0
R 37577.4839 8246.1479 10.0
R 37573.5298 8245.8973 10.0
R 37569.5757 8245.6467 10.0
R 37565.6215 8245.3961 10.0
R 37561.6674 8245.1455 10.0
R 37557.7133 8244.8949 10.0
R 37553.7591 8244.6443 10.0
R 37549.8050 8244.3937 10.0
R 37545.8509 8244.1431 10.0
R 37541.8967 8243.8925 10.0
R 37537.9426 8243.6419 10.0
R 37533.9885 8243.3913 10.0
R 37530.0343 8243.1407 10.0
R 37526.0802 8242.8901 10.0
R 37522.1261 8242.6395 10.0
R 37518.1720 8242.3889 10.0
R 37514.2178 8242.1383 10.0
R 37510.2637 8241.8877 10.0
R 37506.3096 8241.6371 10.0
R 37502.3554 8241.3865 10.0
R 37498.4013 8241.1359 10.0
R 37494.4472 8240.8853 10.0
R 37490.4930 8240.6347 10.0
R 37486.5389 8240.3841 10.0
R 37482.5848 8240.1335 10.0
R 37478.6307 8239.8829 10.0
R 37474.6765 8239.6323 10.0
R 37470.7224 8239.3817 10.0
R 37466.7683 8239.1311 10.0
R 37462.8141 8238.8805 10.0
R 37458.8600 8238.6299 10.0
R 37454.9059 8238.3793 10.0
R 37450.9517 8238.1287 10.0
R 37446.9976 8237.8781 10.0
R 37443.0435 8237.6275 10.0
R 37439.0893 8237.3769 10.0
R 37435.1352 8237.1263 10.0
R 37431.1811 8236.8757 10.0
R 37427.2270 8236.6252 10.0
R 37423.2728 8236.3746 10.0
R 37419.3187 8236.1240 10.0
R 37415.3646 8235.8734 10.0
R 37411.4104 8235.6228 10.0
R 37407.4563 8235.3722 10.0
R 37403.5022 8235.1216 10.0
R 37399.5480 8234.8710 10.0
R 37395.5939 8234.6204 10.0
R 37391.6398 8234.3698 10.0
R 37387.6857 8234.1192 10.0
R 37383.7315 8233.8686 10.0
R 37379.7774 8233.6180 10.0
R 37375.8233 8233.3674 10.0
R 37371.8691 8233.1168 10.0
R 37367.9150 8232.8662 10.0
R 37363.9609 8232.6156 10.0
R 37360.0067 8232.3650 10.0
R 37356.0526 8232.1144 10.0
R 37352.0985 8231.8638 10.0
R 37348.1443 8231.6132 10.0
R 37344.1902 8231.3626 10.0
R 37340.2361 8231.1120 10.0
R 37336.2820 8230.8614 10.0
R 37332.3278 8230.6108 10.0
R 37328.3737 8230.3602 10.0
R 37324.4196 8230.1096 10.0
R 37320.4654 8229.8590 10.0
R 37316.5113 8229.6084 10.0
R 37312.5572 8229.3578 10.0
R 37308.6030 8229.1072 10.0
R 37304.6489 8228.8566 10.0
R 37301.1866 8228.6371 10.0
R 37297.7243 8228.4177 10.0
R 37294.2620 8228.1983 10.0
R 37290.7996 8227.9789 10.0
R 37287.3373 8227.7594 10.0
R 37283.8750 8227.5400 10.0
R 37282.5383 8230.7733 10.0
R 37281.2016 8234.0065 10.0
R 37280.5221 8234.1172 10.0
R 37277.5061 8234.6086 10.0
R 37274.4900 8235.1000 10.0
R 37271.1342 8235.6467 10.0
R 37267.7784 8236.1935 10.0
R 37265.3375 8239.1181 10.0
R 37262.8966 8242.0427 10.0
R 37260.4556 8244.9673 10.0
R 37258.0147 8247.8919 10.0
R 37255.5737 8250.8165 10.0
R 37253.1328 8253.7412 10.0
R 37250.6919 8256.6658 10.0
R 37248.2509 8259.5904 10.0
R 37245.8100 8262.5150 10.0
R 37245.4075 8265.6675 10.0
R 37245.0050 8268.8200 10.0
R 37244.5603 8272.3027 10.0
R 37244.2000 8275.1250 10.0
R 37243.9842 8278.8225 10.0
R 37243.7683 8282.5200 10.0
R 37243.5525 8286.2175 10.0
R 37243.3367 8289.9150 10.0
R 37243.1208 8293.6125 10.0
R 37242.9050 8297.3100 10.0
R 37242.6892 8301.0075 10.0
R 37242.4733 8304.7050 10.0
R 37242.2575 8308.4025 10.0
R 37242.0417 8312.1000 10.0
R 37241.8258 8315.7975 10.0
R 37241.6100 8319.4950 10.0
R 37240.5759 8323.3005 10.0
R 37239.5417 8327.1059 10.0
R 37238.5076 8330.9114 10.0
R 37237.4734 8334.7169 10.0
R 37236.4393 8338.5223 10.0
R 37235.4051 8342.3278 10.0
R 37234.3710 8346.1333 10.0
R 37233.7659 8348.8006 10.0
R 37232.9379 8352.4503 10.0
R 37232.1100 8356.1000 10.0
R 37231.5655 8358.5002 10.0
R 37231.0210 8360.9005 10.0
R 37230.4350 8363.4836 10.0
R 37229.8490 8366.0667 10.0
R 37227.6017 8368.8209 10.0
R 37225.3543 8371.5750 10.0
R 37223.1069 8374.3292 10.0
R 37220.8595 8377.0834 10.0
R 37218.6121 8379.8375 10.0
R 37216.3648 8382.5917 10.0
R 37214.1174 8385.3458 10.0
R 37211.8700 8388.1000 10.0
R 37211.7343 8390.2662 10.0
R 37207.7444 8390.0163 10.0
R 37203.7545 8389.7664 10.0
R 37199.7645 8389.5165 10.0
R 37195.7746 8389.2665 10.0
R 37191.7847 8389.0166 10.0
R 37187.7947 8388.7667 10.0
R 37183.8048 8388.5168 10.0
R 37179.8149 8388.2669 10.0
R 37175.8249 8388.0170 10.0
R 37171.8350 8387.7671 10.0
R 37167.8451 8387.5172 10.0
R 37163.8551 8387.2673 10.0
R 37159.8652 8387.0174 10.0
R 37155.8753 8386.7675 10.0
R 37151.8854 8386.5176 10.0
R 37147.8954 8386.2677 10.0
R 37143.9055 8386.0178 10.0
R 37139.9156 8385.7679 10.0
R 37135.9256 8385.5180 10.0
R 37131.9414 8385.2684 10.0
R 37127.9572 8385.0189 10.0
R 37123.9730 8384.7694 10.0
R 37119.9888 8384.5198 10.0
R 37116.0046 8384.2703 10.0
R 37112.0204 8384.0207 10.0
R 37108.0361 8383.7712 10.0
R 37104.0519 8383.5216 10.0
R 37100.0677 8383.2721 10.0
R 37096.0835 8383.0225 10.0
R 37092.0993 8382.7730 10.0
R 37088.1151 8382.5234 10.0
R 37084.1309 8382.2739 10.0
R 37080.1467 8382.0244 10.0
R 37076.1625 8381.7748 10.0
R 37072.1782 8381.5253 10.0
R 37068.1940 8381.2757 10.0
R 37064.2098 8381.0262 10.0
R 37060.2256 8380.7766 10.0
R 37056.2414 8380.5271 10.0
R 37052.2572 8380.2775 10.0
R 37048.2730 8380.0280 10.0
R 37044.2888 8379.7784 10.0
R 37040.3046 8379.5289 10.0
R 37036.3203 8379.2794 10.0
R 37032.3361 8379.0298 10.0
R 37028.3519 8378.7803 10.0
R 37024.3677 8378.5307 10.0
R 37020.3835 8378.2812 10.0
R 37016.3993 8378.0316 10.0
R 37012.4151 8377.7821 10.0
R 37008.4309 8377.5325 10.0
R 37004.4466 8377.2830 10.0
R 37000.4624 8377.0334 10.0
R 36996.4782 8376.7839 10.0
R 36992.4940 8376.5343 10.0
R 36988.5098 8376.2848 10.0
R 36984.5256 8376.0353 10.0
R 36980.5414 8375.7857 10.0
R 36976.5572 8375.5362 10.0
R 36972.5730 8375.2866 10.0
R 36968.5887 8375.0371 10.0
R 36964.6045 8374.7875 10.0
R 36960.6203 8374.5380 10.0
R 36956.6361 8374.2884 10.0
R 36952.6519 8374.0389 10.0
R 36948.6677 8373.7893 10.0
R 36944.6835 8373.5398 10.0
R 36940.6993 8373.2903 10.0
R 36936.7151 8373.0407 10.0
R 36932.7308 8372.7912 10.0
R 36928.7466 8372.5416 10.0
R 36924.7624 8372.2921 10.0
R 36920.7782 8372.0425 10.0
R 36916.7940 8371.7930 10.0
R 36912.8098 8371.5434 10.0
R 36908.8256 8371.2939 10.0
R 36904.8414 8371.0443 10.0
R 36900.8571 8370.7948 10.0
R 36896.8729 8370.5453 10.0
R 36892.8887 8370.2957 10.0
R 36888.9045 8370.0462 10.0
R 36884.9203 8369.7966 10.0
R 36880.9361 8369.5471 10.0
R 36876.9519 8369.2975 10.0
R 36872.9677 8369.0480 10.0
R 36868.9835 8368.7984 10.0
R 36864.9992 8368.5489 10.0
R 36861.0150 8368.2993 10.0
R 36857.0308 8368.0498 10.0
R 36853.0466 8367.8003 10.0
R 36849.0624 8367.5507 10.0
R 36845.0782 8367.3012 10.0
R 36841.0940 8367.0516 10.0
R 36837.1098 8366.8021 10.0
R 36833.1256 8366.5525 10.0
R 36829.1413 8366.3030 10.0
R 36825.1571 8366.0534 10.0
R 36821.1729 8365.8039 10.0
R 36817.1887 8365.5543 10.0
R 36813.2045 8365.3048 10.0
R 36809.2203 8365.0553 10.0
R 36805.2361 8364.8057 10.0
R 36801.2519 8364.5562 10.0
R 36797.2676 8364.3066 10.0
R 36793.2834 8364.0571 10.0
R 36789.2992 8363.8075 10.0
R 36785.3150 8363.5580 10.0
R 36781.3308 8363.3084 10.0
R 36777.3466 8363.0589 10.0
R 36773.3624 8362.8093 10.0
R 36769.3782 8362.5598 10.0
R 36765.3940 8362.3103 10.0
R 36761.4097 8362.0607 10.0
R 36757.4255 8361.8112 10.0
R 36753.4413 8361.5616 10.0
R 36749.4571 8361.3121 10.0
R 36745.4729 8361.0625 10.0
R 36741.4887 8360.8130 10.0
R 36737.5045 8360.5634 10.0
R 36733.5203 8360.3139 10.0
R 36729.5361 8360.0643 10.0
R 36725.5518 8359.8148 10.0
R 36721.5676 8359.5653 10.0
R 36717.5834 8359.3157 10.0
R 36713.5992 8359.0662 10.0
R 36709.6150 8358.8166 10.0
R 36705.6308 8358.5671 10.0
R 36701.6466 8358.3175 10.0
R 36697.6624 8358.0680 10.0
R 36693.6781 8357.8184 10.0
R 36689.6939 8357.5689 10.0
R 36685.7097 8357.3193 10.0
R 36681.7255 8357.0698 10.0
R 36677.7413 8356.8203 10.0
R 36673.7571 8356.5707 10.0
R 36669.7729 8356.3212 10.0
R 36665.7887 8356.0716 10.0
R 36661.8045 8355.8221 10.0
R 36657.8202 8355.5725 10.0
R 36653.8360 8355.3230 10.0
R 36649.8518 8355.0734 10.0
R 36645.8676 8354.8239 10.0
R 36641.8834 8354.5743 10.0
R 36637.8992 8354.3248 10.0
R 36633.9150 8354.0752 10.0
R 36629.9308 8353.8257 10.0
R 36625.9466 8353.5762 10.0
R 36621.9623 8353.3266 10.0
R 36617.9781 8353.0771 10.0
R 36613.9939 8352.8275 10.0
R 36610.0097 8352.5780 10.0
R 36606.0255 8352.3284 10.0
R 36602.0413 8352.0789 10.0
R 36598.0571 8351.8293 10.0
R 36594.0729 8351.5798 10.0
R 36590.0886 8351.3302 10.0
R 36586.1044 8351.0807 10.0
R 36582.1202 8350.8312 10.0
R 36578.1360 8350.5816 10.0
R 36574.1518 8350.3321 10.0
R 36570.1676 8350.0825 10.0
R 36566.1834 8349.8330 10.0
R 36562.1992 8349.5834 10.0
R 36558.2150 8349.3339 10.0
R 36554.2307 8349.0843 10.0
R 36550.2465 8348.8348 10.0
R 36546.2623 8348.5852 10.0
R 36542.2781 8348.3357 10.0
R 36538.2939 8348.0862 10.0
R 36534.3097 8347.8366 10.0
R 36530.3255 8347.5871 10.0
R 36526.3413 8347.3375 10.0
R 36522.3571 8347.0880 10.0
R 36518.3728 8346.8384 10.0
R 36514.3886 8346.5889 10.0
R 36510.4044 8346.3393 10.0
R 36506.4202 8346.0898 10.0
R 36502.4360 8345.8402 10.0
R 36498.4518 8345.5907 10.0
R 36494.4676 8345.3412 10.0
R 36490.4834 8345.0916 10.0
R 36486.4992 8344.8421 10.0
R 36482.5149 8344.5925 10.0
R 36478.5307 8344.3430 10.0
R 36474.5465 8344.0934 10.0
R 36470.5623 8343.8439 10.0
R 36466.5781 8343.5943 10.0
R 36462.5939 8343.3448 10.0
R 36458.6097 8343.0952 10.0
R 36454.6255 8342.8457 10.0
R 36450.6412 8342.5962 10.0
R 36446.6570 8342.3466 10.0
R 36442.6728 8342.0971 10.0
R 36438.6886 8341.8475 10.0
R 36434.7044 8341.5980 10.0
R 36430.7202 8341.3484 10.0
R 36426.7360 8341.0989 10.0
R 36422.7518 8340.8493 10.0
R 36418.7676 8340.5998 10.0
R 36414.7833 8340.3502 10.0
R 36410.7991 8340.1007 10.0
R 36406.8149 8339.8512 10.0
R 36402.8307 8339.6016 10.0
R 36398.8465 8339.3521 10.0
R 36394.8623 8339.1025 10.0
R 36390.9741 8338.8590 10.0
R 36387.0858 8338.6154 10.0
R 36383.1976 8338.3719 10.0
R 36379.3094 8338.1284 10.0
R 36375.3467 8337.8802 10.0
R 36371.3840 8337.6320 10.0
R 36367.4213 8337.3838 10.0
R 36363.4586 8337.1356 10.0
R 36359.4959 8336.8874 10.0
R 36355.5332 8336.6392 10.0
R 36351.5705 8336.3910 10.0
R 36347.6078 8336.1428 10.0
R 36343.6450 8335.8946 10.0
R 36339.6823 8335.6464 10.0
R 36335.7196 8335.3982 10.0
R 36331.7569 8335.1500 10.0
R 36327.7942 8334.9018 10.0
R 36323.8315 8334.6536 10.0
R 36319.8688 8334.4054 10.0
R 36315.9061 8334.1572 10.0
R 36311.9434 8333.9090 10.0
R 36307.9807 8333.6608 10.0
R 36304.0180 8333.4126 10.0
R 36300.0553 8333.1644 10.0
R 36296.0926 8332.9162 10.0
R 36292.1299 8332.6680 10.0
R 36288.1672 8332.4198 10.0
R 36284.2045 8332.1716 10.0
R 36280.2418 8331.9234 10.0
R 36276.2791 8331.6752 10.0
R 36272.3164 8331.4270 10.0
R 36268.3537 8331.1788 10.0
R 36264.3909 8330.9306 10.0
R 36260.4282 8330.6824 10.0
R 36256.4655 8330.4342 10.0
R 36252.5028 8330.1860 10.0
R 36248.5401 8329.9378 10.0
R 36244.5774 8329.6896 10.0
R 36240.6147 8329.4414 10.0
R 36236.6520 8329.1932 10.0
R 36232.6893 8328.9450 10.0
R 36228.7266 8328.6968 10.0
R 36224.7639 8328.4486 10.0
R 36220.8012 8328.2004 10.0
R 36216.8385 8327.9522 10.0
R 36212.8758 8327.7040 10.0
R 36208.9131 8327.4558 10.0
R 36204.9504 8327.2076 10.0
R 36200.9877 8326.9594 10.0
R 36197.0250 8326.7112 10.0
R 36193.0623 8326.4631 10.0
R 36189.0995 8326.2149 10.0
R 36185.1368 8325.9667 10.0
R 36181.1741 8325.7185 10.0
R 36177.2114 8325.4703 10.0
R 36173.2487 8325.2221 10.0
R 36169.2860 8324.9739 10.0
R 36165.3233 8324.7257 10.0
R 36161.3606 8324.4775 10.0
R 36157.3979 8324.2293 10.0
R 36153.4352 8323.9811 10.0
TAKEOFF 36153.4352 8323.9811 70.222 76.909 10
CLIMB 0 10 90 1 1
CLIMB 1000 180 150 0 0
CLIMB 3000 300 220 0 0
NODE 37993.0250 8362.4300
NODE 37985.7675 8362.1050
NODE 37978.5100 8361.7800
NODE 37993.0500 8363.1900
NODE 37985.7900 8362.8650
NODE 37978.5300 8362.5400
NODE 37968.4200 8509.3600
NODE 37975.6800 8509.6850
NODE 37981.2830 8509.9358
NODE 37982.9400 8510.0100
NODE 37248.9300 8320.6000
NODE 37247.6898 8320.5453
NODE 37246.8085 8320.5065
NODE 37241.6725 8320.2800
NODE 37235.5229 8320.0088
NODE 37234.4150 8319.9600
NODE 37249.0100 8319.8500
NODE 37247.6916 8319.7910
NODE 37246.8631 8319.7539
NODE 37241.7500 8319.5250
NODE 37235.5745 8319.2485
NODE 37234.4900 8319.2000
NODE 37985.5000 8369.5200
NODE 37984.2750 8389.5650
NODE 37983.0500 8409.6100
NODE 37983.0281 8409.7257
NODE 37982.3475 8413.3200
NODE 37981.6450 8417.0300
NODE 37980.3950 8420.4400
NODE 37979.1450 8423.8500
NODE 37977.3400 8426.4550
NODE 37975.5350 8429.0600
NODE 37972.7275 8430.9650
NODE 37969.9200 8432.8700
NODE 37966.6125 8433.6700
NODE 37963.3050 8434.4700
NODE 37959.5475 8434.7200
NODE 37955.7900 8434.9700
NODE 37922.8100 8432.8650
NODE 37889.8300 8430.7600
NODE 37983.2625 8413.3675
NODE 37983.5050 8417.1350
NODE 37984.3325 8420.6700
NODE 37985.1600 8424.2050
NODE 37986.6350 8427.0100
NODE 37988.1100 8429.8150
NODE 37990.6625 8432.0475
NODE 37993.2150 8434.2800
NODE 37996.4025 8435.4825
NODE 37999.1896 8436.5339
NODE 37999.5900 8436.6850
NODE 38003.2900 8437.3900
NODE 38006.9900 8438.0950
NODE 38039.9800 8440.0225
NODE 38072.9700 8441.9500
NODE 37975.7900 8507.5650
NODE 37976.2317 8500.3366
NODE 37977.0150 8487.5175
NODE 37978.2400 8467.4700
NODE 37978.2619 8467.3544
NODE 37978.9425 8463.7650
NODE 37979.6450 8460.0600
NODE 37980.8950 8456.6500
NODE 37982.1450 8453.2400
NODE 37983.9500 8450.6350
NODE 37985.7550 8448.0300
NODE 37988.5625 8446.1250
NODE 37991.3700 8444.2200
NODE 37994.6775 8443.4175
NODE 37997.9850 8442.6150
NODE 38001.7425 8442.3625
NODE 38005.5000 8442.1100
NODE 38038.4800 8444.2150
NODE 38071.4600 8446.3200
NODE 37978.0275 8463.7150
NODE 37977.7850 8459.9500
NODE 37976.9575 8456.4150
NODE 37976.1300 8452.8800
NODE 37974.6550 8450.0725
NODE 37973.1800 8447.2650
NODE 37970.6275 8445.0325
NODE 37968.0750 8442.8000
NODE 37964.8875 8441.6025
NODE 37961.7000 8440.4050
NODE 37958.0000 8439.6975
NODE 37954.3000 8438.9900
NODE 37921.3100 8437.0600
NODE 37888.3200 8435.1300
NODE 37985.4750 8369.6700
NODE 37985.6000 8367.4400
NODE 37985.7250 8365.2100
NODE 37985.8450 8362.0100
NODE 37986.4575 8350.4925
NODE 37987.0700 8338.9750
NODE 37987.2750 8337.7225
NODE 37987.4800 8336.4700
NODE 37988.1800 8335.1075
NODE 37988.8800 8333.7450
NODE 38004.4544 8307.4792
NODE 38019.0804 8282.8128
NODE 38022.3756 8277.2555
NODE 38023.9568 8274.5889
NODE 38026.8709 8269.6744
NODE 38029.9985 8264.3998
NODE 38036.5904 8253.2826
NODE 38046.6900 8236.2500
NODE 38092.5055 8158.9834
NODE 38092.5624 8158.8874
NODE 38104.5000 8138.7550
NODE 38027.4150 7966.3650
NODE 38025.7003 7969.1871
NODE 38004.4043 8004.2368
NODE 38000.9488 8009.9240
NODE 37997.8694 8014.9923
NODE 37992.0084 8024.6384
NODE 37965.0370 8069.0290
NODE 37964.1676 8070.4599
NODE 37963.0849 8072.2418
NODE 37948.1878 8096.7600
NODE 37945.1450 8101.7679
NODE 37940.1878 8109.9266
NODE 37939.2850 8111.4125
NODE 37871.6422 8222.7415
NODE 37864.8139 8233.9798
NODE 37853.4717 8252.6471
NODE 37851.1550 8256.4600
NODE 38093.1650 8157.4350
NODE 38093.8550 8155.8150
NODE 38094.0275 8154.0950
NODE 38094.2000 8152.3750
NODE 38094.0250 8150.2400
NODE 38093.8500 8148.1050
NODE 38093.2875 8146.0650
NODE 38092.7250 8144.0250
NODE 38091.6675 8142.5750
NODE 38090.6100 8141.1250
NODE 38089.3100 8140.1425
NODE 38088.0439 8139.1856
NODE 38112.3900 8154.5050
NODE 38110.7700 8153.8150
NODE 38109.1500 8153.1250
NODE 38107.4300 8152.9525
NODE 38105.7100 8152.7800
NODE 38103.5725 8152.9550
NODE 38101.4350 8153.1300
NODE 38099.3975 8153.6925
NODE 38097.3600 8154.2550
NODE 38095.9125 8155.3125
NODE 38094.4650 8156.3700
NODE 38093.4825 8157.6700
NODE 37979.1050 8074.1600
NODE 37978.9955 8074.1136
NODE 37977.4825 8073.4725
NODE 37975.8600 8072.7850
NODE 37974.1400 8072.6125
NODE 37972.4200 8072.4400
NODE 37970.2850 8072.6125
NODE 37968.1500 8072.7850
NODE 37966.1125 8073.3500
NODE 37964.0750 8073.9150
NODE 37962.6250 8074.9700
NODE 37961.1750 8076.0250
NODE 37960.1925 8077.3275
NODE 37959.2100 8078.6300
NODE 37974.1650 8054.0250
NODE 37973.4775 8055.6450
NODE 37972.7900 8057.2650
NODE 37972.6200 8058.9850
NODE 37972.4500 8060.7050
NODE 37972.6200 8062.8425
NODE 37972.6443 8063.1475
NODE 37972.7900 8064.9800
NODE 37973.3550 8067.0175
NODE 37973.9200 8069.0550
NODE 37974.3261 8069.6131
NODE 37974.9750 8070.5050
NODE 37976.0300 8071.9550
NODE 37977.3350 8072.9375
NODE 37978.6323 8073.9142
NODE 37979.3350 8074.3000
NODE 37980.1000 8074.7200
NODE 38033.9725 8106.8875
NODE 38087.8450 8139.0550
NODE 38088.1800 8139.2750
NODE 38112.2950 8154.4550
NODE 38112.5650 8154.5875
NODE 38112.8350 8154.7200
NODE 38191.8025 8202.4750
NODE 38270.7700 8250.2300
NODE 37997.6250 8272.7750
NODE 37983.9447 8271.9080
NODE 37955.3245 8270.0941
NODE 37894.6864 8266.2511
NODE 37884.8492 8265.6277
NODE 37876.0518 8265.0701
NODE 37866.3557 8264.4556
NODE 37840.4579 8262.8143
NODE 37710.3146 8254.5663
NODE 37707.2369 8254.3712
NODE 37685.5778 8252.9985
NODE 37683.6198 8252.8744
NODE 37640.7500 8250.1575
NODE 37304.6489 8228.8566
NODE 37283.8750 8227.5400
NODE 37282.4109 8227.7371
NODE 37280.3941 8228.0086
NODE 37279.7343 8228.0975
NODE 37277.4500 8228.4050
NODE 37271.0250 8229.2700
NODE 37267.3175 8230.4425
NODE 37266.0831 8230.8329
NODE 37263.6100 8231.6150
NODE 37260.0250 8234.2725
NODE 37256.4400 8236.9300
NODE 37253.7825 8240.3275
NODE 37251.1250 8243.7250
NODE 37249.3350 8248.1775
NODE 37248.1966 8251.0091
NODE 37247.5450 8252.6300
NODE 37246.6775 8257.5725
NODE 37245.8100 8262.5150
NODE 37245.0050 8268.8200
NODE 37244.5603 8272.3027
NODE 37244.2000 8275.1250
NODE 37242.9050 8297.3100
NODE 37241.6100 8319.4950
NODE 37284.2850 8227.5600
NODE 37281.5565 8227.4131
NODE 37254.8320 8225.9746
NODE 37254.0025 8225.9300
NODE 37252.6952 8225.8596
NODE 37223.7200 8224.3000
NODE 37222.0550 8224.4100
NODE 37220.3900 8224.5200
NODE 37219.1100 8224.7975
NODE 37217.8300 8225.0750
NODE 37217.1100 8225.9075
NODE 37216.3900 8226.7400
NODE 37215.9450 8227.9075
NODE 37215.5000 8229.0750
NODE 37215.0000 8235.3525
NODE 37214.5000 8241.6300
NODE 37214.5875 8242.4650
NODE 37214.6750 8243.3000
NODE 37215.0150 8244.0325
NODE 37215.3550 8244.7650
NODE 37215.8500 8245.3100
NODE 37216.3450 8245.8550
NODE 37228.8400 8258.3800
NODE 37237.1693 8266.7293
NODE 37241.3350 8270.9050
NODE 37242.1725 8272.1775
NODE 37243.0100 8273.4500
NODE 37243.3825 8274.4125
NODE 37243.7313 8275.3139
NODE 37243.8775 8276.8675
NODE 37244.0000 8278.3600
NODE 37851.2250 8256.3650
NODE 37850.8125 8256.9700
NODE 37850.4000 8257.5750
NODE 37849.7425 8258.2650
NODE 37849.0850 8258.9550
NODE 37848.2575 8259.6975
NODE 37847.4300 8260.4400
NODE 37846.4425 8261.0175
NODE 37845.4550 8261.5950
NODE 37844.1900 8262.0625
NODE 37842.9250 8262.5300
NODE 37841.6450 8262.6775
NODE 37868.3300 8228.2350
NODE 37867.5850 8230.0500
NODE 37866.8400 8231.8650
NODE 37866.1875 8234.5175
NODE 37865.5350 8237.1700
NODE 37865.4675 8240.0575
NODE 37865.4277 8241.7580
NODE 37865.4000 8242.9450
NODE 37865.8777 8244.9569
NODE 37866.0250 8245.5775
NODE 37866.6500 8248.2100
NODE 37867.9389 8250.8713
NODE 37868.0025 8251.0025
NODE 37869.3550 8253.7950
NODE 37869.5344 8253.9673
NODE 37869.7458 8254.1702
NODE 37871.6125 8255.9625
NODE 37873.8700 8258.1300
NODE 37876.3600 8259.6175
NODE 37878.8500 8261.1050
NODE 37881.4111 8262.2644
NODE 37881.7825 8262.4325
NODE 37884.7150 8263.7600
NODE 37887.6050 8264.7125
NODE 37890.4950 8265.6650
NODE 37892.6225 8265.9625
NODE 37984.4150 8271.9500
NODE 37985.3875 8272.1100
NODE 37985.8027 8272.1783
NODE 37986.3600 8272.2700
NODE 37988.8425 8272.9900
NODE 37991.3250 8273.7100
NODE 37993.2800 8274.7550
NODE 37995.2350 8275.8000
NODE 37997.1425 8277.3375
NODE 37999.0500 8278.8750
NODE 38005.7900 8292.9150
NODE 38005.7450 8295.8000
NODE 38005.7000 8298.6850
NODE 38005.1175 8301.8250
NODE 38004.7252 8303.9399
NODE 38004.5350 8304.9650
NODE 38003.7900 8307.4075
NODE 38003.0450 8309.8500
NODE 37997.4850 8272.7600
NODE 37997.8350 8272.7900
NODE 37998.1850 8272.8200
NODE 38003.8850 8273.0600
NODE 38009.5732 8273.2995
NODE 38009.9778 8273.2935
NODE 38011.3925 8273.2700
NODE 38013.2000 8273.2400
NODE 38015.4350 8273.0425
NODE 38017.6700 8272.8450
NODE 38019.6425 8272.1525
NODE 38021.0815 8271.6473
NODE 38021.6150 8271.4600
NODE 38021.8808 8271.3295
NODE 38023.4225 8270.5725
NODE 38024.1668 8270.2071
NODE 38025.2300 8269.6850
NODE 38026.6125 8268.5675
NODE 38027.3507 8267.9708
NODE 38027.9950 8267.4500
NODE 38028.9450 8266.0050
NODE 38029.7789 8264.7366
NODE 38029.8950 8264.5600
NODE 37975.6900 8510.4400
NODE 37974.8525 8522.9625
NODE 37974.0150 8535.4850
NODE 37973.8750 8536.3525
NODE 37973.7350 8537.2200
NODE 37973.4000 8538.1125
NODE 37973.0650 8539.0050
NODE 37972.2825 8540.2900
NODE 37971.5000 8541.5750
NODE 37941.7718 8590.8198
NODE 37904.2950 8652.9000
NODE 37837.0900 8764.2250
NODE 37241.5700 8322.6300
NODE 37240.3425 8342.6775
NODE 37240.1094 8346.4846
NODE 37239.8264 8351.1059
NODE 37239.1150 8362.7250
NODE 37239.3600 8366.4900
NODE 37239.6050 8370.2550
NODE 37239.6311 8370.3670
NODE 37240.4300 8373.7925
NODE 37241.2550 8377.3300
NODE 37242.7300 8380.1350
NODE 37244.2050 8382.9400
NODE 37246.7600 8385.1750
NODE 37249.3150 8387.4100
NODE 37252.5000 8388.6100
NODE 37255.6850 8389.8100
NODE 37259.3825 8390.5125
NODE 37263.0800 8391.2150
NODE 37296.0700 8393.1450
NODE 37329.0600 8395.0750
NODE 37238.4300 8366.4500
NODE 37237.7300 8370.1600
NODE 37236.4775 8373.5650
NODE 37235.2250 8376.9700
NODE 37233.4200 8379.5775
NODE 37231.6150 8382.1850
NODE 37228.8075 8384.0900
NODE 37226.0000 8385.9950
NODE 37222.6925 8386.7975
NODE 37219.3850 8387.6000
NODE 37215.6275 8387.8500
NODE 37211.8700 8388.1000
NODE 37178.8900 8385.9950
NODE 37145.9100 8383.8900
NODE 38138.3769 8448.3051
NODE 38091.0529 8445.3411
NODE 38006.8664 8440.0682
NODE 38005.6327 8439.9909
NODE 37999.4074 8439.6010
NODE 37998.1786 8439.5240
NODE 37992.9072 8439.1938
NODE 37991.6896 8439.1176
NODE 37988.7087 8438.9309
NODE 37987.5436 8438.8579
NODE 37986.3342 8438.7822
NODE 37984.2551 8438.6519
NODE 37983.0634 8438.5773
NODE 37982.1655 8438.5211
NODE 37981.2428 8438.4633
NODE 37980.9986 8438.4480
NODE 37980.3062 8438.4046
NODE 37980.0919 8438.3912
NODE 37979.1390 8438.3315
NODE 37978.2415 8438.2753
NODE 37977.0494 8438.2006
NODE 37974.9706 8438.0704
NODE 37973.7606 8437.9946
NODE 37969.6153 8437.7350
NODE 37968.3970 8437.6587
NODE 37963.1260 8437.3285
NODE 37961.8975 8437.2516
NODE 37955.6715 8436.8616
NODE 37954.4381 8436.7844
NODE 37262.9386 8393.4733
NODE 37255.4848 8393.0064
NODE 37248.9900 8392.5996
NODE 37246.4321 8392.4394
NODE 37243.6210 8392.2633
NODE 37240.3326 8392.0574
NODE 37238.2476 8391.9268
NODE 37237.3056 8391.8678
NODE 37236.3740 8391.8094
NODE 37234.3037 8391.6798
NODE 37231.0331 8391.4749
NODE 37228.2685 8391.3018
NODE 37225.6778 8391.1395
NODE 37219.1888 8390.7331
NODE 37211.7343 8390.2662
NODE 37135.9256 8385.5180
NODE 36394.8623 8339.1025
NODE 36379.3094 8338.1284
NODE 36133.4743 8322.7308
NODE 36380.9361 8312.1573
NODE 36357.8200 8310.5800
NODE 36334.7039 8309.0027
NODE 36375.4618 8305.7114
NODE 36385.4600 8317.6500
NODE 36395.4582 8329.5886
NODE 38136.6920 8473.5365
NODE 38113.0700 8472.2500
NODE 38089.4480 8470.9635
NODE 37986.8022 8469.3694
NODE 37984.2500 8485.0200
NODE 37981.6978 8500.6706
NODE 37962.2360 8603.1736
NODE 37947.5700 8626.6800
NODE 37932.9040 8650.1864
NODE 37229.8490 8366.0667
NODE 37231.0210 8360.9005
NODE 37232.1100 8356.1000
NODE 37233.7659 8348.8006
NODE 37234.3710 8346.1333
NODE 37247.9358 8368.4302
NODE 37246.9329 8361.5950
NODE 37246.6900 8359.9400
NODE 37245.4442 8351.4498
NODE 37217.9957 8223.6673
NODE 37220.4341 8223.8213
NODE 37223.7371 8224.0300
NODE 37244.2149 8225.3238
NODE 37246.0434 8225.4394
NODE 37246.9066 8225.4939
NODE 37247.3341 8225.5209
NODE 37248.1441 8225.5721
NODE 37249.2501 8225.6420
NODE 37252.2555 8225.8319
NODE 37255.0834 8226.0105
NODE 37257.1218 8226.1393
NODE 37263.9288 8226.5694
NODE 37271.1667 8227.0267
NODE 37281.6009 8227.6859
NODE 37304.6297 8229.1409
NODE 37624.3300 8249.3400
NODE 37683.6086 8253.0853
NODE 37685.5695 8253.2092
NODE 37707.2288 8254.5777
NODE 37710.3039 8254.7719
NODE 37840.3547 8262.9887
NODE 37842.8859 8263.1486
NODE 37845.3470 8263.3041
NODE 37847.2415 8263.4238
NODE 37848.7964 8263.5221
NODE 37850.0194 8263.5993
NODE 37850.7012 8263.6424
NODE 37863.8101 8264.4707
NODE 37864.0391 8264.4851
NODE 37864.7761 8264.5317
NODE 37865.6154 8264.5847
NODE 37866.3461 8264.6309
NODE 37868.6611 8264.7772
NODE 37873.4310 8265.0785
NODE 37876.0444 8265.2436
NODE 37878.5784 8265.4037
NODE 37884.5872 8265.7834
NODE 37884.8408 8265.7994
NODE 37890.4641 8266.1547
NODE 37894.7396 8266.4248
NODE 37955.3136 8270.2520
NODE 37983.9359 8272.0604
NODE 37991.3994 8272.5319
NODE 37995.4254 8272.7863
NODE 37997.6155 8272.9247
NODE 37998.1761 8272.9601
NODE 38009.4045 8273.6695
NODE 38009.5610 8273.6794
NODE 38013.1579 8273.9066
NODE 38017.5853 8274.1864
NODE 38019.6981 8274.3199
NODE 38021.4274 8274.4291
NODE 38024.9163 8274.6496
NODE 38027.5297 8274.8147
NODE 38030.2059 8274.9838
NODE 38030.6643 8275.0127
NODE 37249.7875 8272.9701
NODE 37249.8820 8272.4463
NODE 37251.4882 8263.5389
NODE 37251.5800 8263.0300
NODE 37253.3725 8253.0899
NODE 37267.7784 8236.1935
NODE 37274.4900 8235.1000
NODE 37280.5221 8234.1172
NODE 37281.2016 8234.0065
NODE 37280.6521 8234.9152
NODE 37284.2005 8234.9557
NODE 37292.4500 8235.0500
NODE 37304.2479 8235.1848
NODE 37755.8298 8208.1515
NODE 37715.6190 8206.3845
NODE 37712.5125 8206.2479
NODE 37706.8700 8206.0000
NODE 37686.4962 8205.1047
NODE 37680.1358 8204.8252
NODE 37657.9102 8203.8485
NODE 37714.9918 8220.6571
NODE 37711.9100 8224.9600
NODE 37709.9731 8227.6644
NODE 37708.8282 8229.2629
NODE 37679.5323 8218.5590
NODE 37683.3700 8222.9200
NODE 37686.7997 8226.8174
NODE 37687.2077 8227.2810
NODE 37685.4915 8227.9687
NODE 37684.9100 8234.8300
NODE 37684.3285 8241.6913
NODE 37711.0574 8242.8458
NODE 37711.2900 8235.8100
NODE 37711.5208 8228.8291
NODE 37858.5773 8255.7492
NODE 37862.7100 8256.2600
NODE 37863.1686 8256.3167
NODE 37863.7386 8256.3871
NODE 37865.6107 8256.6185
NODE 37866.8427 8256.7708
NODE 37878.2430 8226.7521
NODE 37878.1411 8228.7381
NODE 37877.9515 8232.4348
NODE 37877.7400 8236.5600
NODE 37877.4599 8242.0214
NODE 37877.3811 8243.5594
NODE 37877.2370 8246.3679
NODE 37878.1033 8242.0544
NODE 37881.3237 8246.6722
NODE 37881.8800 8247.4700
NODE 37884.2607 8250.8838
NODE 37885.6567 8252.8856
NODE 37963.9124 7950.9666
NODE 37951.7073 7970.8548
NODE 37947.3182 7978.0069
NODE 37944.4438 7982.6908
NODE 37942.1455 7986.4359
NODE 37919.6700 8023.0600
NODE 37915.0761 8030.5458
NODE 37911.4525 8036.4505
NODE 37910.6716 8037.7230
NODE 37908.7294 8040.8878
NODE 37894.8748 8063.4640
NODE 37892.0518 8068.0642
NODE 37889.0784 8072.9093
NODE 37875.4276 8095.1534
NODE 37935.3849 8088.3243
NODE 37936.7000 8092.8800
NODE 37937.7502 8096.5184
NODE 37938.0151 8097.4357
NODE 37937.0822 8096.7112
NODE 37936.8100 8102.2100
NODE 37936.5378 8107.7088
NODE 37929.9353 8085.6699
NODE 37925.1100 8085.5300
NODE 37922.6383 8085.4584
NODE 37920.2847 8085.3901
NODE 37922.6107 8086.4101
NODE 37919.3700 8087.9600
NODE 37916.1293 8089.5099
NODE 37941.5075 8046.7662
NODE 37941.3200 8051.5800
NODE 37941.1856 8055.0298
NODE 37941.1325 8056.3938
NODE 37945.6156 8061.6276
NODE 37943.6900 8058.3400
NODE 37941.7644 8055.0524
NODE 37947.7220 8064.8167
NODE 37952.5400 8064.5900
NODE 37957.3580 8064.3633
NODE 37931.3735 8090.4962
NODE 37933.1228 8087.5856
NODE 37933.3969 8087.1295
NODE 37940.1700 8075.8600
NODE 37943.9994 8069.4883
NODE 37945.6711 8066.7070
NODE 37947.0499 8064.4128
NODE 37947.3722 8063.8765
NODE 37947.8990 8063.0000
NODE 37948.9525 8061.2471
NODE 37986.0730 8008.2379
NODE 37986.9700 8015.1800
NODE 37987.8670 8022.1221
NODE 37987.9339 8002.9320
NODE 37993.9400 8002.2300
NODE 37999.9461 8001.5280
NODE 37979.5860 7996.9441
NODE 37978.2600 7991.6400
NODE 37976.9340 7986.3359
NODE 37977.6581 8002.7120
NODE 37973.2900 8002.7900
NODE 37968.9219 8002.8680
NODE 38019.1073 7965.1812
NODE 38003.0000 7955.0800
NODE 37986.8927 7944.9788
NODE 38000.3124 7942.4702
NODE 37991.7897 7937.1436
NODE 37979.7200 7929.6000
NODE 37959.1276 7916.7298
NODE 38074.7861 8074.4605
NODE 38113.0039 8097.7248
NODE 38113.1709 8097.8265
NODE 38115.9407 8099.5125
NODE 38118.7719 8101.2360
NODE 38121.4049 8102.8387
NODE 38123.5568 8104.1487
NODE 38124.8329 8104.9255
NODE 38125.0227 8105.0410
NODE 38125.5245 8105.3465
NODE 38126.6974 8106.0605
NODE 38129.1710 8107.5662
NODE 38132.1347 8109.3703
NODE 38134.7979 8110.9915
NODE 38137.7749 8112.8036
NODE 38138.1950 8113.0594
NODE 38195.8900 8148.1800
NODE 38295.8504 8209.0288
NODE 38316.9939 8221.8995
NODE 38295.4234 8126.4903
NODE 38324.2400 8144.1100
NODE 38353.0566 8161.7297
NODE 38017.9702 8330.2381
NODE 38023.0353 8321.6767
NODE 38024.4448 8319.2943
NODE 38025.5624 8317.4053
NODE 38028.5000 8312.4400
NODE 38028.6166 8312.2430
NODE 38037.8776 8296.5894
NODE 38038.0031 8296.3773
NODE 38038.6854 8295.2239
NODE 38039.0298 8294.6419
NODE 38046.3352 8306.8912
NODE 38038.0600 8294.2700
NODE 38032.8849 8286.3771
NODE 38030.3555 8282.5193
NODE 38029.7848 8281.6488
NODE 37993.0354 8288.1846
NODE 37994.3400 8295.2200
NODE 37995.3388 8300.6063
NODE 37995.6446 8302.2554
NODE 37955.0336 8274.6843
NODE 37967.6600 8277.3400
NODE 37980.2864 8279.9957
NODE 37984.2153 8267.6395
NODE 37985.9696 8267.4961
NODE 37990.7846 8267.1023
NODE 37994.4988 8266.7985
NODE 37996.9808 8266.5955
NODE 37997.6713 8266.5390
NODE 38001.4500 8266.2300
NODE 38008.9566 8265.6161
NODE 38011.8912 8265.3761
NODE 38017.0248 8264.9562
NODE 38018.6847 8264.8205
NODE 38009.8635 8266.4048
NODE 38013.4734 8264.5734
NODE 38016.2000 8263.1900
NODE 38017.1696 8262.6981
NODE 38019.5558 8261.4874
NODE 38021.1475 8260.6799
NODE 38021.6657 8260.4170
NODE 38022.5365 8259.9752
NODE 38020.6250 8259.6501
NODE 38023.0066 8257.3688
NODE 38025.7300 8254.7600
NODE 38030.8350 8249.8699
NODE 36153.4352 8323.9811
NODE 37927.7328 8614.0753
NODE 38077.9709 8076.3992
NODE 38110.2809 8096.0673
EDGE 0 1
EDGE 1 2
EDGE 3 4
EDGE 4 5
EDGE 6 7
EDGE 7 8
EDGE 8 9
EDGE 10 11
EDGE 11 12
EDGE 12 13
EDGE 13 14
EDGE 14 15
EDGE 16 17
EDGE 17 18
EDGE 18 19
EDGE 19 20
EDGE 20 21
EDGE 22 23
EDGE 23 24
EDGE 24 25
EDGE 25 26
EDGE 26 27
EDGE 27 28
EDGE 28 29
EDGE 29 30
EDGE 30 31
EDGE 31 32
EDGE 32 33
EDGE 33 34
EDGE 34 35
EDGE 35 36
EDGE 36 37
EDGE 37 38
EDGE 38 39
EDGE 25 40
EDGE 40 41
EDGE 41 42
EDGE 42 43
EDGE 43 44
EDGE 44 45
EDGE 45 46
EDGE 46 47
EDGE 47 48
EDGE 48 49
EDGE 49 50
EDGE 50 51
EDGE 51 52
EDGE 52 53
EDGE 53 54
EDGE 55 56
EDGE 56 57
EDGE 57 58
EDGE 58 59
EDGE 59 60
EDGE 60 61
EDGE 61 62
EDGE 62 63
EDGE 63 64
EDGE 64 65
EDGE 65 66
EDGE 66 67
EDGE 67 68
EDGE 68 69
EDGE 69 70
EDGE 70 71
EDGE 71 72
EDGE 72 73
EDGE 59 74
EDGE 74 75
EDGE 75 76
EDGE 76 77
EDGE 77 78
EDGE 78 79
EDGE 79 80
EDGE 80 81
EDGE 81 82
EDGE 82 83
EDGE 83 84
EDGE 84 85
EDGE 85 86
EDGE 86 87
EDGE 88 89
EDGE 89 90
EDGE 91 92
EDGE 92 93
EDGE 93 94
EDGE 94 95
EDGE 95 96
EDGE 96 97
EDGE 97 98
EDGE 98 99
EDGE 99 100
EDGE 100 101
EDGE 101 102
EDGE 102 103
EDGE 103 104
EDGE 104 105
EDGE 105 106
EDGE 106 107
EDGE 107 108
EDGE 109 110
EDGE 110 111
EDGE 111 112
EDGE 112 113
EDGE 113 114
EDGE 114 115
EDGE 115 116
EDGE 116 117
EDGE 117 118
EDGE 118 119
EDGE 119 120
EDGE 120 121
EDGE 121 122
EDGE 122 123
EDGE 123 124
EDGE 124 125
EDGE 106 126
EDGE 126 127
EDGE 127 128
EDGE 128 129
EDGE 129 130
EDGE 130 131
EDGE 131 132
EDGE 132 133
EDGE 133 134
EDGE 134 135
EDGE 135 136
EDGE 136 137
EDGE 138 139
EDGE 139 140
EDGE 140 141
EDGE 141 142
EDGE 142 143
EDGE 143 144
EDGE 144 145
EDGE 145 146
EDGE 146 147
EDGE 147 148
EDGE 148 149
EDGE 107 149
EDGE 150 151
EDGE 151 152
EDGE 152 153
EDGE 153 154
EDGE 154 155
EDGE 155 156
EDGE 156 157
EDGE 157 158
EDGE 158 159
EDGE 159 160
EDGE 160 161
EDGE 161 162
EDGE 162 163
EDGE 164 165
EDGE 165 166
EDGE 166 167
EDGE 167 168
EDGE 168 169
EDGE 169 170
EDGE 170 171
EDGE 171 172
EDGE 172 173
EDGE 173 174
EDGE 174 175
EDGE 175 176
EDGE 176 177
EDGE 177 178
EDGE 151 178
EDGE 151 179
EDGE 179 180
EDGE 180 181
EDGE 181 182
EDGE 137 182
EDGE 137 183
EDGE 184 185
EDGE 185 186
EDGE 186 187
EDGE 187 188
EDGE 189 190
EDGE 190 191
EDGE 191 192
EDGE 192 193
EDGE 193 194
EDGE 194 195
EDGE 195 196
EDGE 196 197
EDGE 197 198
EDGE 198 199
EDGE 199 200
EDGE 200 201
EDGE 201 202
EDGE 202 203
EDGE 203 204
EDGE 204 205
EDGE 205 206
EDGE 206 207
EDGE 207 208
EDGE 208 209
EDGE 209 210
EDGE 210 211
EDGE 211 212
EDGE 212 213
EDGE 213 214
EDGE 214 215
EDGE 215 216
EDGE 216 217
EDGE 217 218
EDGE 218 219
EDGE 219 220
EDGE 220 221
EDGE 221 222
EDGE 222 223
EDGE 223 224
EDGE 224 225
EDGE 226 227
EDGE 227 228
EDGE 228 229
EDGE 229 230
EDGE 230 231
EDGE 231 232
EDGE 232 233
EDGE 233 234
EDGE 234 235
EDGE 235 236
EDGE 236 237
EDGE 237 238
EDGE 238 239
EDGE 239 240
EDGE 240 241
EDGE 241 242
EDGE 242 243
EDGE 243 244
EDGE 244 245
EDGE 245 246
EDGE 246 247
EDGE 247 248
EDGE 248 249
EDGE 249 250
EDGE 250 251
EDGE 251 252
EDGE 252 253
EDGE 253 254
EDGE 254 255
EDGE 255 256
EDGE 257 258
EDGE 258 259
EDGE 259 260
EDGE 260 261
EDGE 261 262
EDGE 262 263
EDGE 263 264
EDGE 264 265
EDGE 265 266
EDGE 266 267
EDGE 267 268
EDGE 196 268
EDGE 269 270
EDGE 270 271
EDGE 271 272
EDGE 272 273
EDGE 273 274
EDGE 274 275
EDGE 275 276
EDGE 276 277
EDGE 277 278
EDGE 278 279
EDGE 279 280
EDGE 280 281
EDGE 281 282
EDGE 282 283
EDGE 283 284
EDGE 284 285
EDGE 285 286
EDGE 286 287
EDGE 287 288
EDGE 288 289
EDGE 289 290
EDGE 290 291
EDGE 291 292
EDGE 292 293
EDGE 293 294
EDGE 192 294
EDGE 295 296
EDGE 296 297
EDGE 297 298
EDGE 298 299
EDGE 299 300
EDGE 300 301
EDGE 301 302
EDGE 302 303
EDGE 303 304
EDGE 305 306
EDGE 306 307
EDGE 307 308
EDGE 308 309
EDGE 309 310
EDGE 310 311
EDGE 311 312
EDGE 313 314
EDGE 314 315
EDGE 315 316
EDGE 316 317
EDGE 317 318
EDGE 318 319
EDGE 319 320
EDGE 320 321
EDGE 321 322
EDGE 322 323
EDGE 323 324
EDGE 324 325
EDGE 325 326
EDGE 326 327
EDGE 327 328
EDGE 328 329
EDGE 329 330
EDGE 330 331
EDGE 331 332
EDGE 332 333
EDGE 333 334
EDGE 334 335
EDGE 336 337
EDGE 337 338
EDGE 338 339
EDGE 339 340
EDGE 340 341
EDGE 341 342
EDGE 342 343
EDGE 343 344
EDGE 344 345
EDGE 345 346
EDGE 346 347
EDGE 348 349
EDGE 349 350
EDGE 350 351
EDGE 351 352
EDGE 352 353
EDGE 353 354
EDGE 354 355
EDGE 355 356
EDGE 356 357
EDGE 357 358
EDGE 358 359
EDGE 359 360
EDGE 360 361
EDGE 361 362
EDGE 362 363
EDGE 363 364
EDGE 364 365
EDGE 365 366
EDGE 366 367
EDGE 352 368
EDGE 368 369
EDGE 369 370
EDGE 370 371
EDGE 371 372
EDGE 372 373
EDGE 373 374
EDGE 374 375
EDGE 375 376
EDGE 376 377
EDGE 377 378
EDGE 378 379
EDGE 379 380
EDGE 380 381
EDGE 382 383
EDGE 383 384
EDGE 384 385
EDGE 385 386
EDGE 386 387
EDGE 387 388
EDGE 388 389
EDGE 389 390
EDGE 390 391
EDGE 391 392
EDGE 392 393
EDGE 393 394
EDGE 394 395
EDGE 395 396
EDGE 396 397
EDGE 397 398
EDGE 398 399
EDGE 399 400
EDGE 400 401
EDGE 401 402
EDGE 402 403
EDGE 403 404
EDGE 404 405
EDGE 405 406
EDGE 406 407
EDGE 407 408
EDGE 408 409
EDGE 409 410
EDGE 410 411
EDGE 411 412
EDGE 412 413
EDGE 413 414
EDGE 414 415
EDGE 415 416
EDGE 416 417
EDGE 417 418
EDGE 418 419
EDGE 419 420
EDGE 420 421
EDGE 421 422
EDGE 422 423
EDGE 423 424
EDGE 424 425
EDGE 425 426
EDGE 426 427
EDGE 427 428
EDGE 428 429
EDGE 430 431
EDGE 431 432
EDGE 430 433
EDGE 430 434
EDGE 434 435
EDGE 436 437
EDGE 437 438
EDGE 439 440
EDGE 440 441
EDGE 442 443
EDGE 443 444
EDGE 445 446
EDGE 446 447
EDGE 447 448
EDGE 448 449
EDGE 450 451
EDGE 451 452
EDGE 452 453
EDGE 454 455
EDGE 455 456
EDGE 456 457
EDGE 457 458
EDGE 458 459
EDGE 459 460
EDGE 460 461
EDGE 461 462
EDGE 462 463
EDGE 230 463
EDGE 230 464
EDGE 464 465
EDGE 465 466
EDGE 466 467
EDGE 467 468
EDGE 204 468
EDGE 204 469
EDGE 469 470
EDGE 470 471
EDGE 471 472
EDGE 472 473
EDGE 473 474
EDGE 474 475
EDGE 475 476
EDGE 476 477
EDGE 477 478
EDGE 478 479
EDGE 479 480
EDGE 480 481
EDGE 481 482
EDGE 482 483
EDGE 483 484
EDGE 484 485
EDGE 485 486
EDGE 486 487
EDGE 487 488
EDGE 488 489
EDGE 489 490
EDGE 490 491
EDGE 491 492
EDGE 492 493
EDGE 493 494
EDGE 494 495
EDGE 495 496
EDGE 297 496
EDGE 298 497
EDGE 497 498
EDGE 498 499
EDGE 499 500
EDGE 500 501
EDGE 501 502
EDGE 502 503
EDGE 503 504
EDGE 504 505
EDGE 505 506
EDGE 101 506
EDGE 101 507
EDGE 507 508
EDGE 508 509
EDGE 509 510
EDGE 511 512
EDGE 512 513
EDGE 513 514
EDGE 514 515
EDGE 516 517
EDGE 517 518
EDGE 518 519
EDGE 520 521
EDGE 521 522
EDGE 522 523
EDGE 524 525
EDGE 525 526
EDGE 526 527
EDGE 527 528
EDGE 528 529
EDGE 529 530
EDGE 531 532
EDGE 532 533
EDGE 533 534
EDGE 535 536
EDGE 536 537
EDGE 537 538
EDGE 539 540
EDGE 540 541
EDGE 542 543
EDGE 543 544
EDGE 545 546
EDGE 546 547
EDGE 547 548
EDGE 548 549
EDGE 549 550
EDGE 551 552
EDGE 552 553
EDGE 553 554
EDGE 554 555
EDGE 555 556
EDGE 556 557
EDGE 558 559
EDGE 559 560
EDGE 560 561
EDGE 561 562
EDGE 563 564
EDGE 564 565
EDGE 565 566
EDGE 566 567
EDGE 567 568
EDGE 568 569
EDGE 569 570
EDGE 570 571
EDGE 571 572
EDGE 572 573
EDGE 573 574
EDGE 574 575
EDGE 575 576
EDGE 577 578
EDGE 578 579
EDGE 579 580
EDGE 581 582
EDGE 582 583
EDGE 584 585
EDGE 585 586
EDGE 586 587
EDGE 588 589
EDGE 589 590
EDGE 591 592
EDGE 592 593
EDGE 593 594
EDGE 595 596
EDGE 596 597
EDGE 598 599
EDGE 599 600
EDGE 601 602
EDGE 602 603
EDGE 603 604
EDGE 604 605
EDGE 605 606
EDGE 606 607
EDGE 607 608
EDGE 608 609
EDGE 609 610
EDGE 611 612
EDGE 612 613
EDGE 614 615
EDGE 615 616
EDGE 617 618
EDGE 618 619
EDGE 620 621
EDGE 621 622
EDGE 623 624
EDGE 624 625
EDGE 626 627
EDGE 627 628
EDGE 628 629
EDGE 630 631
EDGE 631 632
EDGE 632 633
EDGE 633 634
EDGE 634 635
EDGE 635 636
EDGE 636 637
EDGE 637 638
EDGE 638 639
EDGE 639 640
EDGE 640 641
EDGE 641 642
EDGE 642 643
EDGE 643 644
EDGE 644 645
EDGE 645 646
EDGE 646 647
EDGE 647 648
EDGE 649 650
EDGE 650 651
EDGE 652 653
EDGE 653 654
EDGE 654 655
EDGE 655 656
EDGE 656 657
EDGE 657 658
EDGE 658 659
EDGE 659 660
EDGE 660 661
EDGE 660 662
EDGE 660 663
EDGE 663 664
EDGE 664 665
EDGE 665 666
EDGE 667 668
EDGE 668 669
EDGE 669 670
EDGE 671 672
EDGE 672 673
EDGE 674 675
EDGE 675 676
EDGE 676 677
EDGE 677 678
EDGE 678 679
EDGE 679 680
EDGE 680 681
EDGE 681 682
EDGE 682 683
EDGE 683 684
EDGE 682 685
EDGE 682 686
EDGE 686 687
EDGE 687 688
EDGE 688 689
EDGE 689 690
EDGE 690 691
EDGE 691 692
EDGE 693 694
EDGE 694 695
EDGE 695 696
EDGE 2 5
EDGE 10 16
EDGE 0 22
EDGE 3 22
EDGE 24 27
EDGE 27 29
EDGE 29 31
EDGE 31 33
EDGE 33 35
EDGE 35 37
EDGE 5 22
EDGE 27 41
EDGE 29 41
EDGE 24 41
EDGE 29 43
EDGE 31 43
EDGE 27 43
EDGE 41 43
EDGE 29 45
EDGE 43 45
EDGE 45 47
EDGE 47 50
EDGE 50 52
EDGE 9 55
EDGE 58 61
EDGE 61 63
EDGE 50 67
EDGE 47 67
EDGE 63 65
EDGE 50 69
EDGE 52 69
EDGE 47 69
EDGE 65 67
EDGE 52 71
EDGE 67 69
EDGE 50 71
EDGE 69 71
EDGE 63 75
EDGE 61 75
EDGE 65 77
EDGE 63 77
EDGE 58 75
EDGE 75 77
EDGE 61 77
EDGE 63 79
EDGE 33 81
EDGE 35 81
EDGE 77 79
EDGE 37 83
EDGE 35 83
EDGE 79 81
EDGE 33 83
EDGE 37 85
EDGE 81 83
EDGE 35 85
EDGE 83 85
EDGE 0 90
EDGE 3 90
EDGE 22 88
EDGE 0 91
EDGE 3 91
EDGE 90 91
EDGE 22 91
EDGE 93 95
EDGE 95 97
EDGE 93 97
EDGE 127 129
EDGE 129 131
EDGE 127 131
EDGE 131 133
EDGE 129 133
EDGE 127 133
EDGE 133 135
EDGE 131 135
EDGE 129 135
EDGE 129 142
EDGE 131 144
EDGE 129 144
EDGE 140 142
EDGE 127 144
EDGE 133 146
EDGE 131 146
EDGE 129 146
EDGE 142 144
EDGE 140 144
EDGE 127 146
EDGE 142 146
EDGE 144 146
EDGE 140 146
EDGE 127 148
EDGE 131 148
EDGE 129 148
EDGE 142 148
EDGE 144 148
EDGE 146 148
EDGE 153 155
EDGE 153 157
EDGE 155 157
EDGE 157 159
EDGE 153 159
EDGE 155 159
EDGE 157 161
EDGE 155 161
EDGE 159 161
EDGE 155 168
EDGE 166 168
EDGE 155 171
EDGE 153 171
EDGE 157 171
EDGE 166 171
EDGE 168 171
EDGE 155 173
EDGE 153 173
EDGE 157 173
EDGE 159 173
EDGE 166 173
EDGE 168 173
EDGE 171 173
EDGE 155 176
EDGE 153 176
EDGE 168 176
EDGE 171 176
EDGE 173 176
EDGE 150 178
EDGE 157 176
EDGE 171 178
EDGE 173 178
EDGE 176 178
EDGE 155 178
EDGE 153 178
EDGE 157 178
EDGE 173 180
EDGE 176 180
EDGE 155 180
EDGE 135 182
EDGE 133 182
EDGE 131 182
EDGE 178 180
EDGE 150 180
EDGE 153 180
EDGE 135 183
EDGE 133 183
EDGE 131 183
EDGE 140 184
EDGE 142 184
EDGE 144 184
EDGE 138 184
EDGE 140 186
EDGE 142 186
EDGE 144 186
EDGE 138 186
EDGE 208 211
EDGE 211 213
EDGE 213 215
EDGE 215 218
EDGE 218 220
EDGE 21 225
EDGE 15 225
EDGE 203 226
EDGE 231 233
EDGE 231 235
EDGE 233 235
EDGE 231 237
EDGE 233 237
EDGE 235 237
EDGE 231 239
EDGE 233 239
EDGE 235 239
EDGE 237 239
EDGE 241 243
EDGE 241 245
EDGE 243 245
EDGE 241 247
EDGE 243 247
EDGE 245 247
EDGE 220 250
EDGE 223 250
EDGE 223 252
EDGE 220 252
EDGE 250 252
EDGE 223 254
EDGE 250 254
EDGE 252 254
EDGE 125 257
EDGE 125 259
EDGE 125 261
EDGE 259 261
EDGE 125 263
EDGE 259 263
EDGE 261 263
EDGE 125 265
EDGE 259 265
EDGE 261 265
EDGE 263 265
EDGE 125 267
EDGE 259 267
EDGE 261 267
EDGE 263 267
EDGE 265 267
EDGE 271 273
EDGE 271 276
EDGE 273 276
EDGE 273 279
EDGE 276 279
EDGE 276 282
EDGE 279 282
EDGE 282 286
EDGE 282 288
EDGE 286 288
EDGE 288 291
EDGE 291 293
EDGE 189 298
EDGE 189 300
EDGE 298 300
EDGE 189 302
EDGE 298 302
EDGE 300 302
EDGE 307 310
EDGE 298 313
EDGE 300 313
EDGE 302 313
EDGE 189 313
EDGE 298 315
EDGE 300 315
EDGE 302 315
EDGE 189 315
EDGE 315 317
EDGE 304 317
EDGE 189 317
EDGE 317 320
EDGE 317 322
EDGE 320 322
EDGE 322 325
EDGE 320 325
EDGE 325 329
EDGE 322 329
EDGE 329 332
EDGE 325 332
EDGE 322 332
EDGE 55 336
EDGE 9 336
EDGE 338 340
EDGE 338 342
EDGE 340 342
EDGE 338 344
EDGE 340 344
EDGE 342 344
EDGE 225 348
EDGE 21 348
EDGE 10 348
EDGE 352 354
EDGE 354 357
EDGE 357 359
EDGE 359 361
EDGE 361 363
EDGE 363 365
EDGE 354 369
EDGE 357 369
EDGE 352 369
EDGE 357 371
EDGE 359 371
EDGE 369 371
EDGE 354 371
EDGE 371 373
EDGE 357 373
EDGE 373 375
EDGE 375 377
EDGE 377 379
EDGE 52 384
EDGE 71 385
EDGE 24 396
EDGE 27 398
EDGE 41 395
EDGE 29 401
EDGE 43 393
EDGE 31 403
EDGE 45 391
EDGE 47 388
EDGE 50 386
EDGE 69 387
EDGE 67 389
EDGE 65 392
EDGE 63 394
EDGE 75 400
EDGE 61 397
EDGE 58 399
EDGE 352 418
EDGE 369 419
EDGE 354 417
EDGE 371 420
EDGE 357 416
EDGE 373 421
EDGE 359 415
EDGE 375 423
EDGE 361 413
EDGE 379 425
EDGE 377 424
EDGE 363 412
EDGE 33 405
EDGE 37 409
EDGE 35 407
EDGE 85 410
EDGE 83 408
EDGE 81 406
EDGE 79 404
EDGE 77 402
EDGE 365 411
EDGE 428 430
EDGE 427 435
EDGE 54 438
EDGE 73 438
EDGE 383 438
EDGE 50 439
EDGE 52 439
EDGE 71 439
EDGE 24 439
EDGE 27 439
EDGE 41 439
EDGE 29 439
EDGE 43 439
EDGE 31 439
EDGE 45 439
EDGE 47 439
EDGE 49 439
EDGE 69 439
EDGE 67 439
EDGE 65 439
EDGE 63 439
EDGE 61 439
EDGE 58 439
EDGE 56 441
EDGE 8 441
EDGE 336 441
EDGE 338 441
EDGE 340 441
EDGE 342 441
EDGE 390 439
EDGE 33 439
EDGE 37 439
EDGE 35 439
EDGE 85 439
EDGE 83 439
EDGE 81 439
EDGE 79 439
EDGE 77 439
EDGE 75 439
EDGE 344 441
EDGE 345 442
EDGE 225 449
EDGE 20 449
EDGE 14 449
EDGE 350 449
EDGE 352 446
EDGE 369 445
EDGE 354 445
EDGE 371 445
EDGE 357 445
EDGE 373 445
EDGE 359 445
EDGE 422 445
EDGE 379 445
EDGE 375 445
EDGE 377 445
EDGE 361 445
EDGE 363 445
EDGE 365 445
EDGE 225 453
EDGE 18 453
EDGE 12 453
EDGE 351 453
EDGE 448 453
EDGE 352 451
EDGE 369 450
EDGE 355 450
EDGE 371 450
EDGE 357 450
EDGE 373 450
EDGE 359 450
EDGE 414 450
EDGE 379 450
EDGE 375 450
EDGE 377 450
EDGE 361 450
EDGE 363 450
EDGE 365 450
EDGE 315 500
EDGE 332 508
EDGE 329 507
EDGE 325 506
EDGE 322 504
EDGE 320 503
EDGE 317 502
EDGE 300 497
EDGE 302 498
EDGE 305 510
EDGE 307 510
EDGE 310 510
EDGE 271 484
EDGE 208 467
EDGE 211 466
EDGE 125 481
EDGE 273 482
EDGE 276 483
EDGE 213 465
EDGE 279 485
EDGE 231 456
EDGE 233 455
EDGE 235 454
EDGE 237 454
EDGE 239 454
EDGE 241 454
EDGE 243 454
EDGE 245 454
EDGE 215 463
EDGE 218 462
EDGE 189 499
EDGE 282 487
EDGE 286 488
EDGE 259 480
EDGE 261 479
EDGE 288 490
EDGE 263 478
EDGE 265 477
EDGE 247 454
EDGE 220 461
EDGE 250 457
EDGE 252 458
EDGE 254 459
EDGE 223 460
EDGE 267 476
EDGE 291 491
EDGE 196 475
EDGE 293 493
EDGE 192 494
EDGE 228 515
EDGE 208 515
EDGE 211 515
EDGE 213 515
EDGE 215 515
EDGE 233 515
EDGE 235 515
EDGE 239 515
EDGE 241 515
EDGE 243 515
EDGE 245 515
EDGE 247 515
EDGE 217 515
EDGE 220 513
EDGE 464 515
EDGE 250 512
EDGE 222 511
EDGE 252 511
EDGE 254 511
EDGE 223 511
EDGE 17 511
EDGE 11 511
EDGE 348 511
EDGE 227 519
EDGE 205 519
EDGE 210 516
EDGE 211 516
EDGE 213 516
EDGE 231 516
EDGE 233 516
EDGE 235 516
EDGE 237 516
EDGE 239 516
EDGE 245 516
EDGE 247 516
EDGE 215 516
EDGE 218 516
EDGE 468 519
EDGE 203 519
EDGE 249 516
EDGE 515 516
EDGE 220 516
EDGE 250 516
EDGE 226 521
EDGE 206 520
EDGE 208 520
EDGE 211 520
EDGE 518 520
EDGE 213 520
EDGE 231 520
EDGE 215 520
EDGE 469 523
EDGE 202 523
EDGE 247 520
EDGE 525 531
EDGE 473 534
EDGE 198 534
EDGE 529 535
EDGE 534 538
EDGE 472 538
EDGE 199 538
EDGE 528 539
EDGE 537 539
EDGE 534 539
EDGE 471 541
EDGE 200 541
EDGE 526 544
EDGE 538 544
EDGE 533 544
EDGE 539 544
EDGE 474 542
EDGE 197 542
EDGE 271 548
EDGE 124 545
EDGE 273 547
EDGE 276 548
EDGE 279 549
EDGE 486 550
EDGE 195 550
EDGE 282 550
EDGE 283 550
EDGE 257 545
EDGE 259 545
EDGE 286 550
EDGE 261 545
EDGE 263 545
EDGE 265 545
EDGE 288 550
EDGE 267 545
EDGE 291 550
EDGE 293 550
EDGE 269 552
EDGE 122 551
EDGE 271 553
EDGE 276 556
EDGE 279 557
EDGE 489 557
EDGE 194 557
EDGE 280 557
EDGE 284 557
EDGE 550 557
EDGE 257 557
EDGE 259 557
EDGE 286 557
EDGE 261 557
EDGE 263 557
EDGE 265 557
EDGE 288 557
EDGE 267 557
EDGE 291 557
EDGE 293 557
EDGE 271 558
EDGE 123 558
EDGE 273 558
EDGE 555 558
EDGE 275 558
EDGE 277 558
EDGE 492 562
EDGE 193 562
EDGE 279 558
EDGE 286 561
EDGE 550 559
EDGE 257 558
EDGE 259 558
EDGE 288 562
EDGE 261 558
EDGE 263 558
EDGE 265 558
EDGE 289 562
EDGE 267 558
EDGE 291 562
EDGE 293 562
EDGE 166 577
EDGE 168 577
EDGE 171 577
EDGE 173 577
EDGE 157 577
EDGE 180 577
EDGE 176 577
EDGE 153 577
EDGE 178 577
EDGE 573 577
EDGE 155 577
EDGE 159 577
EDGE 161 577
EDGE 163 577
EDGE 119 580
EDGE 166 581
EDGE 168 581
EDGE 171 581
EDGE 173 581
EDGE 174 581
EDGE 157 581
EDGE 180 581
EDGE 176 581
EDGE 153 581
EDGE 178 581
EDGE 155 581
EDGE 159 581
EDGE 161 581
EDGE 163 581
EDGE 579 581
EDGE 120 583
EDGE 166 584
EDGE 168 584
EDGE 171 584
EDGE 173 584
EDGE 157 584
EDGE 180 584
EDGE 176 584
EDGE 153 584
EDGE 178 584
EDGE 574 587
EDGE 155 584
EDGE 159 584
EDGE 161 584
EDGE 163 584
EDGE 577 584
EDGE 581 584
EDGE 118 584
EDGE 166 588
EDGE 168 588
EDGE 171 588
EDGE 173 588
EDGE 157 588
EDGE 180 588
EDGE 176 588
EDGE 153 588
EDGE 178 588
EDGE 575 590
EDGE 155 588
EDGE 159 588
EDGE 161 588
EDGE 163 588
EDGE 586 588
EDGE 577 588
EDGE 569 591
EDGE 588 594
EDGE 159 594
EDGE 161 594
EDGE 584 594
EDGE 577 594
EDGE 581 594
EDGE 593 597
EDGE 168 595
EDGE 171 595
EDGE 173 595
EDGE 157 595
EDGE 180 595
EDGE 176 595
EDGE 153 595
EDGE 178 595
EDGE 570 597
EDGE 588 595
EDGE 155 595
EDGE 159 595
EDGE 161 595
EDGE 584 595
EDGE 577 595
EDGE 581 595
EDGE 117 595
EDGE 594 598
EDGE 166 600
EDGE 595 598
EDGE 168 600
EDGE 170 600
EDGE 171 600
EDGE 173 600
EDGE 157 600
EDGE 180 600
EDGE 176 600
EDGE 153 600
EDGE 178 600
EDGE 572 598
EDGE 588 598
EDGE 155 600
EDGE 159 600
EDGE 161 600
EDGE 584 598
EDGE 577 598
EDGE 581 598
EDGE 115 600
EDGE 594 610
EDGE 166 601
EDGE 595 609
EDGE 168 610
EDGE 598 607
EDGE 171 610
EDGE 173 610
EDGE 157 610
EDGE 180 610
EDGE 176 610
EDGE 153 610
EDGE 178 610
EDGE 571 610
EDGE 588 610
EDGE 155 610
EDGE 159 608
EDGE 161 606
EDGE 163 605
EDGE 584 602
EDGE 577 603
EDGE 581 610
EDGE 116 610
EDGE 164 613
EDGE 166 613
EDGE 168 613
EDGE 171 613
EDGE 173 613
EDGE 155 613
EDGE 180 613
EDGE 176 613
EDGE 153 613
EDGE 178 613
EDGE 566 611
EDGE 157 613
EDGE 159 613
EDGE 114 613
EDGE 164 616
EDGE 166 616
EDGE 168 616
EDGE 611 614
EDGE 565 614
EDGE 111 616
EDGE 614 617
EDGE 611 617
EDGE 564 619
EDGE 112 617
EDGE 591 622
EDGE 617 620
EDGE 614 620
EDGE 611 620
EDGE 567 622
EDGE 113 620
EDGE 616 623
EDGE 613 623
EDGE 110 623
EDGE 625 627
EDGE 182 631
EDGE 137 632
EDGE 135 633
EDGE 133 634
EDGE 131 635
EDGE 140 643
EDGE 142 642
EDGE 144 641
EDGE 138 644
EDGE 129 636
EDGE 186 645
EDGE 146 640
EDGE 127 637
EDGE 148 639
EDGE 188 647
EDGE 108 638
EDGE 315 659
EDGE 99 661
EDGE 332 661
EDGE 329 661
EDGE 325 661
EDGE 322 661
EDGE 317 661
EDGE 320 661
EDGE 97 652
EDGE 95 652
EDGE 93 652
EDGE 307 657
EDGE 310 655
EDGE 312 653
EDGE 510 661
EDGE 189 658
EDGE 298 666
EDGE 315 666
EDGE 100 666
EDGE 332 666
EDGE 329 666
EDGE 328 666
EDGE 325 666
EDGE 322 666
EDGE 317 666
EDGE 320 666
EDGE 300 666
EDGE 302 666
EDGE 304 666
EDGE 305 666
EDGE 307 665
EDGE 310 664
EDGE 509 666
EDGE 189 666
EDGE 98 670
EDGE 332 670
EDGE 329 670
EDGE 325 670
EDGE 322 670
EDGE 666 670
EDGE 97 670
EDGE 95 670
EDGE 93 670
EDGE 307 669
EDGE 309 670
EDGE 310 670
EDGE 654 670
EDGE 295 671
EDGE 313 671
EDGE 332 671
EDGE 329 671
EDGE 325 671
EDGE 322 671
EDGE 320 671
EDGE 315 671
EDGE 317 671
EDGE 666 671
EDGE 298 671
EDGE 300 671
EDGE 302 671
EDGE 495 671
EDGE 191 671
EDGE 295 674
EDGE 313 678
EDGE 102 684
EDGE 332 684
EDGE 329 684
EDGE 326 684
EDGE 324 684
EDGE 322 683
EDGE 315 679
EDGE 317 681
EDGE 666 684
EDGE 298 675
EDGE 300 676
EDGE 302 677
EDGE 305 684
EDGE 307 684
EDGE 310 684
EDGE 661 684
EDGE 671 674
EDGE 496 674
EDGE 190 674
EDGE 298 685
EDGE 315 685
EDGE 103 692
EDGE 334 692
EDGE 332 692
EDGE 325 688
EDGE 322 686
EDGE 320 685
EDGE 317 685
EDGE 318 685
EDGE 666 689
EDGE 300 685
EDGE 302 685
EDGE 304 685
EDGE 305 692
EDGE 307 692
EDGE 310 692
EDGE 661 691
EDGE 671 685
EDGE 501 685
EDGE 189 685
EDGE 684 693
EDGE 298 693
EDGE 315 693
EDGE 104 696
EDGE 690 693
EDGE 335 694
EDGE 331 693
EDGE 329 693
EDGE 325 693
EDGE 322 693
EDGE 317 693
EDGE 320 693
EDGE 666 693
EDGE 300 693
EDGE 302 693
EDGE 304 693
EDGE 305 693
EDGE 307 693
EDGE 310 693
EDGE 661 693
EDGE 505 693
EDGE 189 693
EDGE 428 697
EDGE 429 697
EDGE 345 698
EDGE 346 698
EDGE 630 699
EDGE 631 699
EDGE 630 700
EDGE 631 700
