# Generated from current Luavi geometry; rerun generate_land_airfields.py after layout edits.
GENERATED 0 00000021.fld
HOLD -18945.9750 9066.7579
RUNWAY -17164.5064 9375.1486 215.11533 989.3918 29.5395
TOUCHDOWN 20 10 300
TOUCHDOWN_SPEED 70.222
APPROACH FINAL
A -13137.9379 15101.1198 76.200 230.000 0 0 0 1542.588 230.000 0 0 0
A -13166.6991 15060.2200 76.200 230.000 0 0 0 1521.773 230.000 0 0 0
A -13195.4603 15019.3202 76.200 230.000 0 0 0 1501.108 230.000 0 0 0
A -13224.2215 14978.4204 76.200 230.000 0 0 0 1480.591 230.000 0 0 0
A -13252.9827 14937.5206 76.200 230.000 0 0 0 1460.223 230.000 0 0 0
A -13281.7439 14896.6208 76.200 230.000 0 0 0 1440.004 230.000 0 0 0
A -13310.5051 14855.7210 76.200 230.000 0 0 0 1419.933 230.000 0 0 0
A -13339.2663 14814.8213 76.200 230.000 0 0 0 1400.012 230.000 0 0 0
A -13368.0275 14773.9215 76.200 230.000 0 0 0 1380.239 230.000 0 0 0
A -13396.7887 14733.0217 76.200 230.000 0 0 0 1360.615 230.000 0 0 0
A -13425.5499 14692.1219 76.200 230.000 0 0 0 1341.139 230.000 0 0 0
A -13454.3111 14651.2221 76.200 230.000 0 0 0 1321.813 230.000 0 0 0
A -13483.0723 14610.3223 76.200 230.000 0 0 0 1302.635 230.000 0 0 0
A -13511.8335 14569.4225 76.200 230.000 0 0 0 1283.606 230.000 0 0 0
A -13540.5947 14528.5227 76.200 230.000 0 0 0 1264.726 230.000 0 0 0
A -13569.3559 14487.6229 76.200 230.000 0 0 0 1245.995 230.000 0 0 0
A -13598.1171 14446.7231 76.200 230.000 0 0 0 1227.412 230.000 0 0 0
A -13626.8783 14405.8233 76.200 230.000 0 0 0 1208.978 230.000 0 0 0
A -13655.6396 14364.9235 76.200 230.000 0 0 0 1190.693 230.000 0 0 0
A -13684.4008 14324.0237 76.200 230.000 0 0 0 1172.557 230.000 0 0 0
A -13713.1620 14283.1239 76.200 230.000 0 0 0 1154.569 230.000 0 0 0
A -13741.9232 14242.2241 76.200 230.000 0 0 0 1136.731 230.000 0 0 0
A -13770.6844 14201.3243 76.200 230.000 0 0 0 1119.041 230.000 0 0 0
A -13799.4456 14160.4245 76.200 230.000 0 0 0 1101.500 230.000 0 0 0
A -13828.2068 14119.5248 76.200 230.000 0 0 0 1084.107 230.000 0 0 0
A -13856.9680 14078.6250 76.200 230.000 0 0 0 1066.864 230.000 0 0 0
A -13885.7292 14037.7252 76.200 230.000 0 0 0 1049.769 230.000 0 0 0
A -13914.4904 13996.8254 76.200 230.000 0 0 0 1032.823 230.000 0 0 0
A -13943.2516 13955.9256 76.200 230.000 0 0 0 1016.025 230.000 0 0 0
A -13972.0128 13915.0258 76.200 230.000 0 0 0 999.377 230.000 0 0 0
A -14000.7740 13874.1260 76.200 230.000 0 0 0 982.877 230.000 0 0 0
A -14029.5352 13833.2262 76.200 228.803 0 0 0 966.526 228.803 0 0 0
A -14058.2964 13792.3264 76.200 226.807 0 0 0 950.324 226.807 0 0 0
A -14087.0576 13751.4266 76.200 224.811 0 0 0 934.271 224.811 0 0 0
A -14115.8188 13710.5268 76.200 222.815 0 0 0 918.366 222.815 0 0 0
A -14144.5800 13669.6270 76.200 220.819 0 0 0 902.610 220.819 0 0 0
A -14173.3412 13628.7272 76.200 218.824 0 0 0 887.003 218.824 0 0 0
A -14202.1024 13587.8274 76.200 216.828 0 0 0 871.545 216.828 0 0 0
A -14230.8636 13546.9276 76.200 214.832 0 0 0 856.236 214.832 0 0 0
A -14259.6248 13506.0278 76.200 212.836 0 0 0 841.075 212.836 0 0 0
A -14288.3860 13465.1280 76.200 210.840 0 0 0 826.063 210.840 0 0 0
A -14317.1472 13424.2283 76.200 208.845 0 0 0 811.200 208.845 0 0 0
A -14345.9084 13383.3285 76.200 206.849 0 0 0 796.486 206.849 0 0 0
A -14374.6696 13342.4287 76.200 204.853 0 0 0 781.920 204.853 0 0 0
A -14403.4309 13301.5289 76.200 202.857 0 0 0 767.503 202.857 0 0 0
A -14432.1921 13260.6291 76.200 200.861 0 0 0 753.235 200.861 0 0 0
A -14460.9533 13219.7293 76.200 198.866 0 0 0 739.116 198.866 0 0 0
A -14489.7145 13178.8295 76.200 196.870 0 0 0 725.146 196.870 0 0 0
A -14518.4757 13137.9297 76.200 194.874 0 0 0 711.324 194.874 0 0 0
A -14547.2369 13097.0299 76.200 192.878 0 0 0 697.651 192.878 0 0 0
A -14575.9981 13056.1301 76.200 190.882 0 0 0 684.127 190.882 0 0 0
A -14604.7593 13015.2303 76.200 188.887 0 0 0 670.752 188.887 0 0 0
A -14633.5205 12974.3305 76.200 186.891 0 0 0 657.525 186.891 0 0 0
A -14662.2817 12933.4307 76.200 184.895 0 0 0 644.447 184.895 0 0 0
A -14691.0429 12892.5309 76.200 182.899 0 0 0 631.518 182.899 0 0 0
A -14719.8041 12851.6311 76.200 180.903 0 0 0 618.738 180.903 0 0 0
A -14748.5653 12810.7313 76.200 178.908 0 0 0 606.107 178.908 0 0 0
A -14777.3265 12769.8315 76.200 176.912 0 0 0 593.624 176.912 0 0 0
A -14806.0877 12728.9318 76.200 174.916 0 0 0 581.290 174.916 0 0 0
A -14834.8489 12688.0320 76.200 172.920 0 0 0 569.105 172.920 0 0 0
A -14863.6101 12647.1322 76.200 170.924 0 0 0 557.069 170.924 0 0 0
A -14892.3713 12606.2324 76.200 168.929 0 0 0 545.181 168.929 0 0 0
A -14921.1325 12565.3326 76.200 166.933 0 0 0 533.443 166.933 0 0 0
A -14949.8937 12524.4328 76.200 164.937 0 0 0 521.853 164.937 0 0 0
A -14978.6549 12483.5330 76.200 162.941 0 0 0 510.411 162.941 0 0 0
A -15007.4161 12442.6332 76.200 160.945 0 0 0 499.119 160.945 0 0 0
A -15036.1773 12401.7334 76.200 158.950 0 0 0 487.975 158.950 0 0 0
A -15064.9385 12360.8336 76.200 156.954 0 0 0 476.981 156.954 0 0 0
A -15093.6997 12319.9338 76.200 154.958 0 0 0 466.135 154.958 0 0 0
A -15122.4609 12279.0340 76.200 152.962 0 0 0 455.437 152.962 0 0 0
A -15151.2222 12238.1342 76.200 150.966 0 0 0 444.889 150.966 0 0 0
A -15179.9834 12197.2344 76.200 148.971 0 0 0 434.489 148.971 0 0 0
A -15208.7446 12156.3346 76.200 146.975 0 0 0 424.238 146.975 0 0 0
A -15237.5058 12115.4348 76.200 144.979 0 0 0 414.136 144.979 0 0 0
A -15266.2670 12074.5350 76.200 142.983 0 0 0 404.183 142.983 0 0 0
A -15295.0282 12033.6353 76.200 140.987 0 0 0 394.378 140.987 0 0 0
A -15323.7894 11992.7355 76.200 138.992 0 0 0 384.722 138.992 0 0 0
A -15352.5506 11951.8357 76.200 136.996 0 1 0 375.215 136.996 0 1 0
A -15381.3118 11910.9359 76.200 135.000 0 1 0 365.857 135.000 0 1 0
A -15410.0730 11870.0361 76.200 133.004 0 1 0 356.647 133.004 0 1 0
A -15438.8342 11829.1363 76.200 131.008 0 1 0 347.587 131.008 0 1 0
A -15467.5954 11788.2365 76.200 129.013 0 1 0 338.675 129.013 0 1 0
A -15496.3566 11747.3367 76.200 127.017 0 1 0 329.912 127.017 0 1 0
A -15525.1178 11706.4369 76.200 125.021 0 1 0 321.297 125.021 0 1 0
A -15553.8790 11665.5371 76.200 123.025 0 1 0 312.832 123.025 0 1 0
A -15582.6402 11624.6373 76.200 121.029 0 1 0 304.515 121.029 0 1 0
A -15611.4014 11583.7375 76.200 119.034 0 1 0 296.347 119.034 0 1 0
A -15640.1626 11542.8377 76.200 117.038 1 1 0 288.328 117.038 1 1 0
A -15668.9238 11501.9379 76.200 115.042 1 1 0 280.457 115.042 1 1 0
A -15697.6850 11461.0381 76.200 113.046 1 1 0 272.735 113.046 1 1 0
A -15726.4462 11420.1383 76.200 111.051 1 1 0 265.163 111.051 1 1 0
A -15755.2074 11379.2385 76.200 109.055 1 1 0 257.738 109.055 1 1 0
A -15783.9686 11338.3388 76.200 107.059 1 1 0 250.463 107.059 1 1 0
A -15812.7298 11297.4390 76.200 105.063 1 1 0 243.336 105.063 1 1 0
A -15841.4910 11256.5392 76.200 103.067 1 1 0 236.359 103.067 1 1 0
A -15870.2522 11215.6394 76.200 101.072 1 1 0 229.530 101.072 1 1 0
A -15899.0135 11174.7396 76.200 99.076 1 1 0 222.849 99.076 1 1 0
A -15927.7747 11133.8398 76.200 97.080 1 1 0 216.318 97.080 1 1 0
A -15956.5359 11092.9400 76.200 95.084 1 1 0 209.935 95.084 1 1 0
A -15985.2971 11052.0402 76.200 93.088 1 1 0 203.701 93.088 1 1 0
A -16014.0583 11011.1404 76.200 91.093 1 1 0 197.616 91.093 1 1 0
A -16042.8195 10970.2406 76.200 89.097 1 1 0 191.680 89.097 1 1 0
A -16071.5807 10929.3408 76.200 87.101 1 1 0 185.893 87.101 1 1 0
A -16100.3419 10888.4410 76.200 85.105 1 1 0 180.254 85.105 1 1 0
A -16129.1031 10847.5412 76.200 83.109 1 1 0 174.764 83.109 1 1 0
A -16157.8643 10806.6414 76.200 82.311 1 1 0 169.423 82.311 1 1 0
A -16186.6255 10765.7416 76.200 82.311 1 1 0 164.230 82.311 1 1 0
A -16215.3867 10724.8418 76.200 82.311 1 1 0 159.187 82.311 1 1 0
A -16244.1479 10683.9420 76.200 82.311 1 1 0 154.292 82.311 1 1 0
A -16272.9091 10643.0423 76.200 82.311 1 1 0 149.546 82.311 1 1 0
A -16301.6703 10602.1425 76.200 82.311 1 1 0 144.948 82.311 1 1 0
A -16330.4315 10561.2427 76.200 82.311 1 1 0 140.500 82.311 1 1 0
A -16359.1927 10520.3429 76.200 82.311 1 1 0 136.200 82.311 1 1 0
A -16387.9539 10479.4431 74.299 82.311 1 1 0 130.148 82.311 1 1 0
A -16416.7151 10438.5433 71.678 82.311 1 1 0 123.525 82.311 1 1 0
A -16445.4763 10397.6435 69.058 82.311 1 1 0 117.051 82.311 1 1 0
A -16474.2375 10356.7437 66.437 82.311 1 1 0 110.726 82.311 1 1 0
A -16502.9987 10315.8439 63.817 82.311 1 1 0 104.550 82.311 1 1 0
A -16531.7599 10274.9441 61.197 82.311 1 1 0 98.523 82.311 1 1 0
A -16560.5211 10234.0443 58.576 82.311 1 1 0 92.644 82.311 1 1 0
A -16589.2823 10193.1445 55.956 82.311 1 1 0 86.914 82.311 1 1 0
A -16618.0435 10152.2447 53.336 82.311 1 1 0 81.333 82.311 1 1 0
A -16646.8048 10111.3449 50.715 82.311 1 1 0 75.901 82.311 1 1 0
A -16675.5660 10070.4451 48.095 82.311 1 1 0 70.617 82.311 1 1 0
A -16704.3272 10029.5453 45.474 82.311 1 1 0 65.482 82.311 1 1 0
A -16733.0884 9988.6456 42.854 82.311 1 1 0 60.496 82.311 1 1 0
A -16761.8496 9947.7458 40.234 82.311 1 1 0 55.659 82.311 1 1 0
A -16790.6108 9906.8460 37.613 82.311 1 1 0 50.971 82.311 1 1 0
A -16819.3720 9865.9462 34.993 82.311 1 1 0 46.431 82.311 1 1 0
A -16848.1332 9825.0464 32.372 82.311 1 1 0 42.040 82.311 1 1 0
A -16876.8944 9784.1466 29.752 82.311 1 1 0 37.798 82.311 1 1 0
A -16905.6556 9743.2468 27.132 82.311 1 1 0 33.705 82.311 1 1 0
A -16934.4168 9702.3470 24.511 82.311 1 1 0 29.760 82.311 1 1 0
A -16963.1780 9661.4472 21.891 82.311 1 1 0 25.964 82.311 1 1 0
A -16991.9392 9620.5474 19.270 82.311 1 1 0 22.318 82.311 1 1 0
A -17020.7004 9579.6476 16.650 82.311 1 1 0 18.819 82.311 1 1 0
A -17049.4616 9538.7478 14.030 82.311 1 1 0 15.470 82.311 1 1 0
A -17078.2228 9497.8480 11.409 82.311 1 1 0 12.269 82.311 1 1 0
A -17106.9840 9456.9482 8.789 82.311 1 1 0 9.217 82.311 1 1 0
A -17135.7452 9416.0484 6.169 82.311 1 1 0 6.314 82.311 1 1 0
A -17164.5064 9375.1486 3.548 82.311 1 1 0 3.560 82.311 1 1 0
A -17193.2676 9334.2488 2.500 82.311 1 1 0 2.500 82.311 1 1 0
A -17222.0288 9293.3491 2.500 82.311 1 1 0 2.500 82.311 1 1 0
REARM SUPPLY_CONTAINER_36175 -17700.9994 9128.6056 252.400 -17704.0000 9156.5400
ROUTE SUPPLY_CONTAINER_36175 IN
R -17176.0109 9358.7887 10.0
R -17178.2797 9355.5623 10.0
R -17180.5486 9352.3359 10.0
R -17182.8174 9349.1095 10.0
R -17185.0863 9345.8831 10.0
R -17187.3551 9342.6567 10.0
R -17189.6240 9339.4303 10.0
R -17191.8928 9336.2039 10.0
R -17194.1617 9332.9775 10.0
R -17196.4305 9329.7511 10.0
R -17198.6994 9326.5247 10.0
R -17200.9682 9323.2982 10.0
R -17203.2371 9320.0718 10.0
R -17205.5059 9316.8454 10.0
R -17207.7747 9313.6190 10.0
R -17210.0436 9310.3926 10.0
R -17212.3124 9307.1662 10.0
R -17214.5813 9303.9398 10.0
R -17216.8501 9300.7134 10.0
R -17219.1190 9297.4870 10.0
R -17221.3878 9294.2606 10.0
R -17223.6567 9291.0342 10.0
R -17225.9255 9287.8078 10.0
R -17228.1944 9284.5814 10.0
R -17230.4632 9281.3550 10.0
R -17232.7321 9278.1286 10.0
R -17235.0009 9274.9021 10.0
R -17237.2698 9271.6757 10.0
R -17239.5386 9268.4493 10.0
R -17241.8074 9265.2229 10.0
R -17244.0763 9261.9965 10.0
R -17246.3451 9258.7701 10.0
R -17248.6140 9255.5437 10.0
R -17250.8828 9252.3173 10.0
R -17253.1517 9249.0909 10.0
R -17255.4205 9245.8645 10.0
R -17257.6894 9242.6381 10.0
R -17259.9582 9239.4117 10.0
R -17262.2271 9236.1853 10.0
R -17264.4959 9232.9589 10.0
R -17266.7648 9229.7324 10.0
R -17269.0336 9226.5060 10.0
R -17271.3024 9223.2796 10.0
R -17273.5713 9220.0532 10.0
R -17275.8401 9216.8268 10.0
R -17276.6800 9217.5100 10.0
R -17279.1212 9219.4957 10.0
R -17280.7368 9220.8100 10.0
R -17282.3525 9222.1242 10.0
R -17284.6876 9224.0237 10.0
R -17287.0228 9225.9233 10.0
R -17288.6457 9227.2434 10.0
R -17292.1617 9225.5465 10.0
R -17295.6776 9223.8496 10.0
R -17299.1936 9222.1527 10.0
R -17302.7095 9220.4559 10.0
R -17306.2255 9218.7590 10.0
R -17309.7414 9217.0621 10.0
R -17313.2574 9215.3652 10.0
R -17316.7733 9213.6683 10.0
R -17320.2893 9211.9714 10.0
R -17323.8052 9210.2745 10.0
R -17327.3212 9208.5776 10.0
R -17330.8371 9206.8807 10.0
R -17334.3531 9205.1838 10.0
R -17337.8690 9203.4869 10.0
R -17341.3850 9201.7900 10.0
R -17344.4767 9201.7633 10.0
R -17347.5683 9201.7367 10.0
R -17350.6600 9201.7100 10.0
R -17353.5550 9201.3483 10.0
R -17356.4500 9200.9867 10.0
R -17359.3450 9200.6250 10.0
R -17362.5450 9199.5500 10.0
R -17365.7450 9198.4750 10.0
R -17368.9450 9197.4000 10.0
R -17372.0679 9196.3470 10.0
R -17375.1908 9195.2940 10.0
R -17378.3136 9194.2410 10.0
R -17381.4365 9193.1880 10.0
R -17384.5594 9192.1350 10.0
R -17386.5406 9191.4670 10.0
R -17388.5217 9190.7989 10.0
R -17391.3677 9189.8393 10.0
R -17394.2136 9188.8797 10.0
R -17397.0596 9187.9200 10.0
R -17399.9056 9186.9604 10.0
R -17402.0786 9186.2277 10.0
R -17404.2516 9185.4950 10.0
R -17407.9237 9184.2568 10.0
R -17411.5958 9183.0186 10.0
R -17415.2678 9181.7804 10.0
R -17418.9399 9180.5422 10.0
R -17422.6120 9179.3040 10.0
R -17426.2840 9178.0658 10.0
R -17429.9561 9176.8277 10.0
R -17433.6282 9175.5895 10.0
R -17437.3002 9174.3513 10.0
R -17440.9723 9173.1131 10.0
R -17444.6444 9171.8749 10.0
R -17448.3164 9170.6367 10.0
R -17451.9885 9169.3985 10.0
R -17455.6606 9168.1604 10.0
R -17459.3327 9166.9222 10.0
R -17463.0047 9165.6840 10.0
R -17466.6768 9164.4458 10.0
R -17470.3489 9163.2076 10.0
R -17473.9706 9161.9864 10.0
R -17477.5924 9160.7652 10.0
R -17481.2732 9159.5240 10.0
R -17484.9540 9158.2829 10.0
R -17488.6348 9157.0418 10.0
R -17491.5589 9156.0558 10.0
R -17494.4829 9155.0699 10.0
R -17498.2256 9153.8079 10.0
R -17501.9683 9152.5459 10.0
R -17505.7110 9151.2839 10.0
R -17509.4536 9150.0219 10.0
R -17513.1963 9148.7599 10.0
R -17516.9390 9147.4979 10.0
R -17520.6817 9146.2359 10.0
R -17524.4244 9144.9739 10.0
R -17528.1671 9143.7119 10.0
R -17531.9097 9142.4499 10.0
R -17535.6524 9141.1879 10.0
R -17539.3951 9139.9259 10.0
R -17543.1378 9138.6639 10.0
R -17546.8805 9137.4019 10.0
R -17550.6231 9136.1399 10.0
R -17554.3658 9134.8779 10.0
R -17558.1085 9133.6159 10.0
R -17561.8512 9132.3539 10.0
R -17565.5939 9131.0919 10.0
R -17569.3366 9129.8299 10.0
R -17573.0792 9128.5679 10.0
R -17576.8219 9127.3059 10.0
R -17580.5646 9126.0440 10.0
R -17584.3073 9124.7820 10.0
R -17588.0500 9123.5200 10.0
R -17591.7927 9122.2580 10.0
R -17593.0413 9125.9609 10.0
R -17594.2898 9129.6639 10.0
R -17595.5384 9133.3668 10.0
R -17596.7870 9137.0697 10.0
R -17598.0356 9140.7727 10.0
R -17599.2842 9144.4756 10.0
R -17600.5328 9148.1786 10.0
R -17601.7814 9151.8815 10.0
R -17603.0300 9155.5844 10.0
R -17604.2786 9159.2874 10.0
R -17607.9602 9158.1195 10.0
R -17611.6418 9156.9517 10.0
R -17615.3233 9155.7838 10.0
R -17619.0049 9154.6159 10.0
R -17622.6865 9153.4480 10.0
R -17626.3680 9152.2802 10.0
R -17630.0496 9151.1123 10.0
R -17633.7312 9149.9444 10.0
R -17637.4127 9148.7766 10.0
R -17641.0943 9147.6087 10.0
R -17644.7759 9146.4408 10.0
R -17648.4574 9145.2730 10.0
R -17652.1390 9144.1051 10.0
R -17655.8206 9142.9372 10.0
R -17659.5022 9141.7693 10.0
R -17663.1837 9140.6015 10.0
R -17666.8653 9139.4336 10.0
R -17670.5469 9138.2657 10.0
R -17674.2284 9137.0979 10.0
R -17677.9100 9135.9300 10.0
R -17681.2085 9134.8837 10.0
R -17684.5070 9133.8373 10.0
R -17687.8055 9132.7910 10.0
R -17691.1040 9131.7446 10.0
R -17694.4024 9130.6983 10.0
R -17697.7009 9129.6519 10.0
R -17700.9994 9128.6056 10.0
ROUTE SUPPLY_CONTAINER_36175 OUT
R -17700.9994 9128.6056 10.0
R -17697.7009 9129.6519 10.0
R -17694.4024 9130.6983 10.0
R -17691.1040 9131.7446 10.0
R -17687.8055 9132.7910 10.0
R -17684.5070 9133.8373 10.0
R -17681.2085 9134.8837 10.0
R -17677.9100 9135.9300 10.0
R -17674.2284 9137.0979 10.0
R -17670.5469 9138.2657 10.0
R -17666.8653 9139.4336 10.0
R -17663.1837 9140.6015 10.0
R -17659.5022 9141.7693 10.0
R -17655.8206 9142.9372 10.0
R -17652.1390 9144.1051 10.0
R -17648.4574 9145.2730 10.0
R -17644.7759 9146.4408 10.0
R -17641.0943 9147.6087 10.0
R -17637.4127 9148.7766 10.0
R -17633.7312 9149.9444 10.0
R -17630.0496 9151.1123 10.0
R -17626.3680 9152.2802 10.0
R -17622.6865 9153.4480 10.0
R -17619.0049 9154.6159 10.0
R -17615.3233 9155.7838 10.0
R -17611.6418 9156.9517 10.0
R -17607.9602 9158.1195 10.0
R -17604.2786 9159.2874 10.0
R -17603.0300 9155.5844 10.0
R -17601.7814 9151.8815 10.0
R -17600.5328 9148.1786 10.0
R -17599.2842 9144.4756 10.0
R -17598.0356 9140.7727 10.0
R -17596.7870 9137.0697 10.0
R -17595.5384 9133.3668 10.0
R -17594.2898 9129.6639 10.0
R -17593.0413 9125.9609 10.0
R -17591.7927 9122.2580 10.0
R -17588.0500 9123.5200 10.0
R -17584.3073 9124.7820 10.0
R -17580.5646 9126.0440 10.0
R -17576.8219 9127.3059 10.0
R -17573.0792 9128.5679 10.0
R -17569.3366 9129.8299 10.0
R -17565.5939 9131.0919 10.0
R -17561.8512 9132.3539 10.0
R -17558.1085 9133.6159 10.0
R -17554.3658 9134.8779 10.0
R -17550.6231 9136.1399 10.0
R -17546.8805 9137.4019 10.0
R -17543.1378 9138.6639 10.0
R -17539.3951 9139.9259 10.0
R -17535.6524 9141.1879 10.0
R -17531.9097 9142.4499 10.0
R -17528.1671 9143.7119 10.0
R -17524.4244 9144.9739 10.0
R -17520.6817 9146.2359 10.0
R -17516.9390 9147.4979 10.0
R -17513.1963 9148.7599 10.0
R -17509.4536 9150.0219 10.0
R -17505.7110 9151.2839 10.0
R -17501.9683 9152.5459 10.0
R -17498.2256 9153.8079 10.0
R -17494.4829 9155.0699 10.0
R -17491.5589 9156.0558 10.0
R -17488.6348 9157.0418 10.0
R -17484.9540 9158.2829 10.0
R -17481.2732 9159.5240 10.0
R -17477.5924 9160.7652 10.0
R -17473.9706 9161.9864 10.0
R -17470.3489 9163.2076 10.0
R -17466.6768 9164.4458 10.0
R -17463.0047 9165.6840 10.0
R -17459.3327 9166.9222 10.0
R -17455.6606 9168.1604 10.0
R -17451.9885 9169.3985 10.0
R -17448.3164 9170.6367 10.0
R -17444.6444 9171.8749 10.0
R -17440.9723 9173.1131 10.0
R -17437.3002 9174.3513 10.0
R -17433.6282 9175.5895 10.0
R -17429.9561 9176.8277 10.0
R -17426.2840 9178.0658 10.0
R -17422.6120 9179.3040 10.0
R -17418.9399 9180.5422 10.0
R -17415.2678 9181.7804 10.0
R -17411.5958 9183.0186 10.0
R -17407.9237 9184.2568 10.0
R -17404.2516 9185.4950 10.0
R -17402.0786 9186.2277 10.0
R -17399.9056 9186.9604 10.0
R -17397.0596 9187.9200 10.0
R -17394.2136 9188.8797 10.0
R -17391.3677 9189.8393 10.0
R -17388.5217 9190.7989 10.0
R -17386.5406 9191.4670 10.0
R -17384.5594 9192.1350 10.0
R -17381.4365 9193.1880 10.0
R -17378.3136 9194.2410 10.0
R -17375.1908 9195.2940 10.0
R -17372.0679 9196.3470 10.0
R -17368.9450 9197.4000 10.0
R -17365.7450 9198.4750 10.0
R -17362.5450 9199.5500 10.0
R -17359.3450 9200.6250 10.0
R -17356.4500 9200.9867 10.0
R -17353.5550 9201.3483 10.0
R -17350.6600 9201.7100 10.0
R -17347.5683 9201.7367 10.0
R -17344.4767 9201.7633 10.0
R -17341.3850 9201.7900 10.0
R -17337.8690 9203.4869 10.0
R -17334.3531 9205.1838 10.0
R -17330.8371 9206.8807 10.0
R -17327.3212 9208.5776 10.0
R -17323.8052 9210.2745 10.0
R -17320.2893 9211.9714 10.0
R -17316.7733 9213.6683 10.0
R -17313.2574 9215.3652 10.0
R -17309.7414 9217.0621 10.0
R -17306.2255 9218.7590 10.0
R -17302.7095 9220.4559 10.0
R -17299.1936 9222.1527 10.0
R -17295.6776 9223.8496 10.0
R -17292.1617 9225.5465 10.0
R -17288.6457 9227.2434 10.0
R -17287.0228 9225.9233 10.0
R -17284.6876 9224.0237 10.0
R -17282.3525 9222.1242 10.0
R -17280.7368 9220.8100 10.0
R -17279.1212 9219.4957 10.0
R -17276.6800 9217.5100 10.0
R -17275.8401 9216.8268 10.0
R -17273.5713 9220.0532 10.0
R -17271.3024 9223.2796 10.0
R -17269.0336 9226.5060 10.0
R -17266.7648 9229.7324 10.0
R -17264.4959 9232.9589 10.0
R -17262.2271 9236.1853 10.0
R -17259.9582 9239.4117 10.0
R -17257.6894 9242.6381 10.0
R -17255.4205 9245.8645 10.0
R -17253.1517 9249.0909 10.0
R -17250.8828 9252.3173 10.0
R -17248.6140 9255.5437 10.0
R -17246.3451 9258.7701 10.0
R -17244.0763 9261.9965 10.0
R -17241.8074 9265.2229 10.0
R -17239.5386 9268.4493 10.0
R -17237.2698 9271.6757 10.0
R -17235.0009 9274.9021 10.0
R -17232.7321 9278.1286 10.0
R -17230.4632 9281.3550 10.0
R -17228.1944 9284.5814 10.0
R -17225.9255 9287.8078 10.0
R -17223.6567 9291.0342 10.0
R -17221.3878 9294.2606 10.0
R -17219.1190 9297.4870 10.0
R -17216.8501 9300.7134 10.0
R -17214.5813 9303.9398 10.0
R -17212.3124 9307.1662 10.0
R -17210.0436 9310.3926 10.0
R -17207.7747 9313.6190 10.0
R -17205.5059 9316.8454 10.0
R -17203.2371 9320.0718 10.0
R -17200.9682 9323.2982 10.0
R -17198.6994 9326.5247 10.0
R -17196.4305 9329.7511 10.0
R -17194.1617 9332.9775 10.0
R -17191.8928 9336.2039 10.0
R -17189.6240 9339.4303 10.0
R -17187.3551 9342.6567 10.0
R -17185.0863 9345.8831 10.0
R -17182.8174 9349.1095 10.0
R -17180.5486 9352.3359 10.0
R -17178.2797 9355.5623 10.0
R -17176.0109 9358.7887 10.0
REARM HANGER_WEAPON_36168 -17312.5896 8505.4723 111.982 -17328.8500 8465.1900
ROUTE HANGER_WEAPON_36168 IN
R -17176.0109 9358.7887 10.0
R -17178.2797 9355.5623 10.0
R -17180.5486 9352.3359 10.0
R -17182.8174 9349.1095 10.0
R -17185.0863 9345.8831 10.0
R -17187.3551 9342.6567 10.0
R -17189.6240 9339.4303 10.0
R -17191.8928 9336.2039 10.0
R -17194.1617 9332.9775 10.0
R -17196.4305 9329.7511 10.0
R -17198.6994 9326.5247 10.0
R -17200.9682 9323.2982 10.0
R -17203.2371 9320.0718 10.0
R -17205.5059 9316.8454 10.0
R -17207.7747 9313.6190 10.0
R -17210.0436 9310.3926 10.0
R -17212.3124 9307.1662 10.0
R -17214.5813 9303.9398 10.0
R -17216.8501 9300.7134 10.0
R -17219.1190 9297.4870 10.0
R -17221.3878 9294.2606 10.0
R -17223.6567 9291.0342 10.0
R -17225.9255 9287.8078 10.0
R -17228.1944 9284.5814 10.0
R -17230.4632 9281.3550 10.0
R -17232.7321 9278.1286 10.0
R -17235.0009 9274.9021 10.0
R -17237.2698 9271.6757 10.0
R -17239.5386 9268.4493 10.0
R -17241.8074 9265.2229 10.0
R -17244.0763 9261.9965 10.0
R -17246.3451 9258.7701 10.0
R -17248.6140 9255.5437 10.0
R -17250.8828 9252.3173 10.0
R -17253.1517 9249.0909 10.0
R -17255.4205 9245.8645 10.0
R -17257.6894 9242.6381 10.0
R -17259.9582 9239.4117 10.0
R -17262.2271 9236.1853 10.0
R -17264.4959 9232.9589 10.0
R -17266.7648 9229.7324 10.0
R -17269.0336 9226.5060 10.0
R -17271.3024 9223.2796 10.0
R -17273.5713 9220.0532 10.0
R -17275.8401 9216.8268 10.0
R -17278.0570 9213.6744 10.0
R -17280.2738 9210.5220 10.0
R -17282.4906 9207.3696 10.0
R -17284.7074 9204.2171 10.0
R -17286.9242 9201.0647 10.0
R -17289.1411 9197.9123 10.0
R -17291.3579 9194.7599 10.0
R -17293.5747 9191.6074 10.0
R -17295.7915 9188.4550 10.0
R -17298.0083 9185.3026 10.0
R -17300.2252 9182.1502 10.0
R -17302.4420 9178.9977 10.0
R -17302.7270 9178.5925 10.0
R -17302.9315 9178.3016 10.0
R -17304.3470 9176.2888 10.0
R -17304.6031 9175.9245 10.0
R -17305.7670 9174.2693 10.0
R -17306.9310 9172.6141 10.0
R -17307.7097 9171.5068 10.0
R -17309.3595 9169.1608 10.0
R -17310.1600 9168.0223 10.0
R -17310.3380 9167.7692 10.0
R -17311.0939 9166.6943 10.0
R -17312.8130 9164.2496 10.0
R -17314.4083 9161.9810 10.0
R -17316.0036 9159.7125 10.0
R -17318.0698 9156.7742 10.0
R -17320.2301 9153.7022 10.0
R -17322.3904 9150.6302 10.0
R -17324.5507 9147.5582 10.0
R -17326.7109 9144.4862 10.0
R -17328.8712 9141.4141 10.0
R -17331.0315 9138.3421 10.0
R -17333.1917 9135.2701 10.0
R -17335.3520 9132.1981 10.0
R -17337.5123 9129.1261 10.0
R -17339.6725 9126.0541 10.0
R -17341.9516 9122.8132 10.0
R -17344.2307 9119.5723 10.0
R -17346.5097 9116.3313 10.0
R -17348.7888 9113.0904 10.0
R -17351.0678 9109.8495 10.0
R -17353.3469 9106.6085 10.0
R -17355.6260 9103.3676 10.0
R -17357.9050 9100.1267 10.0
R -17360.1841 9096.8857 10.0
R -17362.4631 9093.6448 10.0
R -17364.7422 9090.4039 10.0
R -17367.0213 9087.1630 10.0
R -17369.3003 9083.9220 10.0
R -17371.5794 9080.6811 10.0
R -17373.8584 9077.4402 10.0
R -17376.1375 9074.1992 10.0
R -17378.4166 9070.9583 10.0
R -17380.6956 9067.7174 10.0
R -17382.9747 9064.4764 10.0
R -17385.2537 9061.2355 10.0
R -17387.5328 9057.9946 10.0
R -17389.8118 9054.7536 10.0
R -17392.0909 9051.5127 10.0
R -17394.3700 9048.2718 10.0
R -17396.6490 9045.0309 10.0
R -17398.9281 9041.7899 10.0
R -17401.2071 9038.5490 10.0
R -17403.4862 9035.3081 10.0
R -17405.7653 9032.0671 10.0
R -17408.0443 9028.8262 10.0
R -17410.3234 9025.5853 10.0
R -17412.6024 9022.3443 10.0
R -17414.8815 9019.1034 10.0
R -17417.1606 9015.8625 10.0
R -17419.4396 9012.6215 10.0
R -17421.7187 9009.3806 10.0
R -17423.9977 9006.1397 10.0
R -17426.2768 9002.8988 10.0
R -17428.5559 8999.6578 10.0
R -17430.8349 8996.4169 10.0
R -17433.1140 8993.1760 10.0
R -17435.3930 8989.9350 10.0
R -17437.6721 8986.6941 10.0
R -17439.9512 8983.4532 10.0
R -17442.2302 8980.2122 10.0
R -17444.5093 8976.9713 10.0
R -17446.7883 8973.7304 10.0
R -17449.0674 8970.4895 10.0
R -17451.2570 8967.3757 10.0
R -17453.4467 8964.2619 10.0
R -17455.6363 8961.1481 10.0
R -17457.8260 8958.0343 10.0
R -17460.0156 8954.9206 10.0
R -17462.2053 8951.8068 10.0
R -17464.3949 8948.6930 10.0
R -17466.5846 8945.5792 10.0
R -17468.7742 8942.4654 10.0
R -17470.9638 8939.3517 10.0
R -17473.1535 8936.2379 10.0
R -17475.3431 8933.1241 10.0
R -17477.5328 8930.0103 10.0
R -17479.7224 8926.8966 10.0
R -17482.0196 8923.6298 10.0
R -17484.3168 8920.3631 10.0
R -17486.6140 8917.0964 10.0
R -17488.9112 8913.8296 10.0
R -17489.1358 8913.5103 10.0
R -17490.4582 8911.6297 10.0
R -17491.7807 8909.7491 10.0
R -17493.1224 8907.8411 10.0
R -17494.4642 8905.9331 10.0
R -17495.8825 8903.9161 10.0
R -17497.2045 8902.0363 10.0
R -17498.5462 8900.1282 10.0
R -17499.8880 8898.2202 10.0
R -17501.5707 8895.8273 10.0
R -17503.2534 8893.4343 10.0
R -17504.2559 8892.0089 10.0
R -17504.5631 8891.5719 10.0
R -17504.7188 8891.3506 10.0
R -17506.5763 8888.7091 10.0
R -17507.3098 8887.6660 10.0
R -17508.9776 8885.2943 10.0
R -17509.2018 8884.9754 10.0
R -17510.1572 8883.6169 10.0
R -17510.9166 8882.5370 10.0
R -17511.2168 8882.1101 10.0
R -17512.7936 8879.8677 10.0
R -17512.9023 8879.7132 10.0
R -17514.9179 8876.8469 10.0
R -17515.2757 8876.3381 10.0
R -17516.3083 8874.8697 10.0
R -17516.6831 8874.3368 10.0
R -17517.9438 8872.5440 10.0
R -17519.2045 8870.7511 10.0
R -17521.0808 8868.0830 10.0
R -17521.7687 8867.1048 10.0
R -17523.7559 8864.2788 10.0
R -17525.2319 8862.1800 10.0
R -17526.7078 8860.0812 10.0
R -17527.1113 8859.5074 10.0
R -17527.3564 8859.1588 10.0
R -17529.2243 8856.5026 10.0
R -17531.0922 8853.8463 10.0
R -17532.9601 8851.1900 10.0
R -17534.8281 8848.5337 10.0
R -17533.8700 8847.8600 10.0
R -17535.2384 8844.3582 10.0
R -17536.6069 8840.8564 10.0
R -17537.9753 8837.3546 10.0
R -17539.3438 8833.8529 10.0
R -17540.7122 8830.3511 10.0
R -17542.0807 8826.8493 10.0
R -17543.4491 8823.3475 10.0
R -17544.8175 8819.8457 10.0
R -17546.1860 8816.3439 10.0
R -17547.5544 8812.8422 10.0
R -17548.9229 8809.3404 10.0
R -17550.2913 8805.8386 10.0
R -17551.6598 8802.3368 10.0
R -17548.2569 8801.0070 10.0
R -17544.8541 8799.6773 10.0
R -17541.4513 8798.3475 10.0
R -17537.8268 8796.9311 10.0
R -17534.2022 8795.5147 10.0
R -17530.5777 8794.0983 10.0
R -17526.9532 8792.6818 10.0
R -17523.3287 8791.2654 10.0
R -17519.7041 8789.8490 10.0
R -17516.0796 8788.4326 10.0
R -17512.4551 8787.0162 10.0
R -17508.8306 8785.5998 10.0
R -17505.2060 8784.1834 10.0
R -17501.5815 8782.7670 10.0
R -17497.9570 8781.3506 10.0
R -17494.3325 8779.9342 10.0
R -17490.7079 8778.5178 10.0
R -17487.0834 8777.1014 10.0
R -17486.6999 8776.9515 10.0
R -17483.0100 8775.5095 10.0
R -17479.3201 8774.0676 10.0
R -17475.6302 8772.6256 10.0
R -17471.9403 8771.1836 10.0
R -17468.2503 8769.7417 10.0
R -17464.5604 8768.2997 10.0
R -17460.8705 8766.8578 10.0
R -17457.1806 8765.4158 10.0
R -17453.4907 8763.9738 10.0
R -17449.8008 8762.5319 10.0
R -17446.1109 8761.0899 10.0
R -17442.4210 8759.6480 10.0
R -17438.7310 8758.2060 10.0
R -17435.0411 8756.7640 10.0
R -17431.3512 8755.3221 10.0
R -17427.6613 8753.8801 10.0
R -17423.9714 8752.4382 10.0
R -17420.2815 8750.9962 10.0
R -17416.5916 8749.5542 10.0
R -17412.9017 8748.1123 10.0
R -17409.2117 8746.6703 10.0
R -17405.5218 8745.2284 10.0
R -17401.8319 8743.7864 10.0
R -17398.1420 8742.3444 10.0
R -17394.4521 8740.9025 10.0
R -17390.7622 8739.4605 10.0
R -17387.0723 8738.0186 10.0
R -17383.3824 8736.5766 10.0
R -17379.6925 8735.1346 10.0
R -17376.0025 8733.6927 10.0
R -17372.3126 8732.2507 10.0
R -17368.6227 8730.8088 10.0
R -17364.9328 8729.3668 10.0
R -17361.2429 8727.9248 10.0
R -17357.5530 8726.4829 10.0
R -17353.8631 8725.0409 10.0
R -17350.1732 8723.5990 10.0
R -17346.4832 8722.1570 10.0
R -17342.7933 8720.7150 10.0
R -17339.1034 8719.2731 10.0
R -17335.4135 8717.8311 10.0
R -17331.7236 8716.3892 10.0
R -17328.0337 8714.9472 10.0
R -17324.3438 8713.5052 10.0
R -17320.6539 8712.0633 10.0
R -17316.9639 8710.6213 10.0
R -17313.2740 8709.1793 10.0
R -17309.5841 8707.7374 10.0
R -17305.8942 8706.2954 10.0
R -17302.2043 8704.8535 10.0
R -17303.4140 8701.7580 10.0
R -17304.6237 8698.6624 10.0
R -17305.8333 8695.5669 10.0
R -17307.0430 8692.4714 10.0
R -17306.2619 8689.8720 10.0
R -17305.4809 8687.2726 10.0
R -17304.6998 8684.6732 10.0
R -17308.4854 8683.5357 10.0
R -17312.2710 8682.3982 10.0
R -17316.0567 8681.2607 10.0
R -17319.8423 8680.1232 10.0
R -17323.6279 8678.9858 10.0
R -17327.4135 8677.8483 10.0
R -17331.1991 8676.7108 10.0
R -17334.9848 8675.5733 10.0
R -17338.7704 8674.4358 10.0
R -17342.5560 8673.2983 10.0
R -17346.3416 8672.1608 10.0
R -17350.1272 8671.0233 10.0
R -17353.9128 8669.8858 10.0
R -17357.6985 8668.7483 10.0
R -17361.4841 8667.6108 10.0
R -17365.2697 8666.4733 10.0
R -17369.0553 8665.3358 10.0
R -17372.8409 8664.1983 10.0
R -17376.6265 8663.0608 10.0
R -17380.4122 8661.9233 10.0
R -17384.1978 8660.7858 10.0
R -17387.9834 8659.6483 10.0
R -17391.7690 8658.5108 10.0
R -17395.5546 8657.3733 10.0
R -17399.3402 8656.2358 10.0
R -17403.1259 8655.0983 10.0
R -17406.9115 8653.9609 10.0
R -17410.6971 8652.8234 10.0
R -17414.4827 8651.6859 10.0
R -17418.2683 8650.5484 10.0
R -17420.1993 8647.6394 10.0
R -17422.1302 8644.7304 10.0
R -17424.0612 8641.8214 10.0
R -17425.9922 8638.9124 10.0
R -17427.9231 8636.0034 10.0
R -17429.8541 8633.0944 10.0
R -17431.7850 8630.1854 10.0
R -17433.9833 8626.8736 10.0
R -17436.1817 8623.5618 10.0
R -17438.3800 8620.2500 10.0
R -17440.5833 8616.9307 10.0
R -17442.7866 8613.6115 10.0
R -17444.9899 8610.2922 10.0
R -17447.1932 8606.9729 10.0
R -17449.2589 8603.8608 10.0
R -17451.3247 8600.7488 10.0
R -17453.3904 8597.6367 10.0
R -17455.4562 8594.5246 10.0
R -17457.5219 8591.4126 10.0
R -17459.5877 8588.3005 10.0
R -17460.9466 8584.9339 10.0
R -17462.3056 8581.5673 10.0
R -17463.6646 8578.2007 10.0
R -17465.0235 8574.8341 10.0
R -17466.3825 8571.4675 10.0
R -17467.7414 8568.1009 10.0
R -17464.1740 8566.6609 10.0
R -17460.6065 8565.2209 10.0
R -17457.0391 8563.7808 10.0
R -17453.4716 8562.3408 10.0
R -17449.9042 8560.9007 10.0
R -17446.3367 8559.4607 10.0
R -17442.7693 8558.0207 10.0
R -17439.2018 8556.5806 10.0
R -17435.6344 8555.1406 10.0
R -17432.0669 8553.7005 10.0
R -17428.4994 8552.2605 10.0
R -17424.9320 8550.8205 10.0
R -17421.3645 8549.3804 10.0
R -17417.7971 8547.9404 10.0
R -17414.2296 8546.5003 10.0
R -17410.6622 8545.0603 10.0
R -17407.0947 8543.6202 10.0
R -17403.5273 8542.1802 10.0
R -17399.9598 8540.7402 10.0
R -17396.3924 8539.3001 10.0
R -17392.8249 8537.8601 10.0
R -17389.2575 8536.4200 10.0
R -17385.6900 8534.9800 10.0
R -17382.0122 8533.4954 10.0
R -17378.3584 8532.0205 10.0
R -17374.7046 8530.5456 10.0
R -17371.0508 8529.0707 10.0
R -17367.3969 8527.5958 10.0
R -17363.7431 8526.1209 10.0
R -17360.0893 8524.6460 10.0
R -17356.4355 8523.1711 10.0
R -17352.7817 8521.6962 10.0
R -17349.1278 8520.2213 10.0
R -17345.4740 8518.7464 10.0
R -17341.8202 8517.2715 10.0
R -17338.1664 8515.7966 10.0
R -17334.5126 8514.3217 10.0
R -17330.8587 8512.8468 10.0
R -17327.2049 8511.3719 10.0
R -17323.5511 8509.8970 10.0
R -17319.8973 8508.4221 10.0
R -17316.2435 8506.9472 10.0
R -17312.5896 8505.4723 10.0
ROUTE HANGER_WEAPON_36168 OUT
R -17312.5896 8505.4723 10.0
R -17316.2435 8506.9472 10.0
R -17319.8973 8508.4221 10.0
R -17323.5511 8509.8970 10.0
R -17327.2049 8511.3719 10.0
R -17330.8587 8512.8468 10.0
R -17334.5126 8514.3217 10.0
R -17338.1664 8515.7966 10.0
R -17341.8202 8517.2715 10.0
R -17345.4740 8518.7464 10.0
R -17349.1278 8520.2213 10.0
R -17352.7817 8521.6962 10.0
R -17356.4355 8523.1711 10.0
R -17360.0893 8524.6460 10.0
R -17363.7431 8526.1209 10.0
R -17367.3969 8527.5958 10.0
R -17371.0508 8529.0707 10.0
R -17374.7046 8530.5456 10.0
R -17378.3584 8532.0205 10.0
R -17382.0122 8533.4954 10.0
R -17385.6900 8534.9800 10.0
R -17389.2575 8536.4200 10.0
R -17392.8249 8537.8601 10.0
R -17396.3924 8539.3001 10.0
R -17399.9598 8540.7402 10.0
R -17403.5273 8542.1802 10.0
R -17407.0947 8543.6202 10.0
R -17410.6622 8545.0603 10.0
R -17414.2296 8546.5003 10.0
R -17417.7971 8547.9404 10.0
R -17421.3645 8549.3804 10.0
R -17424.9320 8550.8205 10.0
R -17428.4994 8552.2605 10.0
R -17432.0669 8553.7005 10.0
R -17435.6344 8555.1406 10.0
R -17439.2018 8556.5806 10.0
R -17442.7693 8558.0207 10.0
R -17446.3367 8559.4607 10.0
R -17449.9042 8560.9007 10.0
R -17453.4716 8562.3408 10.0
R -17457.0391 8563.7808 10.0
R -17460.6065 8565.2209 10.0
R -17464.1740 8566.6609 10.0
R -17467.7414 8568.1009 10.0
R -17466.3825 8571.4675 10.0
R -17465.0235 8574.8341 10.0
R -17463.6646 8578.2007 10.0
R -17462.3056 8581.5673 10.0
R -17460.9466 8584.9339 10.0
R -17459.5877 8588.3005 10.0
R -17457.5219 8591.4126 10.0
R -17455.4562 8594.5246 10.0
R -17453.3904 8597.6367 10.0
R -17451.3247 8600.7488 10.0
R -17449.2589 8603.8608 10.0
R -17447.1932 8606.9729 10.0
R -17444.9899 8610.2922 10.0
R -17442.7866 8613.6115 10.0
R -17440.5833 8616.9307 10.0
R -17438.3800 8620.2500 10.0
R -17436.1817 8623.5618 10.0
R -17433.9833 8626.8736 10.0
R -17431.7850 8630.1854 10.0
R -17429.8541 8633.0944 10.0
R -17427.9231 8636.0034 10.0
R -17425.9922 8638.9124 10.0
R -17424.0612 8641.8214 10.0
R -17422.1302 8644.7304 10.0
R -17420.1993 8647.6394 10.0
R -17418.2683 8650.5484 10.0
R -17414.4827 8651.6859 10.0
R -17410.6971 8652.8234 10.0
R -17406.9115 8653.9609 10.0
R -17403.1259 8655.0983 10.0
R -17399.3402 8656.2358 10.0
R -17395.5546 8657.3733 10.0
R -17391.7690 8658.5108 10.0
R -17387.9834 8659.6483 10.0
R -17384.1978 8660.7858 10.0
R -17380.4122 8661.9233 10.0
R -17376.6265 8663.0608 10.0
R -17372.8409 8664.1983 10.0
R -17369.0553 8665.3358 10.0
R -17365.2697 8666.4733 10.0
R -17361.4841 8667.6108 10.0
R -17357.6985 8668.7483 10.0
R -17353.9128 8669.8858 10.0
R -17350.1272 8671.0233 10.0
R -17346.3416 8672.1608 10.0
R -17342.5560 8673.2983 10.0
R -17338.7704 8674.4358 10.0
R -17334.9848 8675.5733 10.0
R -17331.1991 8676.7108 10.0
R -17327.4135 8677.8483 10.0
R -17323.6279 8678.9858 10.0
R -17319.8423 8680.1232 10.0
R -17316.0567 8681.2607 10.0
R -17312.2710 8682.3982 10.0
R -17308.4854 8683.5357 10.0
R -17304.6998 8684.6732 10.0
R -17305.4809 8687.2726 10.0
R -17306.2619 8689.8720 10.0
R -17307.0430 8692.4714 10.0
R -17305.8333 8695.5669 10.0
R -17304.6237 8698.6624 10.0
R -17303.4140 8701.7580 10.0
R -17302.2043 8704.8535 10.0
R -17305.8942 8706.2954 10.0
R -17309.5841 8707.7374 10.0
R -17313.2740 8709.1793 10.0
R -17316.9639 8710.6213 10.0
R -17320.6539 8712.0633 10.0
R -17324.3438 8713.5052 10.0
R -17328.0337 8714.9472 10.0
R -17331.7236 8716.3892 10.0
R -17335.4135 8717.8311 10.0
R -17339.1034 8719.2731 10.0
R -17342.7933 8720.7150 10.0
R -17346.4832 8722.1570 10.0
R -17350.1732 8723.5990 10.0
R -17353.8631 8725.0409 10.0
R -17357.5530 8726.4829 10.0
R -17361.2429 8727.9248 10.0
R -17364.9328 8729.3668 10.0
R -17368.6227 8730.8088 10.0
R -17372.3126 8732.2507 10.0
R -17376.0025 8733.6927 10.0
R -17379.6925 8735.1346 10.0
R -17383.3824 8736.5766 10.0
R -17387.0723 8738.0186 10.0
R -17390.7622 8739.4605 10.0
R -17394.4521 8740.9025 10.0
R -17398.1420 8742.3444 10.0
R -17401.8319 8743.7864 10.0
R -17405.5218 8745.2284 10.0
R -17409.2117 8746.6703 10.0
R -17412.9017 8748.1123 10.0
R -17416.5916 8749.5542 10.0
R -17420.2815 8750.9962 10.0
R -17423.9714 8752.4382 10.0
R -17427.6613 8753.8801 10.0
R -17431.3512 8755.3221 10.0
R -17435.0411 8756.7640 10.0
R -17438.7310 8758.2060 10.0
R -17442.4210 8759.6480 10.0
R -17446.1109 8761.0899 10.0
R -17449.8008 8762.5319 10.0
R -17453.4907 8763.9738 10.0
R -17457.1806 8765.4158 10.0
R -17460.8705 8766.8578 10.0
R -17464.5604 8768.2997 10.0
R -17468.2503 8769.7417 10.0
R -17471.9403 8771.1836 10.0
R -17475.6302 8772.6256 10.0
R -17479.3201 8774.0676 10.0
R -17483.0100 8775.5095 10.0
R -17486.6999 8776.9515 10.0
R -17487.0834 8777.1014 10.0
R -17490.7079 8778.5178 10.0
R -17494.3325 8779.9342 10.0
R -17497.9570 8781.3506 10.0
R -17501.5815 8782.7670 10.0
R -17505.2060 8784.1834 10.0
R -17508.8306 8785.5998 10.0
R -17512.4551 8787.0162 10.0
R -17516.0796 8788.4326 10.0
R -17519.7041 8789.8490 10.0
R -17523.3287 8791.2654 10.0
R -17526.9532 8792.6818 10.0
R -17530.5777 8794.0983 10.0
R -17534.2022 8795.5147 10.0
R -17537.8268 8796.9311 10.0
R -17541.4513 8798.3475 10.0
R -17544.8541 8799.6773 10.0
R -17548.2569 8801.0070 10.0
R -17551.6598 8802.3368 10.0
R -17550.2913 8805.8386 10.0
R -17548.9229 8809.3404 10.0
R -17547.5544 8812.8422 10.0
R -17546.1860 8816.3439 10.0
R -17544.8175 8819.8457 10.0
R -17543.4491 8823.3475 10.0
R -17542.0807 8826.8493 10.0
R -17540.7122 8830.3511 10.0
R -17539.3438 8833.8529 10.0
R -17537.9753 8837.3546 10.0
R -17536.6069 8840.8564 10.0
R -17535.2384 8844.3582 10.0
R -17533.8700 8847.8600 10.0
R -17534.8281 8848.5337 10.0
R -17532.9601 8851.1900 10.0
R -17531.0922 8853.8463 10.0
R -17529.2243 8856.5026 10.0
R -17527.3564 8859.1588 10.0
R -17527.1113 8859.5074 10.0
R -17526.7078 8860.0812 10.0
R -17525.2319 8862.1800 10.0
R -17523.7559 8864.2788 10.0
R -17521.7687 8867.1048 10.0
R -17521.0808 8868.0830 10.0
R -17519.2045 8870.7511 10.0
R -17517.9438 8872.5440 10.0
R -17516.6831 8874.3368 10.0
R -17516.3083 8874.8697 10.0
R -17515.2757 8876.3381 10.0
R -17514.9179 8876.8469 10.0
R -17512.9023 8879.7132 10.0
R -17512.7936 8879.8677 10.0
R -17511.2168 8882.1101 10.0
R -17510.9166 8882.5370 10.0
R -17510.1572 8883.6169 10.0
R -17509.2018 8884.9754 10.0
R -17508.9776 8885.2943 10.0
R -17507.3098 8887.6660 10.0
R -17506.5763 8888.7091 10.0
R -17504.7188 8891.3506 10.0
R -17504.5631 8891.5719 10.0
R -17504.2559 8892.0089 10.0
R -17503.2534 8893.4343 10.0
R -17501.5707 8895.8273 10.0
R -17499.8880 8898.2202 10.0
R -17498.5462 8900.1282 10.0
R -17497.2045 8902.0363 10.0
R -17495.8825 8903.9161 10.0
R -17494.4642 8905.9331 10.0
R -17493.1224 8907.8411 10.0
R -17491.7807 8909.7491 10.0
R -17490.4582 8911.6297 10.0
R -17489.1358 8913.5103 10.0
R -17488.9112 8913.8296 10.0
R -17486.6140 8917.0964 10.0
R -17484.3168 8920.3631 10.0
R -17482.0196 8923.6298 10.0
R -17479.7224 8926.8966 10.0
R -17477.5328 8930.0103 10.0
R -17475.3431 8933.1241 10.0
R -17473.1535 8936.2379 10.0
R -17470.9638 8939.3517 10.0
R -17468.7742 8942.4654 10.0
R -17466.5846 8945.5792 10.0
R -17464.3949 8948.6930 10.0
R -17462.2053 8951.8068 10.0
R -17460.0156 8954.9206 10.0
R -17457.8260 8958.0343 10.0
R -17455.6363 8961.1481 10.0
R -17453.4467 8964.2619 10.0
R -17451.2570 8967.3757 10.0
R -17449.0674 8970.4895 10.0
R -17446.7883 8973.7304 10.0
R -17444.5093 8976.9713 10.0
R -17442.2302 8980.2122 10.0
R -17439.9512 8983.4532 10.0
R -17437.6721 8986.6941 10.0
R -17435.3930 8989.9350 10.0
R -17433.1140 8993.1760 10.0
R -17430.8349 8996.4169 10.0
R -17428.5559 8999.6578 10.0
R -17426.2768 9002.8988 10.0
R -17423.9977 9006.1397 10.0
R -17421.7187 9009.3806 10.0
R -17419.4396 9012.6215 10.0
R -17417.1606 9015.8625 10.0
R -17414.8815 9019.1034 10.0
R -17412.6024 9022.3443 10.0
R -17410.3234 9025.5853 10.0
R -17408.0443 9028.8262 10.0
R -17405.7653 9032.0671 10.0
R -17403.4862 9035.3081 10.0
R -17401.2071 9038.5490 10.0
R -17398.9281 9041.7899 10.0
R -17396.6490 9045.0309 10.0
R -17394.3700 9048.2718 10.0
R -17392.0909 9051.5127 10.0
R -17389.8118 9054.7536 10.0
R -17387.5328 9057.9946 10.0
R -17385.2537 9061.2355 10.0
R -17382.9747 9064.4764 10.0
R -17380.6956 9067.7174 10.0
R -17378.4166 9070.9583 10.0
R -17376.1375 9074.1992 10.0
R -17373.8584 9077.4402 10.0
R -17371.5794 9080.6811 10.0
R -17369.3003 9083.9220 10.0
R -17367.0213 9087.1630 10.0
R -17364.7422 9090.4039 10.0
R -17362.4631 9093.6448 10.0
R -17360.1841 9096.8857 10.0
R -17357.9050 9100.1267 10.0
R -17355.6260 9103.3676 10.0
R -17353.3469 9106.6085 10.0
R -17351.0678 9109.8495 10.0
R -17348.7888 9113.0904 10.0
R -17346.5097 9116.3313 10.0
R -17344.2307 9119.5723 10.0
R -17341.9516 9122.8132 10.0
R -17339.6725 9126.0541 10.0
R -17337.5123 9129.1261 10.0
R -17335.3520 9132.1981 10.0
R -17333.1917 9135.2701 10.0
R -17331.0315 9138.3421 10.0
R -17328.8712 9141.4141 10.0
R -17326.7109 9144.4862 10.0
R -17324.5507 9147.5582 10.0
R -17322.3904 9150.6302 10.0
R -17320.2301 9153.7022 10.0
R -17318.0698 9156.7742 10.0
R -17316.0036 9159.7125 10.0
R -17314.4083 9161.9810 10.0
R -17312.8130 9164.2496 10.0
R -17311.0939 9166.6943 10.0
R -17310.3380 9167.7692 10.0
R -17310.1600 9168.0223 10.0
R -17309.3595 9169.1608 10.0
R -17307.7097 9171.5068 10.0
R -17306.9310 9172.6141 10.0
R -17305.7670 9174.2693 10.0
R -17304.6031 9175.9245 10.0
R -17304.3470 9176.2888 10.0
R -17302.9315 9178.3016 10.0
R -17302.7270 9178.5925 10.0
R -17302.4420 9178.9977 10.0
R -17300.2252 9182.1502 10.0
R -17298.0083 9185.3026 10.0
R -17295.7915 9188.4550 10.0
R -17293.5747 9191.6074 10.0
R -17291.3579 9194.7599 10.0
R -17289.1411 9197.9123 10.0
R -17286.9242 9201.0647 10.0
R -17284.7074 9204.2171 10.0
R -17282.4906 9207.3696 10.0
R -17280.2738 9210.5220 10.0
R -17278.0570 9213.6744 10.0
R -17275.8401 9216.8268 10.0
R -17273.5713 9220.0532 10.0
R -17271.3024 9223.2796 10.0
R -17269.0336 9226.5060 10.0
R -17266.7648 9229.7324 10.0
R -17264.4959 9232.9589 10.0
R -17262.2271 9236.1853 10.0
R -17259.9582 9239.4117 10.0
R -17257.6894 9242.6381 10.0
R -17255.4205 9245.8645 10.0
R -17253.1517 9249.0909 10.0
R -17250.8828 9252.3173 10.0
R -17248.6140 9255.5437 10.0
R -17246.3451 9258.7701 10.0
R -17244.0763 9261.9965 10.0
R -17241.8074 9265.2229 10.0
R -17239.5386 9268.4493 10.0
R -17237.2698 9271.6757 10.0
R -17235.0009 9274.9021 10.0
R -17232.7321 9278.1286 10.0
R -17230.4632 9281.3550 10.0
R -17228.1944 9284.5814 10.0
R -17225.9255 9287.8078 10.0
R -17223.6567 9291.0342 10.0
R -17221.3878 9294.2606 10.0
R -17219.1190 9297.4870 10.0
R -17216.8501 9300.7134 10.0
R -17214.5813 9303.9398 10.0
R -17212.3124 9307.1662 10.0
R -17210.0436 9310.3926 10.0
R -17207.7747 9313.6190 10.0
R -17205.5059 9316.8454 10.0
R -17203.2371 9320.0718 10.0
R -17200.9682 9323.2982 10.0
R -17198.6994 9326.5247 10.0
R -17196.4305 9329.7511 10.0
R -17194.1617 9332.9775 10.0
R -17191.8928 9336.2039 10.0
R -17189.6240 9339.4303 10.0
R -17187.3551 9342.6567 10.0
R -17185.0863 9345.8831 10.0
R -17182.8174 9349.1095 10.0
R -17180.5486 9352.3359 10.0
R -17178.2797 9355.5623 10.0
R -17176.0109 9358.7887 10.0
REARM FUELTANK1_36154 -17291.8618 8497.1052 111.982 -17285.3000 8405.0000
ROUTE FUELTANK1_36154 IN
R -17176.0109 9358.7887 10.0
R -17178.2797 9355.5623 10.0
R -17180.5486 9352.3359 10.0
R -17182.8174 9349.1095 10.0
R -17185.0863 9345.8831 10.0
R -17187.3551 9342.6567 10.0
R -17189.6240 9339.4303 10.0
R -17191.8928 9336.2039 10.0
R -17194.1617 9332.9775 10.0
R -17196.4305 9329.7511 10.0
R -17198.6994 9326.5247 10.0
R -17200.9682 9323.2982 10.0
R -17203.2371 9320.0718 10.0
R -17205.5059 9316.8454 10.0
R -17207.7747 9313.6190 10.0
R -17210.0436 9310.3926 10.0
R -17212.3124 9307.1662 10.0
R -17214.5813 9303.9398 10.0
R -17216.8501 9300.7134 10.0
R -17219.1190 9297.4870 10.0
R -17221.3878 9294.2606 10.0
R -17223.6567 9291.0342 10.0
R -17225.9255 9287.8078 10.0
R -17228.1944 9284.5814 10.0
R -17230.4632 9281.3550 10.0
R -17232.7321 9278.1286 10.0
R -17235.0009 9274.9021 10.0
R -17237.2698 9271.6757 10.0
R -17239.5386 9268.4493 10.0
R -17241.8074 9265.2229 10.0
R -17244.0763 9261.9965 10.0
R -17246.3451 9258.7701 10.0
R -17248.6140 9255.5437 10.0
R -17250.8828 9252.3173 10.0
R -17253.1517 9249.0909 10.0
R -17255.4205 9245.8645 10.0
R -17257.6894 9242.6381 10.0
R -17259.9582 9239.4117 10.0
R -17262.2271 9236.1853 10.0
R -17264.4959 9232.9589 10.0
R -17266.7648 9229.7324 10.0
R -17269.0336 9226.5060 10.0
R -17271.3024 9223.2796 10.0
R -17273.5713 9220.0532 10.0
R -17275.8401 9216.8268 10.0
R -17278.0570 9213.6744 10.0
R -17280.2738 9210.5220 10.0
R -17282.4906 9207.3696 10.0
R -17284.7074 9204.2171 10.0
R -17286.9242 9201.0647 10.0
R -17289.1411 9197.9123 10.0
R -17291.3579 9194.7599 10.0
R -17293.5747 9191.6074 10.0
R -17295.7915 9188.4550 10.0
R -17298.0083 9185.3026 10.0
R -17300.2252 9182.1502 10.0
R -17302.4420 9178.9977 10.0
R -17302.7270 9178.5925 10.0
R -17302.9315 9178.3016 10.0
R -17304.3470 9176.2888 10.0
R -17304.6031 9175.9245 10.0
R -17305.7670 9174.2693 10.0
R -17306.9310 9172.6141 10.0
R -17307.7097 9171.5068 10.0
R -17309.3595 9169.1608 10.0
R -17310.1600 9168.0223 10.0
R -17310.3380 9167.7692 10.0
R -17311.0939 9166.6943 10.0
R -17312.8130 9164.2496 10.0
R -17314.4083 9161.9810 10.0
R -17316.0036 9159.7125 10.0
R -17318.0698 9156.7742 10.0
R -17320.2301 9153.7022 10.0
R -17322.3904 9150.6302 10.0
R -17324.5507 9147.5582 10.0
R -17326.7109 9144.4862 10.0
R -17328.8712 9141.4141 10.0
R -17331.0315 9138.3421 10.0
R -17333.1917 9135.2701 10.0
R -17335.3520 9132.1981 10.0
R -17337.5123 9129.1261 10.0
R -17339.6725 9126.0541 10.0
R -17341.9516 9122.8132 10.0
R -17344.2307 9119.5723 10.0
R -17346.5097 9116.3313 10.0
R -17348.7888 9113.0904 10.0
R -17351.0678 9109.8495 10.0
R -17353.3469 9106.6085 10.0
R -17355.6260 9103.3676 10.0
R -17357.9050 9100.1267 10.0
R -17360.1841 9096.8857 10.0
R -17362.4631 9093.6448 10.0
R -17364.7422 9090.4039 10.0
R -17367.0213 9087.1630 10.0
R -17369.3003 9083.9220 10.0
R -17371.5794 9080.6811 10.0
R -17373.8584 9077.4402 10.0
R -17376.1375 9074.1992 10.0
R -17378.4166 9070.9583 10.0
R -17380.6956 9067.7174 10.0
R -17382.9747 9064.4764 10.0
R -17385.2537 9061.2355 10.0
R -17387.5328 9057.9946 10.0
R -17389.8118 9054.7536 10.0
R -17392.0909 9051.5127 10.0
R -17394.3700 9048.2718 10.0
R -17396.6490 9045.0309 10.0
R -17398.9281 9041.7899 10.0
R -17401.2071 9038.5490 10.0
R -17403.4862 9035.3081 10.0
R -17405.7653 9032.0671 10.0
R -17408.0443 9028.8262 10.0
R -17410.3234 9025.5853 10.0
R -17412.6024 9022.3443 10.0
R -17414.8815 9019.1034 10.0
R -17417.1606 9015.8625 10.0
R -17419.4396 9012.6215 10.0
R -17421.7187 9009.3806 10.0
R -17423.9977 9006.1397 10.0
R -17426.2768 9002.8988 10.0
R -17428.5559 8999.6578 10.0
R -17430.8349 8996.4169 10.0
R -17433.1140 8993.1760 10.0
R -17435.3930 8989.9350 10.0
R -17437.6721 8986.6941 10.0
R -17439.9512 8983.4532 10.0
R -17442.2302 8980.2122 10.0
R -17444.5093 8976.9713 10.0
R -17446.7883 8973.7304 10.0
R -17449.0674 8970.4895 10.0
R -17451.2570 8967.3757 10.0
R -17453.4467 8964.2619 10.0
R -17455.6363 8961.1481 10.0
R -17457.8260 8958.0343 10.0
R -17460.0156 8954.9206 10.0
R -17462.2053 8951.8068 10.0
R -17464.3949 8948.6930 10.0
R -17466.5846 8945.5792 10.0
R -17468.7742 8942.4654 10.0
R -17470.9638 8939.3517 10.0
R -17473.1535 8936.2379 10.0
R -17475.3431 8933.1241 10.0
R -17477.5328 8930.0103 10.0
R -17479.7224 8926.8966 10.0
R -17482.0196 8923.6298 10.0
R -17484.3168 8920.3631 10.0
R -17486.6140 8917.0964 10.0
R -17488.9112 8913.8296 10.0
R -17489.1358 8913.5103 10.0
R -17490.4582 8911.6297 10.0
R -17491.7807 8909.7491 10.0
R -17493.1224 8907.8411 10.0
R -17494.4642 8905.9331 10.0
R -17495.8825 8903.9161 10.0
R -17497.2045 8902.0363 10.0
R -17498.5462 8900.1282 10.0
R -17499.8880 8898.2202 10.0
R -17501.5707 8895.8273 10.0
R -17503.2534 8893.4343 10.0
R -17504.2559 8892.0089 10.0
R -17504.5631 8891.5719 10.0
R -17504.7188 8891.3506 10.0
R -17506.5763 8888.7091 10.0
R -17507.3098 8887.6660 10.0
R -17508.9776 8885.2943 10.0
R -17509.2018 8884.9754 10.0
R -17510.1572 8883.6169 10.0
R -17510.9166 8882.5370 10.0
R -17511.2168 8882.1101 10.0
R -17512.7936 8879.8677 10.0
R -17512.9023 8879.7132 10.0
R -17514.9179 8876.8469 10.0
R -17515.2757 8876.3381 10.0
R -17516.3083 8874.8697 10.0
R -17516.6831 8874.3368 10.0
R -17517.9438 8872.5440 10.0
R -17519.2045 8870.7511 10.0
R -17521.0808 8868.0830 10.0
R -17521.7687 8867.1048 10.0
R -17523.7559 8864.2788 10.0
R -17525.2319 8862.1800 10.0
R -17526.7078 8860.0812 10.0
R -17527.1113 8859.5074 10.0
R -17527.3564 8859.1588 10.0
R -17529.2243 8856.5026 10.0
R -17531.0922 8853.8463 10.0
R -17532.9601 8851.1900 10.0
R -17534.8281 8848.5337 10.0
R -17533.8700 8847.8600 10.0
R -17535.2384 8844.3582 10.0
R -17536.6069 8840.8564 10.0
R -17537.9753 8837.3546 10.0
R -17539.3438 8833.8529 10.0
R -17540.7122 8830.3511 10.0
R -17542.0807 8826.8493 10.0
R -17543.4491 8823.3475 10.0
R -17544.8175 8819.8457 10.0
R -17546.1860 8816.3439 10.0
R -17547.5544 8812.8422 10.0
R -17548.9229 8809.3404 10.0
R -17550.2913 8805.8386 10.0
R -17551.6598 8802.3368 10.0
R -17548.2569 8801.0070 10.0
R -17544.8541 8799.6773 10.0
R -17541.4513 8798.3475 10.0
R -17537.8268 8796.9311 10.0
R -17534.2022 8795.5147 10.0
R -17530.5777 8794.0983 10.0
R -17526.9532 8792.6818 10.0
R -17523.3287 8791.2654 10.0
R -17519.7041 8789.8490 10.0
R -17516.0796 8788.4326 10.0
R -17512.4551 8787.0162 10.0
R -17508.8306 8785.5998 10.0
R -17505.2060 8784.1834 10.0
R -17501.5815 8782.7670 10.0
R -17497.9570 8781.3506 10.0
R -17494.3325 8779.9342 10.0
R -17490.7079 8778.5178 10.0
R -17487.0834 8777.1014 10.0
R -17486.6999 8776.9515 10.0
R -17483.0100 8775.5095 10.0
R -17479.3201 8774.0676 10.0
R -17475.6302 8772.6256 10.0
R -17471.9403 8771.1836 10.0
R -17468.2503 8769.7417 10.0
R -17464.5604 8768.2997 10.0
R -17460.8705 8766.8578 10.0
R -17457.1806 8765.4158 10.0
R -17453.4907 8763.9738 10.0
R -17449.8008 8762.5319 10.0
R -17446.1109 8761.0899 10.0
R -17442.4210 8759.6480 10.0
R -17438.7310 8758.2060 10.0
R -17435.0411 8756.7640 10.0
R -17431.3512 8755.3221 10.0
R -17427.6613 8753.8801 10.0
R -17423.9714 8752.4382 10.0
R -17420.2815 8750.9962 10.0
R -17416.5916 8749.5542 10.0
R -17412.9017 8748.1123 10.0
R -17409.2117 8746.6703 10.0
R -17405.5218 8745.2284 10.0
R -17401.8319 8743.7864 10.0
R -17398.1420 8742.3444 10.0
R -17394.4521 8740.9025 10.0
R -17390.7622 8739.4605 10.0
R -17387.0723 8738.0186 10.0
R -17383.3824 8736.5766 10.0
R -17379.6925 8735.1346 10.0
R -17376.0025 8733.6927 10.0
R -17372.3126 8732.2507 10.0
R -17368.6227 8730.8088 10.0
R -17364.9328 8729.3668 10.0
R -17361.2429 8727.9248 10.0
R -17357.5530 8726.4829 10.0
R -17353.8631 8725.0409 10.0
R -17350.1732 8723.5990 10.0
R -17346.4832 8722.1570 10.0
R -17342.7933 8720.7150 10.0
R -17339.1034 8719.2731 10.0
R -17335.4135 8717.8311 10.0
R -17331.7236 8716.3892 10.0
R -17328.0337 8714.9472 10.0
R -17324.3438 8713.5052 10.0
R -17320.6539 8712.0633 10.0
R -17316.9639 8710.6213 10.0
R -17313.2740 8709.1793 10.0
R -17309.5841 8707.7374 10.0
R -17305.8942 8706.2954 10.0
R -17302.2043 8704.8535 10.0
R -17303.4140 8701.7580 10.0
R -17304.6237 8698.6624 10.0
R -17305.8333 8695.5669 10.0
R -17307.0430 8692.4714 10.0
R -17306.2619 8689.8720 10.0
R -17305.4809 8687.2726 10.0
R -17304.6998 8684.6732 10.0
R -17308.4854 8683.5357 10.0
R -17312.2710 8682.3982 10.0
R -17316.0567 8681.2607 10.0
R -17319.8423 8680.1232 10.0
R -17323.6279 8678.9858 10.0
R -17327.4135 8677.8483 10.0
R -17331.1991 8676.7108 10.0
R -17334.9848 8675.5733 10.0
R -17338.7704 8674.4358 10.0
R -17342.5560 8673.2983 10.0
R -17346.3416 8672.1608 10.0
R -17350.1272 8671.0233 10.0
R -17353.9128 8669.8858 10.0
R -17357.6985 8668.7483 10.0
R -17361.4841 8667.6108 10.0
R -17365.2697 8666.4733 10.0
R -17369.0553 8665.3358 10.0
R -17372.8409 8664.1983 10.0
R -17376.6265 8663.0608 10.0
R -17380.4122 8661.9233 10.0
R -17384.1978 8660.7858 10.0
R -17387.9834 8659.6483 10.0
R -17391.7690 8658.5108 10.0
R -17395.5546 8657.3733 10.0
R -17399.3402 8656.2358 10.0
R -17403.1259 8655.0983 10.0
R -17406.9115 8653.9609 10.0
R -17410.6971 8652.8234 10.0
R -17414.4827 8651.6859 10.0
R -17418.2683 8650.5484 10.0
R -17420.1993 8647.6394 10.0
R -17422.1302 8644.7304 10.0
R -17424.0612 8641.8214 10.0
R -17425.9922 8638.9124 10.0
R -17427.9231 8636.0034 10.0
R -17429.8541 8633.0944 10.0
R -17431.7850 8630.1854 10.0
R -17433.9833 8626.8736 10.0
R -17436.1817 8623.5618 10.0
R -17438.3800 8620.2500 10.0
R -17440.5833 8616.9307 10.0
R -17442.7866 8613.6115 10.0
R -17444.9899 8610.2922 10.0
R -17447.1932 8606.9729 10.0
R -17449.2589 8603.8608 10.0
R -17451.3247 8600.7488 10.0
R -17453.3904 8597.6367 10.0
R -17455.4562 8594.5246 10.0
R -17457.5219 8591.4126 10.0
R -17459.5877 8588.3005 10.0
R -17460.9466 8584.9339 10.0
R -17462.3056 8581.5673 10.0
R -17463.6646 8578.2007 10.0
R -17465.0235 8574.8341 10.0
R -17466.3825 8571.4675 10.0
R -17467.7414 8568.1009 10.0
R -17464.1740 8566.6609 10.0
R -17460.6065 8565.2209 10.0
R -17457.0391 8563.7808 10.0
R -17453.4716 8562.3408 10.0
R -17449.9042 8560.9007 10.0
R -17446.3367 8559.4607 10.0
R -17442.7693 8558.0207 10.0
R -17439.2018 8556.5806 10.0
R -17435.6344 8555.1406 10.0
R -17432.0669 8553.7005 10.0
R -17428.4994 8552.2605 10.0
R -17424.9320 8550.8205 10.0
R -17421.3645 8549.3804 10.0
R -17417.7971 8547.9404 10.0
R -17414.2296 8546.5003 10.0
R -17410.6622 8545.0603 10.0
R -17407.0947 8543.6202 10.0
R -17403.5273 8542.1802 10.0
R -17399.9598 8540.7402 10.0
R -17396.3924 8539.3001 10.0
R -17392.8249 8537.8601 10.0
R -17389.2575 8536.4200 10.0
R -17385.6900 8534.9800 10.0
R -17382.0122 8533.4954 10.0
R -17378.4062 8532.0398 10.0
R -17374.8002 8530.5842 10.0
R -17371.1942 8529.1286 10.0
R -17367.5882 8527.6730 10.0
R -17363.9821 8526.2174 10.0
R -17360.3761 8524.7618 10.0
R -17356.7701 8523.3062 10.0
R -17353.1641 8521.8506 10.0
R -17349.5581 8520.3950 10.0
R -17345.9521 8518.9394 10.0
R -17342.3460 8517.4837 10.0
R -17338.7400 8516.0281 10.0
R -17335.1340 8514.5725 10.0
R -17331.5280 8513.1169 10.0
R -17327.9220 8511.6613 10.0
R -17324.3160 8510.2057 10.0
R -17320.7099 8508.7501 10.0
R -17317.1039 8507.2945 10.0
R -17313.4979 8505.8389 10.0
R -17309.8919 8504.3833 10.0
R -17306.2859 8502.9277 10.0
R -17302.6799 8501.4721 10.0
R -17299.0738 8500.0165 10.0
R -17295.4678 8498.5609 10.0
R -17291.8618 8497.1052 10.0
ROUTE FUELTANK1_36154 OUT
R -17291.8618 8497.1052 10.0
R -17295.4678 8498.5609 10.0
R -17299.0738 8500.0165 10.0
R -17302.6799 8501.4721 10.0
R -17306.2859 8502.9277 10.0
R -17309.8919 8504.3833 10.0
R -17313.4979 8505.8389 10.0
R -17317.1039 8507.2945 10.0
R -17320.7099 8508.7501 10.0
R -17324.3160 8510.2057 10.0
R -17327.9220 8511.6613 10.0
R -17331.5280 8513.1169 10.0
R -17335.1340 8514.5725 10.0
R -17338.7400 8516.0281 10.0
R -17342.3460 8517.4837 10.0
R -17345.9521 8518.9394 10.0
R -17349.5581 8520.3950 10.0
R -17353.1641 8521.8506 10.0
R -17356.7701 8523.3062 10.0
R -17360.3761 8524.7618 10.0
R -17363.9821 8526.2174 10.0
R -17367.5882 8527.6730 10.0
R -17371.1942 8529.1286 10.0
R -17374.8002 8530.5842 10.0
R -17378.4062 8532.0398 10.0
R -17382.0122 8533.4954 10.0
R -17385.6900 8534.9800 10.0
R -17389.2575 8536.4200 10.0
R -17392.8249 8537.8601 10.0
R -17396.3924 8539.3001 10.0
R -17399.9598 8540.7402 10.0
R -17403.5273 8542.1802 10.0
R -17407.0947 8543.6202 10.0
R -17410.6622 8545.0603 10.0
R -17414.2296 8546.5003 10.0
R -17417.7971 8547.9404 10.0
R -17421.3645 8549.3804 10.0
R -17424.9320 8550.8205 10.0
R -17428.4994 8552.2605 10.0
R -17432.0669 8553.7005 10.0
R -17435.6344 8555.1406 10.0
R -17439.2018 8556.5806 10.0
R -17442.7693 8558.0207 10.0
R -17446.3367 8559.4607 10.0
R -17449.9042 8560.9007 10.0
R -17453.4716 8562.3408 10.0
R -17457.0391 8563.7808 10.0
R -17460.6065 8565.2209 10.0
R -17464.1740 8566.6609 10.0
R -17467.7414 8568.1009 10.0
R -17466.3825 8571.4675 10.0
R -17465.0235 8574.8341 10.0
R -17463.6646 8578.2007 10.0
R -17462.3056 8581.5673 10.0
R -17460.9466 8584.9339 10.0
R -17459.5877 8588.3005 10.0
R -17457.5219 8591.4126 10.0
R -17455.4562 8594.5246 10.0
R -17453.3904 8597.6367 10.0
R -17451.3247 8600.7488 10.0
R -17449.2589 8603.8608 10.0
R -17447.1932 8606.9729 10.0
R -17444.9899 8610.2922 10.0
R -17442.7866 8613.6115 10.0
R -17440.5833 8616.9307 10.0
R -17438.3800 8620.2500 10.0
R -17436.1817 8623.5618 10.0
R -17433.9833 8626.8736 10.0
R -17431.7850 8630.1854 10.0
R -17429.8541 8633.0944 10.0
R -17427.9231 8636.0034 10.0
R -17425.9922 8638.9124 10.0
R -17424.0612 8641.8214 10.0
R -17422.1302 8644.7304 10.0
R -17420.1993 8647.6394 10.0
R -17418.2683 8650.5484 10.0
R -17414.4827 8651.6859 10.0
R -17410.6971 8652.8234 10.0
R -17406.9115 8653.9609 10.0
R -17403.1259 8655.0983 10.0
R -17399.3402 8656.2358 10.0
R -17395.5546 8657.3733 10.0
R -17391.7690 8658.5108 10.0
R -17387.9834 8659.6483 10.0
R -17384.1978 8660.7858 10.0
R -17380.4122 8661.9233 10.0
R -17376.6265 8663.0608 10.0
R -17372.8409 8664.1983 10.0
R -17369.0553 8665.3358 10.0
R -17365.2697 8666.4733 10.0
R -17361.4841 8667.6108 10.0
R -17357.6985 8668.7483 10.0
R -17353.9128 8669.8858 10.0
R -17350.1272 8671.0233 10.0
R -17346.3416 8672.1608 10.0
R -17342.5560 8673.2983 10.0
R -17338.7704 8674.4358 10.0
R -17334.9848 8675.5733 10.0
R -17331.1991 8676.7108 10.0
R -17327.4135 8677.8483 10.0
R -17323.6279 8678.9858 10.0
R -17319.8423 8680.1232 10.0
R -17316.0567 8681.2607 10.0
R -17312.2710 8682.3982 10.0
R -17308.4854 8683.5357 10.0
R -17304.6998 8684.6732 10.0
R -17305.4809 8687.2726 10.0
R -17306.2619 8689.8720 10.0
R -17307.0430 8692.4714 10.0
R -17305.8333 8695.5669 10.0
R -17304.6237 8698.6624 10.0
R -17303.4140 8701.7580 10.0
R -17302.2043 8704.8535 10.0
R -17305.8942 8706.2954 10.0
R -17309.5841 8707.7374 10.0
R -17313.2740 8709.1793 10.0
R -17316.9639 8710.6213 10.0
R -17320.6539 8712.0633 10.0
R -17324.3438 8713.5052 10.0
R -17328.0337 8714.9472 10.0
R -17331.7236 8716.3892 10.0
R -17335.4135 8717.8311 10.0
R -17339.1034 8719.2731 10.0
R -17342.7933 8720.7150 10.0
R -17346.4832 8722.1570 10.0
R -17350.1732 8723.5990 10.0
R -17353.8631 8725.0409 10.0
R -17357.5530 8726.4829 10.0
R -17361.2429 8727.9248 10.0
R -17364.9328 8729.3668 10.0
R -17368.6227 8730.8088 10.0
R -17372.3126 8732.2507 10.0
R -17376.0025 8733.6927 10.0
R -17379.6925 8735.1346 10.0
R -17383.3824 8736.5766 10.0
R -17387.0723 8738.0186 10.0
R -17390.7622 8739.4605 10.0
R -17394.4521 8740.9025 10.0
R -17398.1420 8742.3444 10.0
R -17401.8319 8743.7864 10.0
R -17405.5218 8745.2284 10.0
R -17409.2117 8746.6703 10.0
R -17412.9017 8748.1123 10.0
R -17416.5916 8749.5542 10.0
R -17420.2815 8750.9962 10.0
R -17423.9714 8752.4382 10.0
R -17427.6613 8753.8801 10.0
R -17431.3512 8755.3221 10.0
R -17435.0411 8756.7640 10.0
R -17438.7310 8758.2060 10.0
R -17442.4210 8759.6480 10.0
R -17446.1109 8761.0899 10.0
R -17449.8008 8762.5319 10.0
R -17453.4907 8763.9738 10.0
R -17457.1806 8765.4158 10.0
R -17460.8705 8766.8578 10.0
R -17464.5604 8768.2997 10.0
R -17468.2503 8769.7417 10.0
R -17471.9403 8771.1836 10.0
R -17475.6302 8772.6256 10.0
R -17479.3201 8774.0676 10.0
R -17483.0100 8775.5095 10.0
R -17486.6999 8776.9515 10.0
R -17487.0834 8777.1014 10.0
R -17490.7079 8778.5178 10.0
R -17494.3325 8779.9342 10.0
R -17497.9570 8781.3506 10.0
R -17501.5815 8782.7670 10.0
R -17505.2060 8784.1834 10.0
R -17508.8306 8785.5998 10.0
R -17512.4551 8787.0162 10.0
R -17516.0796 8788.4326 10.0
R -17519.7041 8789.8490 10.0
R -17523.3287 8791.2654 10.0
R -17526.9532 8792.6818 10.0
R -17530.5777 8794.0983 10.0
R -17534.2022 8795.5147 10.0
R -17537.8268 8796.9311 10.0
R -17541.4513 8798.3475 10.0
R -17544.8541 8799.6773 10.0
R -17548.2569 8801.0070 10.0
R -17551.6598 8802.3368 10.0
R -17550.2913 8805.8386 10.0
R -17548.9229 8809.3404 10.0
R -17547.5544 8812.8422 10.0
R -17546.1860 8816.3439 10.0
R -17544.8175 8819.8457 10.0
R -17543.4491 8823.3475 10.0
R -17542.0807 8826.8493 10.0
R -17540.7122 8830.3511 10.0
R -17539.3438 8833.8529 10.0
R -17537.9753 8837.3546 10.0
R -17536.6069 8840.8564 10.0
R -17535.2384 8844.3582 10.0
R -17533.8700 8847.8600 10.0
R -17534.8281 8848.5337 10.0
R -17532.9601 8851.1900 10.0
R -17531.0922 8853.8463 10.0
R -17529.2243 8856.5026 10.0
R -17527.3564 8859.1588 10.0
R -17527.1113 8859.5074 10.0
R -17526.7078 8860.0812 10.0
R -17525.2319 8862.1800 10.0
R -17523.7559 8864.2788 10.0
R -17521.7687 8867.1048 10.0
R -17521.0808 8868.0830 10.0
R -17519.2045 8870.7511 10.0
R -17517.9438 8872.5440 10.0
R -17516.6831 8874.3368 10.0
R -17516.3083 8874.8697 10.0
R -17515.2757 8876.3381 10.0
R -17514.9179 8876.8469 10.0
R -17512.9023 8879.7132 10.0
R -17512.7936 8879.8677 10.0
R -17511.2168 8882.1101 10.0
R -17510.9166 8882.5370 10.0
R -17510.1572 8883.6169 10.0
R -17509.2018 8884.9754 10.0
R -17508.9776 8885.2943 10.0
R -17507.3098 8887.6660 10.0
R -17506.5763 8888.7091 10.0
R -17504.7188 8891.3506 10.0
R -17504.5631 8891.5719 10.0
R -17504.2559 8892.0089 10.0
R -17503.2534 8893.4343 10.0
R -17501.5707 8895.8273 10.0
R -17499.8880 8898.2202 10.0
R -17498.5462 8900.1282 10.0
R -17497.2045 8902.0363 10.0
R -17495.8825 8903.9161 10.0
R -17494.4642 8905.9331 10.0
R -17493.1224 8907.8411 10.0
R -17491.7807 8909.7491 10.0
R -17490.4582 8911.6297 10.0
R -17489.1358 8913.5103 10.0
R -17488.9112 8913.8296 10.0
R -17486.6140 8917.0964 10.0
R -17484.3168 8920.3631 10.0
R -17482.0196 8923.6298 10.0
R -17479.7224 8926.8966 10.0
R -17477.5328 8930.0103 10.0
R -17475.3431 8933.1241 10.0
R -17473.1535 8936.2379 10.0
R -17470.9638 8939.3517 10.0
R -17468.7742 8942.4654 10.0
R -17466.5846 8945.5792 10.0
R -17464.3949 8948.6930 10.0
R -17462.2053 8951.8068 10.0
R -17460.0156 8954.9206 10.0
R -17457.8260 8958.0343 10.0
R -17455.6363 8961.1481 10.0
R -17453.4467 8964.2619 10.0
R -17451.2570 8967.3757 10.0
R -17449.0674 8970.4895 10.0
R -17446.7883 8973.7304 10.0
R -17444.5093 8976.9713 10.0
R -17442.2302 8980.2122 10.0
R -17439.9512 8983.4532 10.0
R -17437.6721 8986.6941 10.0
R -17435.3930 8989.9350 10.0
R -17433.1140 8993.1760 10.0
R -17430.8349 8996.4169 10.0
R -17428.5559 8999.6578 10.0
R -17426.2768 9002.8988 10.0
R -17423.9977 9006.1397 10.0
R -17421.7187 9009.3806 10.0
R -17419.4396 9012.6215 10.0
R -17417.1606 9015.8625 10.0
R -17414.8815 9019.1034 10.0
R -17412.6024 9022.3443 10.0
R -17410.3234 9025.5853 10.0
R -17408.0443 9028.8262 10.0
R -17405.7653 9032.0671 10.0
R -17403.4862 9035.3081 10.0
R -17401.2071 9038.5490 10.0
R -17398.9281 9041.7899 10.0
R -17396.6490 9045.0309 10.0
R -17394.3700 9048.2718 10.0
R -17392.0909 9051.5127 10.0
R -17389.8118 9054.7536 10.0
R -17387.5328 9057.9946 10.0
R -17385.2537 9061.2355 10.0
R -17382.9747 9064.4764 10.0
R -17380.6956 9067.7174 10.0
R -17378.4166 9070.9583 10.0
R -17376.1375 9074.1992 10.0
R -17373.8584 9077.4402 10.0
R -17371.5794 9080.6811 10.0
R -17369.3003 9083.9220 10.0
R -17367.0213 9087.1630 10.0
R -17364.7422 9090.4039 10.0
R -17362.4631 9093.6448 10.0
R -17360.1841 9096.8857 10.0
R -17357.9050 9100.1267 10.0
R -17355.6260 9103.3676 10.0
R -17353.3469 9106.6085 10.0
R -17351.0678 9109.8495 10.0
R -17348.7888 9113.0904 10.0
R -17346.5097 9116.3313 10.0
R -17344.2307 9119.5723 10.0
R -17341.9516 9122.8132 10.0
R -17339.6725 9126.0541 10.0
R -17337.5123 9129.1261 10.0
R -17335.3520 9132.1981 10.0
R -17333.1917 9135.2701 10.0
R -17331.0315 9138.3421 10.0
R -17328.8712 9141.4141 10.0
R -17326.7109 9144.4862 10.0
R -17324.5507 9147.5582 10.0
R -17322.3904 9150.6302 10.0
R -17320.2301 9153.7022 10.0
R -17318.0698 9156.7742 10.0
R -17316.0036 9159.7125 10.0
R -17314.4083 9161.9810 10.0
R -17312.8130 9164.2496 10.0
R -17311.0939 9166.6943 10.0
R -17310.3380 9167.7692 10.0
R -17310.1600 9168.0223 10.0
R -17309.3595 9169.1608 10.0
R -17307.7097 9171.5068 10.0
R -17306.9310 9172.6141 10.0
R -17305.7670 9174.2693 10.0
R -17304.6031 9175.9245 10.0
R -17304.3470 9176.2888 10.0
R -17302.9315 9178.3016 10.0
R -17302.7270 9178.5925 10.0
R -17302.4420 9178.9977 10.0
R -17300.2252 9182.1502 10.0
R -17298.0083 9185.3026 10.0
R -17295.7915 9188.4550 10.0
R -17293.5747 9191.6074 10.0
R -17291.3579 9194.7599 10.0
R -17289.1411 9197.9123 10.0
R -17286.9242 9201.0647 10.0
R -17284.7074 9204.2171 10.0
R -17282.4906 9207.3696 10.0
R -17280.2738 9210.5220 10.0
R -17278.0570 9213.6744 10.0
R -17275.8401 9216.8268 10.0
R -17273.5713 9220.0532 10.0
R -17271.3024 9223.2796 10.0
R -17269.0336 9226.5060 10.0
R -17266.7648 9229.7324 10.0
R -17264.4959 9232.9589 10.0
R -17262.2271 9236.1853 10.0
R -17259.9582 9239.4117 10.0
R -17257.6894 9242.6381 10.0
R -17255.4205 9245.8645 10.0
R -17253.1517 9249.0909 10.0
R -17250.8828 9252.3173 10.0
R -17248.6140 9255.5437 10.0
R -17246.3451 9258.7701 10.0
R -17244.0763 9261.9965 10.0
R -17241.8074 9265.2229 10.0
R -17239.5386 9268.4493 10.0
R -17237.2698 9271.6757 10.0
R -17235.0009 9274.9021 10.0
R -17232.7321 9278.1286 10.0
R -17230.4632 9281.3550 10.0
R -17228.1944 9284.5814 10.0
R -17225.9255 9287.8078 10.0
R -17223.6567 9291.0342 10.0
R -17221.3878 9294.2606 10.0
R -17219.1190 9297.4870 10.0
R -17216.8501 9300.7134 10.0
R -17214.5813 9303.9398 10.0
R -17212.3124 9307.1662 10.0
R -17210.0436 9310.3926 10.0
R -17207.7747 9313.6190 10.0
R -17205.5059 9316.8454 10.0
R -17203.2371 9320.0718 10.0
R -17200.9682 9323.2982 10.0
R -17198.6994 9326.5247 10.0
R -17196.4305 9329.7511 10.0
R -17194.1617 9332.9775 10.0
R -17191.8928 9336.2039 10.0
R -17189.6240 9339.4303 10.0
R -17187.3551 9342.6567 10.0
R -17185.0863 9345.8831 10.0
R -17182.8174 9349.1095 10.0
R -17180.5486 9352.3359 10.0
R -17178.2797 9355.5623 10.0
R -17176.0109 9358.7887 10.0
REARM FUELTANK2_36161 -17427.3888 8415.3505 200.952 -17352.9300 8386.8400
ROUTE FUELTANK2_36161 IN
R -17176.0109 9358.7887 10.0
R -17178.2797 9355.5623 10.0
R -17180.5486 9352.3359 10.0
R -17182.8174 9349.1095 10.0
R -17185.0863 9345.8831 10.0
R -17187.3551 9342.6567 10.0
R -17189.6240 9339.4303 10.0
R -17191.8928 9336.2039 10.0
R -17194.1617 9332.9775 10.0
R -17196.4305 9329.7511 10.0
R -17198.6994 9326.5247 10.0
R -17200.9682 9323.2982 10.0
R -17203.2371 9320.0718 10.0
R -17205.5059 9316.8454 10.0
R -17207.7747 9313.6190 10.0
R -17210.0436 9310.3926 10.0
R -17212.3124 9307.1662 10.0
R -17214.5813 9303.9398 10.0
R -17216.8501 9300.7134 10.0
R -17219.1190 9297.4870 10.0
R -17221.3878 9294.2606 10.0
R -17223.6567 9291.0342 10.0
R -17225.9255 9287.8078 10.0
R -17228.1944 9284.5814 10.0
R -17230.4632 9281.3550 10.0
R -17232.7321 9278.1286 10.0
R -17235.0009 9274.9021 10.0
R -17237.2698 9271.6757 10.0
R -17239.5386 9268.4493 10.0
R -17241.8074 9265.2229 10.0
R -17244.0763 9261.9965 10.0
R -17246.3451 9258.7701 10.0
R -17248.6140 9255.5437 10.0
R -17250.8828 9252.3173 10.0
R -17253.1517 9249.0909 10.0
R -17255.4205 9245.8645 10.0
R -17257.6894 9242.6381 10.0
R -17259.9582 9239.4117 10.0
R -17262.2271 9236.1853 10.0
R -17264.4959 9232.9589 10.0
R -17266.7648 9229.7324 10.0
R -17269.0336 9226.5060 10.0
R -17271.3024 9223.2796 10.0
R -17273.5713 9220.0532 10.0
R -17275.8401 9216.8268 10.0
R -17278.0570 9213.6744 10.0
R -17280.2738 9210.5220 10.0
R -17282.4906 9207.3696 10.0
R -17284.7074 9204.2171 10.0
R -17286.9242 9201.0647 10.0
R -17289.1411 9197.9123 10.0
R -17291.3579 9194.7599 10.0
R -17293.5747 9191.6074 10.0
R -17295.7915 9188.4550 10.0
R -17298.0083 9185.3026 10.0
R -17300.2252 9182.1502 10.0
R -17302.4420 9178.9977 10.0
R -17302.7270 9178.5925 10.0
R -17302.9315 9178.3016 10.0
R -17304.3470 9176.2888 10.0
R -17304.6031 9175.9245 10.0
R -17305.7670 9174.2693 10.0
R -17306.9310 9172.6141 10.0
R -17307.7097 9171.5068 10.0
R -17309.3595 9169.1608 10.0
R -17310.1600 9168.0223 10.0
R -17310.3380 9167.7692 10.0
R -17311.0939 9166.6943 10.0
R -17312.8130 9164.2496 10.0
R -17314.4083 9161.9810 10.0
R -17316.0036 9159.7125 10.0
R -17318.0698 9156.7742 10.0
R -17320.2301 9153.7022 10.0
R -17322.3904 9150.6302 10.0
R -17324.5507 9147.5582 10.0
R -17326.7109 9144.4862 10.0
R -17328.8712 9141.4141 10.0
R -17331.0315 9138.3421 10.0
R -17333.1917 9135.2701 10.0
R -17335.3520 9132.1981 10.0
R -17337.5123 9129.1261 10.0
R -17339.6725 9126.0541 10.0
R -17341.9516 9122.8132 10.0
R -17344.2307 9119.5723 10.0
R -17346.5097 9116.3313 10.0
R -17348.7888 9113.0904 10.0
R -17351.0678 9109.8495 10.0
R -17353.3469 9106.6085 10.0
R -17355.6260 9103.3676 10.0
R -17357.9050 9100.1267 10.0
R -17360.1841 9096.8857 10.0
R -17362.4631 9093.6448 10.0
R -17364.7422 9090.4039 10.0
R -17367.0213 9087.1630 10.0
R -17369.3003 9083.9220 10.0
R -17371.5794 9080.6811 10.0
R -17373.8584 9077.4402 10.0
R -17376.1375 9074.1992 10.0
R -17378.4166 9070.9583 10.0
R -17380.6956 9067.7174 10.0
R -17382.9747 9064.4764 10.0
R -17385.2537 9061.2355 10.0
R -17387.5328 9057.9946 10.0
R -17389.8118 9054.7536 10.0
R -17392.0909 9051.5127 10.0
R -17394.3700 9048.2718 10.0
R -17396.6490 9045.0309 10.0
R -17398.9281 9041.7899 10.0
R -17401.2071 9038.5490 10.0
R -17403.4862 9035.3081 10.0
R -17405.7653 9032.0671 10.0
R -17408.0443 9028.8262 10.0
R -17410.3234 9025.5853 10.0
R -17412.6024 9022.3443 10.0
R -17414.8815 9019.1034 10.0
R -17417.1606 9015.8625 10.0
R -17419.4396 9012.6215 10.0
R -17421.7187 9009.3806 10.0
R -17423.9977 9006.1397 10.0
R -17426.2768 9002.8988 10.0
R -17428.5559 8999.6578 10.0
R -17430.8349 8996.4169 10.0
R -17433.1140 8993.1760 10.0
R -17435.3930 8989.9350 10.0
R -17437.6721 8986.6941 10.0
R -17439.9512 8983.4532 10.0
R -17442.2302 8980.2122 10.0
R -17444.5093 8976.9713 10.0
R -17446.7883 8973.7304 10.0
R -17449.0674 8970.4895 10.0
R -17451.2570 8967.3757 10.0
R -17453.4467 8964.2619 10.0
R -17455.6363 8961.1481 10.0
R -17457.8260 8958.0343 10.0
R -17460.0156 8954.9206 10.0
R -17462.2053 8951.8068 10.0
R -17464.3949 8948.6930 10.0
R -17466.5846 8945.5792 10.0
R -17468.7742 8942.4654 10.0
R -17470.9638 8939.3517 10.0
R -17473.1535 8936.2379 10.0
R -17475.3431 8933.1241 10.0
R -17477.5328 8930.0103 10.0
R -17479.7224 8926.8966 10.0
R -17482.0196 8923.6298 10.0
R -17484.3168 8920.3631 10.0
R -17486.6140 8917.0964 10.0
R -17488.9112 8913.8296 10.0
R -17489.1358 8913.5103 10.0
R -17490.4582 8911.6297 10.0
R -17491.7807 8909.7491 10.0
R -17493.1224 8907.8411 10.0
R -17494.4642 8905.9331 10.0
R -17495.8825 8903.9161 10.0
R -17497.2045 8902.0363 10.0
R -17498.5462 8900.1282 10.0
R -17499.8880 8898.2202 10.0
R -17501.5707 8895.8273 10.0
R -17503.2534 8893.4343 10.0
R -17504.2559 8892.0089 10.0
R -17504.5631 8891.5719 10.0
R -17504.7188 8891.3506 10.0
R -17506.5763 8888.7091 10.0
R -17507.3098 8887.6660 10.0
R -17508.9776 8885.2943 10.0
R -17509.2018 8884.9754 10.0
R -17510.1572 8883.6169 10.0
R -17510.9166 8882.5370 10.0
R -17511.2168 8882.1101 10.0
R -17512.7936 8879.8677 10.0
R -17512.9023 8879.7132 10.0
R -17514.9179 8876.8469 10.0
R -17515.2757 8876.3381 10.0
R -17516.3083 8874.8697 10.0
R -17516.6831 8874.3368 10.0
R -17517.9438 8872.5440 10.0
R -17519.2045 8870.7511 10.0
R -17521.0808 8868.0830 10.0
R -17521.7687 8867.1048 10.0
R -17523.7559 8864.2788 10.0
R -17525.2319 8862.1800 10.0
R -17526.7078 8860.0812 10.0
R -17527.1113 8859.5074 10.0
R -17527.3564 8859.1588 10.0
R -17529.2243 8856.5026 10.0
R -17531.0922 8853.8463 10.0
R -17532.9601 8851.1900 10.0
R -17534.8281 8848.5337 10.0
R -17536.9851 8845.4663 10.0
R -17539.1422 8842.3989 10.0
R -17541.2992 8839.3314 10.0
R -17543.4563 8836.2640 10.0
R -17545.6133 8833.1965 10.0
R -17547.7704 8830.1291 10.0
R -17549.9275 8827.0617 10.0
R -17551.9292 8824.2151 10.0
R -17553.9310 8821.3685 10.0
R -17555.9327 8818.5219 10.0
R -17557.9345 8815.6753 10.0
R -17559.9362 8812.8288 10.0
R -17561.9379 8809.9822 10.0
R -17563.9397 8807.1356 10.0
R -17566.0453 8804.1413 10.0
R -17568.1510 8801.1470 10.0
R -17570.2566 8798.1527 10.0
R -17572.3622 8795.1584 10.0
R -17574.4678 8792.1641 10.0
R -17576.5735 8789.1698 10.0
R -17578.0628 8787.0519 10.0
R -17579.5520 8784.9341 10.0
R -17581.7038 8781.8742 10.0
R -17583.8556 8778.8143 10.0
R -17586.0074 8775.7543 10.0
R -17588.1591 8772.6944 10.0
R -17590.3109 8769.6345 10.0
R -17592.4627 8766.5746 10.0
R -17594.6144 8763.5147 10.0
R -17596.7662 8760.4547 10.0
R -17598.9180 8757.3948 10.0
R -17601.0698 8754.3349 10.0
R -17603.2215 8751.2750 10.0
R -17605.3733 8748.2151 10.0
R -17607.5251 8745.1551 10.0
R -17609.6768 8742.0952 10.0
R -17609.9151 8741.7564 10.0
R -17612.1856 8738.5277 10.0
R -17614.4560 8735.2990 10.0
R -17616.7265 8732.0703 10.0
R -17618.9969 8728.8416 10.0
R -17621.2674 8725.6129 10.0
R -17623.5379 8722.3842 10.0
R -17625.8083 8719.1555 10.0
R -17628.0788 8715.9268 10.0
R -17630.3492 8712.6981 10.0
R -17632.6197 8709.4694 10.0
R -17634.8901 8706.2407 10.0
R -17637.1606 8703.0120 10.0
R -17639.4310 8699.7833 10.0
R -17641.7015 8696.5547 10.0
R -17643.9719 8693.3260 10.0
R -17646.2424 8690.0973 10.0
R -17648.5129 8686.8686 10.0
R -17650.7833 8683.6399 10.0
R -17653.0538 8680.4112 10.0
R -17655.3242 8677.1825 10.0
R -17657.5947 8673.9538 10.0
R -17659.8651 8670.7251 10.0
R -17662.1356 8667.4964 10.0
R -17664.4060 8664.2677 10.0
R -17666.6765 8661.0390 10.0
R -17668.9469 8657.8103 10.0
R -17671.2174 8654.5816 10.0
R -17673.4879 8651.3529 10.0
R -17675.7583 8648.1242 10.0
R -17678.0288 8644.8955 10.0
R -17680.2992 8641.6669 10.0
R -17682.5697 8638.4382 10.0
R -17684.8401 8635.2095 10.0
R -17687.1106 8631.9808 10.0
R -17689.3810 8628.7521 10.0
R -17691.6515 8625.5234 10.0
R -17692.6350 8626.2150 10.0
R -17694.8169 8623.1200 10.0
R -17696.9988 8620.0250 10.0
R -17699.1806 8616.9300 10.0
R -17701.3625 8613.8350 10.0
R -17703.5444 8610.7400 10.0
R -17705.7263 8607.6450 10.0
R -17707.9081 8604.5500 10.0
R -17710.0900 8601.4550 10.0
R -17709.0264 8597.9153 10.0
R -17707.9628 8594.3756 10.0
R -17706.8992 8590.8360 10.0
R -17705.8356 8587.2963 10.0
R -17704.7720 8583.7566 10.0
R -17703.7084 8580.2169 10.0
R -17702.6448 8576.6772 10.0
R -17701.5812 8573.1376 10.0
R -17700.5176 8569.5979 10.0
R -17699.4540 8566.0582 10.0
R -17695.7057 8567.1836 10.0
R -17691.9573 8568.3089 10.0
R -17688.2089 8569.4343 10.0
R -17684.4606 8570.5596 10.0
R -17680.7122 8571.6850 10.0
R -17676.9638 8572.8104 10.0
R -17673.2154 8573.9357 10.0
R -17669.4671 8575.0611 10.0
R -17665.7187 8576.1864 10.0
R -17661.9703 8577.3118 10.0
R -17658.2220 8578.4372 10.0
R -17654.4736 8579.5625 10.0
R -17650.7252 8580.6879 10.0
R -17646.9769 8581.8132 10.0
R -17643.2285 8582.9386 10.0
R -17639.4801 8584.0640 10.0
R -17635.7318 8585.1893 10.0
R -17631.9834 8586.3147 10.0
R -17628.2350 8587.4400 10.0
R -17624.4867 8588.5654 10.0
R -17621.3011 8587.0469 10.0
R -17618.1156 8585.5285 10.0
R -17614.9300 8584.0100 10.0
R -17612.0102 8582.6182 10.0
R -17609.0904 8581.2264 10.0
R -17606.1706 8579.8346 10.0
R -17605.6529 8580.9208 10.0
R -17602.1519 8579.5041 10.0
R -17598.6509 8578.0875 10.0
R -17595.1499 8576.6709 10.0
R -17591.6489 8575.2542 10.0
R -17588.1480 8573.8376 10.0
R -17584.8861 8572.5177 10.0
R -17581.6242 8571.1979 10.0
R -17578.3624 8569.8780 10.0
R -17575.1005 8568.5581 10.0
R -17571.8386 8567.2383 10.0
R -17568.5768 8565.9184 10.0
R -17566.4711 8565.0664 10.0
R -17564.3654 8564.2143 10.0
R -17560.8758 8562.8023 10.0
R -17557.3862 8561.3903 10.0
R -17553.8965 8559.9782 10.0
R -17550.4069 8558.5662 10.0
R -17546.9173 8557.1542 10.0
R -17543.4277 8555.7422 10.0
R -17539.9381 8554.3301 10.0
R -17536.4485 8552.9181 10.0
R -17532.9588 8551.5061 10.0
R -17529.4692 8550.0941 10.0
R -17525.9796 8548.6820 10.0
R -17522.4900 8547.2700 10.0
R -17519.0007 8545.8581 10.0
R -17515.5114 8544.4462 10.0
R -17512.0221 8543.0343 10.0
R -17508.5328 8541.6224 10.0
R -17505.0435 8540.2105 10.0
R -17501.5542 8538.7986 10.0
R -17498.0649 8537.3867 10.0
R -17494.6887 8536.0206 10.0
R -17491.3125 8534.6545 10.0
R -17487.9364 8533.2883 10.0
R -17484.5602 8531.9222 10.0
R -17481.1840 8530.5561 10.0
R -17477.8079 8529.1900 10.0
R -17474.3096 8527.7745 10.0
R -17470.8114 8526.3589 10.0
R -17467.3131 8524.9434 10.0
R -17463.8149 8523.5279 10.0
R -17460.3166 8522.1124 10.0
R -17456.8184 8520.6968 10.0
R -17453.3201 8519.2813 10.0
R -17449.8219 8517.8658 10.0
R -17446.3236 8516.4503 10.0
R -17442.8253 8515.0348 10.0
R -17439.3271 8513.6192 10.0
R -17435.7248 8512.2399 10.0
R -17432.1224 8510.8606 10.0
R -17428.5201 8509.4812 10.0
R -17424.9178 8508.1019 10.0
R -17421.3155 8506.7225 10.0
R -17417.7132 8505.3432 10.0
R -17414.1108 8503.9638 10.0
R -17410.5085 8502.5845 10.0
R -17406.9062 8501.2052 10.0
R -17403.3039 8499.8258 10.0
R -17399.7015 8498.4465 10.0
R -17396.0992 8497.0671 10.0
R -17397.4510 8493.5367 10.0
R -17398.8028 8490.0063 10.0
R -17400.1547 8486.4759 10.0
R -17401.5065 8482.9455 10.0
R -17402.8583 8479.4150 10.0
R -17404.2101 8475.8846 10.0
R -17405.5619 8472.3542 10.0
R -17406.9137 8468.8238 10.0
R -17408.2655 8465.2934 10.0
R -17409.6173 8461.7629 10.0
R -17410.9691 8458.2325 10.0
R -17412.3209 8454.7021 10.0
R -17413.6728 8451.1717 10.0
R -17415.0246 8447.6413 10.0
R -17416.3764 8444.1108 10.0
R -17417.7282 8440.5804 10.0
R -17419.0800 8437.0500 10.0
R -17420.4648 8433.4334 10.0
R -17421.8496 8429.8168 10.0
R -17423.2344 8426.2003 10.0
R -17424.6192 8422.5837 10.0
R -17426.0040 8418.9671 10.0
R -17427.3888 8415.3505 10.0
ROUTE FUELTANK2_36161 OUT
R -17427.3888 8415.3505 10.0
R -17426.0040 8418.9671 10.0
R -17424.6192 8422.5837 10.0
R -17423.2344 8426.2003 10.0
R -17421.8496 8429.8168 10.0
R -17420.4648 8433.4334 10.0
R -17419.0800 8437.0500 10.0
R -17417.7282 8440.5804 10.0
R -17416.3764 8444.1108 10.0
R -17415.0246 8447.6413 10.0
R -17413.6728 8451.1717 10.0
R -17412.3209 8454.7021 10.0
R -17410.9691 8458.2325 10.0
R -17409.6173 8461.7629 10.0
R -17408.2655 8465.2934 10.0
R -17406.9137 8468.8238 10.0
R -17405.5619 8472.3542 10.0
R -17404.2101 8475.8846 10.0
R -17402.8583 8479.4150 10.0
R -17401.5065 8482.9455 10.0
R -17400.1547 8486.4759 10.0
R -17398.8028 8490.0063 10.0
R -17397.4510 8493.5367 10.0
R -17396.0992 8497.0671 10.0
R -17399.7015 8498.4465 10.0
R -17403.3039 8499.8258 10.0
R -17406.9062 8501.2052 10.0
R -17410.5085 8502.5845 10.0
R -17414.1108 8503.9638 10.0
R -17417.7132 8505.3432 10.0
R -17421.3155 8506.7225 10.0
R -17424.9178 8508.1019 10.0
R -17428.5201 8509.4812 10.0
R -17432.1224 8510.8606 10.0
R -17435.7248 8512.2399 10.0
R -17439.3271 8513.6192 10.0
R -17442.8253 8515.0348 10.0
R -17446.3236 8516.4503 10.0
R -17449.8219 8517.8658 10.0
R -17453.3201 8519.2813 10.0
R -17456.8184 8520.6968 10.0
R -17460.3166 8522.1124 10.0
R -17463.8149 8523.5279 10.0
R -17467.3131 8524.9434 10.0
R -17470.8114 8526.3589 10.0
R -17474.3096 8527.7745 10.0
R -17477.8079 8529.1900 10.0
R -17481.1840 8530.5561 10.0
R -17484.5602 8531.9222 10.0
R -17487.9364 8533.2883 10.0
R -17491.3125 8534.6545 10.0
R -17494.6887 8536.0206 10.0
R -17498.0649 8537.3867 10.0
R -17501.5542 8538.7986 10.0
R -17505.0435 8540.2105 10.0
R -17508.5328 8541.6224 10.0
R -17512.0221 8543.0343 10.0
R -17515.5114 8544.4462 10.0
R -17519.0007 8545.8581 10.0
R -17522.4900 8547.2700 10.0
R -17525.9796 8548.6820 10.0
R -17529.4692 8550.0941 10.0
R -17532.9588 8551.5061 10.0
R -17536.4485 8552.9181 10.0
R -17539.9381 8554.3301 10.0
R -17543.4277 8555.7422 10.0
R -17546.9173 8557.1542 10.0
R -17550.4069 8558.5662 10.0
R -17553.8965 8559.9782 10.0
R -17557.3862 8561.3903 10.0
R -17560.8758 8562.8023 10.0
R -17564.3654 8564.2143 10.0
R -17566.4711 8565.0664 10.0
R -17568.5768 8565.9184 10.0
R -17571.8386 8567.2383 10.0
R -17575.1005 8568.5581 10.0
R -17578.3624 8569.8780 10.0
R -17581.6242 8571.1979 10.0
R -17584.8861 8572.5177 10.0
R -17588.1480 8573.8376 10.0
R -17591.6489 8575.2542 10.0
R -17595.1499 8576.6709 10.0
R -17598.6509 8578.0875 10.0
R -17602.1519 8579.5041 10.0
R -17605.6529 8580.9208 10.0
R -17606.1706 8579.8346 10.0
R -17609.0904 8581.2264 10.0
R -17612.0102 8582.6182 10.0
R -17614.9300 8584.0100 10.0
R -17618.1156 8585.5285 10.0
R -17621.3011 8587.0469 10.0
R -17624.4867 8588.5654 10.0
R -17628.2350 8587.4400 10.0
R -17631.9834 8586.3147 10.0
R -17635.7318 8585.1893 10.0
R -17639.4801 8584.0640 10.0
R -17643.2285 8582.9386 10.0
R -17646.9769 8581.8132 10.0
R -17650.7252 8580.6879 10.0
R -17654.4736 8579.5625 10.0
R -17658.2220 8578.4372 10.0
R -17661.9703 8577.3118 10.0
R -17665.7187 8576.1864 10.0
R -17669.4671 8575.0611 10.0
R -17673.2154 8573.9357 10.0
R -17676.9638 8572.8104 10.0
R -17680.7122 8571.6850 10.0
R -17684.4606 8570.5596 10.0
R -17688.2089 8569.4343 10.0
R -17691.9573 8568.3089 10.0
R -17695.7057 8567.1836 10.0
R -17699.4540 8566.0582 10.0
R -17700.5176 8569.5979 10.0
R -17701.5812 8573.1376 10.0
R -17702.6448 8576.6772 10.0
R -17703.7084 8580.2169 10.0
R -17704.7720 8583.7566 10.0
R -17705.8356 8587.2963 10.0
R -17706.8992 8590.8360 10.0
R -17707.9628 8594.3756 10.0
R -17709.0264 8597.9153 10.0
R -17710.0900 8601.4550 10.0
R -17707.9081 8604.5500 10.0
R -17705.7263 8607.6450 10.0
R -17703.5444 8610.7400 10.0
R -17701.3625 8613.8350 10.0
R -17699.1806 8616.9300 10.0
R -17696.9988 8620.0250 10.0
R -17694.8169 8623.1200 10.0
R -17692.6350 8626.2150 10.0
R -17691.6515 8625.5234 10.0
R -17689.3810 8628.7521 10.0
R -17687.1106 8631.9808 10.0
R -17684.8401 8635.2095 10.0
R -17682.5697 8638.4382 10.0
R -17680.2992 8641.6669 10.0
R -17678.0288 8644.8955 10.0
R -17675.7583 8648.1242 10.0
R -17673.4879 8651.3529 10.0
R -17671.2174 8654.5816 10.0
R -17668.9469 8657.8103 10.0
R -17666.6765 8661.0390 10.0
R -17664.4060 8664.2677 10.0
R -17662.1356 8667.4964 10.0
R -17659.8651 8670.7251 10.0
R -17657.5947 8673.9538 10.0
R -17655.3242 8677.1825 10.0
R -17653.0538 8680.4112 10.0
R -17650.7833 8683.6399 10.0
R -17648.5129 8686.8686 10.0
R -17646.2424 8690.0973 10.0
R -17643.9719 8693.3260 10.0
R -17641.7015 8696.5547 10.0
R -17639.4310 8699.7833 10.0
R -17637.1606 8703.0120 10.0
R -17634.8901 8706.2407 10.0
R -17632.6197 8709.4694 10.0
R -17630.3492 8712.6981 10.0
R -17628.0788 8715.9268 10.0
R -17625.8083 8719.1555 10.0
R -17623.5379 8722.3842 10.0
R -17621.2674 8725.6129 10.0
R -17618.9969 8728.8416 10.0
R -17616.7265 8732.0703 10.0
R -17614.4560 8735.2990 10.0
R -17612.1856 8738.5277 10.0
R -17609.9151 8741.7564 10.0
R -17609.6768 8742.0952 10.0
R -17607.5251 8745.1551 10.0
R -17605.3733 8748.2151 10.0
R -17603.2215 8751.2750 10.0
R -17601.0698 8754.3349 10.0
R -17598.9180 8757.3948 10.0
R -17596.7662 8760.4547 10.0
R -17594.6144 8763.5147 10.0
R -17592.4627 8766.5746 10.0
R -17590.3109 8769.6345 10.0
R -17588.1591 8772.6944 10.0
R -17586.0074 8775.7543 10.0
R -17583.8556 8778.8143 10.0
R -17581.7038 8781.8742 10.0
R -17579.5520 8784.9341 10.0
R -17578.0628 8787.0519 10.0
R -17576.5735 8789.1698 10.0
R -17574.4678 8792.1641 10.0
R -17572.3622 8795.1584 10.0
R -17570.2566 8798.1527 10.0
R -17568.1510 8801.1470 10.0
R -17566.0453 8804.1413 10.0
R -17563.9397 8807.1356 10.0
R -17561.9379 8809.9822 10.0
R -17559.9362 8812.8288 10.0
R -17557.9345 8815.6753 10.0
R -17555.9327 8818.5219 10.0
R -17553.9310 8821.3685 10.0
R -17551.9292 8824.2151 10.0
R -17549.9275 8827.0617 10.0
R -17547.7704 8830.1291 10.0
R -17545.6133 8833.1965 10.0
R -17543.4563 8836.2640 10.0
R -17541.2992 8839.3314 10.0
R -17539.1422 8842.3989 10.0
R -17536.9851 8845.4663 10.0
R -17534.8281 8848.5337 10.0
R -17532.9601 8851.1900 10.0
R -17531.0922 8853.8463 10.0
R -17529.2243 8856.5026 10.0
R -17527.3564 8859.1588 10.0
R -17527.1113 8859.5074 10.0
R -17526.7078 8860.0812 10.0
R -17525.2319 8862.1800 10.0
R -17523.7559 8864.2788 10.0
R -17521.7687 8867.1048 10.0
R -17521.0808 8868.0830 10.0
R -17519.2045 8870.7511 10.0
R -17517.9438 8872.5440 10.0
R -17516.6831 8874.3368 10.0
R -17516.3083 8874.8697 10.0
R -17515.2757 8876.3381 10.0
R -17514.9179 8876.8469 10.0
R -17512.9023 8879.7132 10.0
R -17512.7936 8879.8677 10.0
R -17511.2168 8882.1101 10.0
R -17510.9166 8882.5370 10.0
R -17510.1572 8883.6169 10.0
R -17509.2018 8884.9754 10.0
R -17508.9776 8885.2943 10.0
R -17507.3098 8887.6660 10.0
R -17506.5763 8888.7091 10.0
R -17504.7188 8891.3506 10.0
R -17504.5631 8891.5719 10.0
R -17504.2559 8892.0089 10.0
R -17503.2534 8893.4343 10.0
R -17501.5707 8895.8273 10.0
R -17499.8880 8898.2202 10.0
R -17498.5462 8900.1282 10.0
R -17497.2045 8902.0363 10.0
R -17495.8825 8903.9161 10.0
R -17494.4642 8905.9331 10.0
R -17493.1224 8907.8411 10.0
R -17491.7807 8909.7491 10.0
R -17490.4582 8911.6297 10.0
R -17489.1358 8913.5103 10.0
R -17488.9112 8913.8296 10.0
R -17486.6140 8917.0964 10.0
R -17484.3168 8920.3631 10.0
R -17482.0196 8923.6298 10.0
R -17479.7224 8926.8966 10.0
R -17477.5328 8930.0103 10.0
R -17475.3431 8933.1241 10.0
R -17473.1535 8936.2379 10.0
R -17470.9638 8939.3517 10.0
R -17468.7742 8942.4654 10.0
R -17466.5846 8945.5792 10.0
R -17464.3949 8948.6930 10.0
R -17462.2053 8951.8068 10.0
R -17460.0156 8954.9206 10.0
R -17457.8260 8958.0343 10.0
R -17455.6363 8961.1481 10.0
R -17453.4467 8964.2619 10.0
R -17451.2570 8967.3757 10.0
R -17449.0674 8970.4895 10.0
R -17446.7883 8973.7304 10.0
R -17444.5093 8976.9713 10.0
R -17442.2302 8980.2122 10.0
R -17439.9512 8983.4532 10.0
R -17437.6721 8986.6941 10.0
R -17435.3930 8989.9350 10.0
R -17433.1140 8993.1760 10.0
R -17430.8349 8996.4169 10.0
R -17428.5559 8999.6578 10.0
R -17426.2768 9002.8988 10.0
R -17423.9977 9006.1397 10.0
R -17421.7187 9009.3806 10.0
R -17419.4396 9012.6215 10.0
R -17417.1606 9015.8625 10.0
R -17414.8815 9019.1034 10.0
R -17412.6024 9022.3443 10.0
R -17410.3234 9025.5853 10.0
R -17408.0443 9028.8262 10.0
R -17405.7653 9032.0671 10.0
R -17403.4862 9035.3081 10.0
R -17401.2071 9038.5490 10.0
R -17398.9281 9041.7899 10.0
R -17396.6490 9045.0309 10.0
R -17394.3700 9048.2718 10.0
R -17392.0909 9051.5127 10.0
R -17389.8118 9054.7536 10.0
R -17387.5328 9057.9946 10.0
R -17385.2537 9061.2355 10.0
R -17382.9747 9064.4764 10.0
R -17380.6956 9067.7174 10.0
R -17378.4166 9070.9583 10.0
R -17376.1375 9074.1992 10.0
R -17373.8584 9077.4402 10.0
R -17371.5794 9080.6811 10.0
R -17369.3003 9083.9220 10.0
R -17367.0213 9087.1630 10.0
R -17364.7422 9090.4039 10.0
R -17362.4631 9093.6448 10.0
R -17360.1841 9096.8857 10.0
R -17357.9050 9100.1267 10.0
R -17355.6260 9103.3676 10.0
R -17353.3469 9106.6085 10.0
R -17351.0678 9109.8495 10.0
R -17348.7888 9113.0904 10.0
R -17346.5097 9116.3313 10.0
R -17344.2307 9119.5723 10.0
R -17341.9516 9122.8132 10.0
R -17339.6725 9126.0541 10.0
R -17337.5123 9129.1261 10.0
R -17335.3520 9132.1981 10.0
R -17333.1917 9135.2701 10.0
R -17331.0315 9138.3421 10.0
R -17328.8712 9141.4141 10.0
R -17326.7109 9144.4862 10.0
R -17324.5507 9147.5582 10.0
R -17322.3904 9150.6302 10.0
R -17320.2301 9153.7022 10.0
R -17318.0698 9156.7742 10.0
R -17316.0036 9159.7125 10.0
R -17314.4083 9161.9810 10.0
R -17312.8130 9164.2496 10.0
R -17311.0939 9166.6943 10.0
R -17310.3380 9167.7692 10.0
R -17310.1600 9168.0223 10.0
R -17309.3595 9169.1608 10.0
R -17307.7097 9171.5068 10.0
R -17306.9310 9172.6141 10.0
R -17305.7670 9174.2693 10.0
R -17304.6031 9175.9245 10.0
R -17304.3470 9176.2888 10.0
R -17302.9315 9178.3016 10.0
R -17302.7270 9178.5925 10.0
R -17302.4420 9178.9977 10.0
R -17300.2252 9182.1502 10.0
R -17298.0083 9185.3026 10.0
R -17295.7915 9188.4550 10.0
R -17293.5747 9191.6074 10.0
R -17291.3579 9194.7599 10.0
R -17289.1411 9197.9123 10.0
R -17286.9242 9201.0647 10.0
R -17284.7074 9204.2171 10.0
R -17282.4906 9207.3696 10.0
R -17280.2738 9210.5220 10.0
R -17278.0570 9213.6744 10.0
R -17275.8401 9216.8268 10.0
R -17273.5713 9220.0532 10.0
R -17271.3024 9223.2796 10.0
R -17269.0336 9226.5060 10.0
R -17266.7648 9229.7324 10.0
R -17264.4959 9232.9589 10.0
R -17262.2271 9236.1853 10.0
R -17259.9582 9239.4117 10.0
R -17257.6894 9242.6381 10.0
R -17255.4205 9245.8645 10.0
R -17253.1517 9249.0909 10.0
R -17250.8828 9252.3173 10.0
R -17248.6140 9255.5437 10.0
R -17246.3451 9258.7701 10.0
R -17244.0763 9261.9965 10.0
R -17241.8074 9265.2229 10.0
R -17239.5386 9268.4493 10.0
R -17237.2698 9271.6757 10.0
R -17235.0009 9274.9021 10.0
R -17232.7321 9278.1286 10.0
R -17230.4632 9281.3550 10.0
R -17228.1944 9284.5814 10.0
R -17225.9255 9287.8078 10.0
R -17223.6567 9291.0342 10.0
R -17221.3878 9294.2606 10.0
R -17219.1190 9297.4870 10.0
R -17216.8501 9300.7134 10.0
R -17214.5813 9303.9398 10.0
R -17212.3124 9307.1662 10.0
R -17210.0436 9310.3926 10.0
R -17207.7747 9313.6190 10.0
R -17205.5059 9316.8454 10.0
R -17203.2371 9320.0718 10.0
R -17200.9682 9323.2982 10.0
R -17198.6994 9326.5247 10.0
R -17196.4305 9329.7511 10.0
R -17194.1617 9332.9775 10.0
R -17191.8928 9336.2039 10.0
R -17189.6240 9339.4303 10.0
R -17187.3551 9342.6567 10.0
R -17185.0863 9345.8831 10.0
R -17182.8174 9349.1095 10.0
R -17180.5486 9352.3359 10.0
R -17178.2797 9355.5623 10.0
R -17176.0109 9358.7887 10.0
TAKEOFF -17176.0109 9358.7887 70.222 76.909 10
CLIMB 0 10 90 1 1
CLIMB 1000 180 150 0 0
CLIMB 3000 300 220 0 0
NODE -18250.2350 9084.2950
NODE -18248.0075 9079.2950
NODE -18245.7800 9074.2950
NODE -18246.5524 9073.8901
NODE -18250.7825 9071.6725
NODE -18255.7850 9069.0500
NODE -17129.6950 8734.9850
NODE -17129.0305 8734.6081
NODE -17125.4675 8732.5875
NODE -17121.2400 8730.1900
NODE -17118.2800 8727.5400
NODE -17115.3200 8724.8900
NODE -17112.8950 8721.4225
NODE -17110.4700 8717.9550
NODE -17108.6375 8713.4150
NODE -17106.8050 8708.8750
NODE -17106.1875 8705.3225
NODE -17105.5700 8701.7700
NODE -17105.7375 8698.4175
NODE -17105.7777 8697.6124
NODE -17105.7994 8697.1793
NODE -17105.9050 8695.0650
NODE -17106.8350 8691.7075
NODE -17107.7650 8688.3500
NODE -17114.4475 8671.6225
NODE -17119.4286 8659.1540
NODE -17121.1300 8654.8950
NODE -17122.7400 8652.8600
NODE -17124.3500 8650.8250
NODE -17126.0275 8649.4650
NODE -17127.7050 8648.1050
NODE -17130.2075 8646.7475
NODE -17132.7100 8645.3900
NODE -17135.0700 8644.8550
NODE -17137.4300 8644.3200
NODE -17141.0750 8644.6775
NODE -17144.7200 8645.0350
NODE -17148.1861 8646.4280
NODE -17169.2225 8654.8825
NODE -17193.7250 8664.7300
NODE -17889.7900 9032.4900
NODE -17888.2900 9031.8425
NODE -17886.7900 9031.1950
NODE -17886.1536 9030.6199
NODE -17885.9850 9030.4675
NODE -17885.1800 9029.7400
NODE -17884.2225 9028.3725
NODE -17883.2650 9027.0050
NODE -17882.5475 9025.3625
NODE -17881.8300 9023.7200
NODE -17881.3675 9021.9575
NODE -17880.9050 9020.1950
NODE -17880.8075 9017.8600
NODE -17880.7100 9015.5250
NODE -17881.0175 9012.9150
NODE -17881.3250 9010.3050
NODE -17881.8825 9008.5175
NODE -17882.4400 9006.7300
NODE -17885.0860 9000.0435
NODE -17885.2386 8999.6577
NODE -17890.2475 8987.0000
NODE -17898.0550 8967.2700
NODE -17899.4100 8965.1925
NODE -17900.7650 8963.1150
NODE -17902.7700 8961.1575
NODE -17904.7750 8959.2000
NODE -17906.4950 8958.0650
NODE -17908.2150 8956.9300
NODE -17911.4050 8955.3325
NODE -17914.5950 8953.7350
NODE -17918.2225 8953.0825
NODE -17921.8500 8952.4300
NODE -17925.0650 8952.5750
NODE -17928.2800 8952.7200
NODE -17932.0250 8953.6125
NODE -17935.7700 8954.5050
NODE -17937.7225 8955.1725
NODE -17939.6750 8955.8400
NODE -17965.0300 8965.7500
NODE -17990.3850 8975.6600
NODE -17859.4000 9020.6550
NODE -17860.9375 9021.2025
NODE -17862.4750 9021.7500
NODE -17863.5031 9021.7642
NODE -17864.6450 9021.7800
NODE -17866.2800 9021.4375
NODE -17867.9150 9021.0950
NODE -17869.5575 9020.3825
NODE -17871.2000 9019.6700
NODE -17872.7425 9018.6950
NODE -17874.2850 9017.7200
NODE -17875.9500 9016.0800
NODE -17877.6150 9014.4400
NODE -17879.1675 9012.3200
NODE -17880.7200 9010.2000
NODE -17881.5325 9008.5150
NODE -17882.3450 9006.8300
NODE -17890.0900 8987.0750
NODE -17897.8350 8967.3200
NODE -17898.2625 8964.8750
NODE -17898.6900 8962.4300
NODE -17898.5575 8959.6300
NODE -17898.4250 8956.8300
NODE -17897.9450 8954.8275
NODE -17897.4650 8952.8250
NODE -17896.2200 8949.4825
NODE -17894.9750 8946.1400
NODE -17892.7675 8943.1875
NODE -17890.5600 8940.2350
NODE -17888.1075 8938.1500
NODE -17885.6550 8936.0650
NODE -17882.3050 8934.1625
NODE -17878.9550 8932.2600
NODE -17877.0750 8931.4150
NODE -17875.1950 8930.5700
NODE -17849.8900 8920.5275
NODE -17824.5850 8910.4850
NODE -17896.7150 9270.8200
NODE -17900.5596 9207.9942
NODE -17900.9775 9201.1650
NODE -17902.6377 9174.0344
NODE -17905.2400 9131.5100
NODE -17905.1650 9129.9450
NODE -17905.0900 9128.3800
NODE -17904.8750 9126.8100
NODE -17904.6600 9125.2400
NODE -17892.0175 9083.9800
NODE -17879.3750 9042.7200
NODE -17878.4900 9039.4825
NODE -17878.1159 9038.1138
NODE -17877.6050 9036.2450
NODE -17877.1375 9033.7000
NODE -17876.6700 9031.1550
NODE -17876.5300 9029.0450
NODE -17876.4585 9027.9675
NODE -17876.3900 9026.9350
NODE -17876.4066 9026.8091
NODE -17876.6750 9024.7800
NODE -17876.9600 9022.6250
NODE -17877.4975 9020.3075
NODE -17878.0350 9017.9900
NODE -17878.1581 9017.6717
NODE -17880.1425 9012.5425
NODE -17882.2500 9007.0950
NODE -17368.9450 9197.4000
NODE -17384.5594 9192.1350
NODE -17388.5217 9190.7989
NODE -17399.9056 9186.9604
NODE -17404.2516 9185.4950
NODE -17470.3489 9163.2076
NODE -17477.5924 9160.7652
NODE -17488.6348 9157.0418
NODE -17494.4829 9155.0699
NODE -17591.7927 9122.2580
NODE -17617.8550 9113.4700
NODE -17759.5579 9065.6892
NODE -17768.2520 9062.7576
NODE -17777.7442 9059.5569
NODE -17822.2393 9044.5536
NODE -17835.0208 9040.2438
NODE -17866.7650 9029.5400
NODE -17868.9900 9028.4875
NODE -17871.2150 9027.4350
NODE -17873.0275 9025.6725
NODE -17873.1629 9025.5409
NODE -17874.8400 9023.9100
NODE -17875.8600 9022.0100
NODE -17876.8800 9020.1100
NODE -17877.5300 9018.8700
NODE -17879.9300 9028.6350
NODE -17878.8375 9028.3525
NODE -17877.7450 9028.0700
NODE -17875.2350 9027.8700
NODE -17873.5600 9027.8850
NODE -17871.8850 9027.9000
NODE -17870.7150 9028.1200
NODE -17869.5450 9028.3400
NODE -17868.1925 9028.9300
NODE -17864.3500 9030.3700
NODE -17865.1800 9030.1450
NODE -17866.0100 9029.9200
NODE -17867.3850 9029.8700
NODE -17868.7600 9029.8200
NODE -17870.0825 9030.0575
NODE -17871.4050 9030.2950
NODE -17872.6450 9030.9100
NODE -17873.8850 9031.5250
NODE -17874.7950 9032.3550
NODE -17875.7050 9033.1850
NODE -17876.3750 9034.3225
NODE -17877.0450 9035.4600
NODE -17877.4625 9036.4100
NODE -17877.8800 9037.3600
NODE -17878.0075 9037.7675
NODE -17878.0750 9037.4800
NODE -17878.0100 9036.7850
NODE -17878.1075 9035.9975
NODE -17878.2050 9035.2100
NODE -17878.6800 9034.4675
NODE -17879.1550 9033.7250
NODE -17879.8775 9033.1700
NODE -17880.6000 9032.6150
NODE -17881.3100 9032.3825
NODE -17882.0200 9032.1500
NODE -17883.2800 9032.0600
NODE -17884.5400 9031.9700
NODE -17886.0050 9032.1000
NODE -17887.4700 9032.2300
NODE -17889.2400 9032.6250
NODE -17891.0100 9033.0200
NODE -17892.5700 9033.6050
NODE -17894.1300 9034.1900
NODE -17808.1850 9049.2900
NODE -17809.8250 9048.6625
NODE -17811.4650 9048.0350
NODE -17813.0050 9047.1550
NODE -17814.5450 9046.2750
NODE -17815.9425 9045.0875
NODE -17817.3400 9043.9000
NODE -17819.4400 9041.8250
NODE -17821.5400 9039.7500
NODE -17823.0725 9037.0925
NODE -17824.6050 9034.4350
NODE -17825.5350 9032.0500
NODE -17826.4650 9029.6650
NODE -17826.7375 9027.1050
NODE -17827.0100 9024.5450
NODE -17826.9350 9022.0625
NODE -17826.8600 9019.5800
NODE -17826.3100 9017.3950
NODE -17825.7600 9015.2100
NODE -17824.0275 9012.5750
NODE -17822.2950 9009.9400
NODE -17820.1925 9008.0450
NODE -17818.0900 9006.1500
NODE -17815.7125 9004.5775
NODE -17813.3350 9003.0050
NODE -17810.9200 9001.8400
NODE -17808.5050 9000.6750
NODE -17841.4750 9078.9900
NODE -17836.6150 9063.4050
NODE -17831.7550 9047.8200
NODE -17831.1700 9047.0650
NODE -17830.5850 9046.3100
NODE -17829.6400 9045.7025
NODE -17828.6950 9045.0950
NODE -17827.2525 9044.6325
NODE -17825.8100 9044.1700
NODE -17824.7400 9044.1925
NODE -17823.6700 9044.2150
NODE -17822.8250 9044.4150
NODE -17821.9800 9044.6150
NODE -17834.4725 9040.4825
NODE -17833.8350 9040.7600
NODE -17833.4725 9041.0825
NODE -17833.1100 9041.4050
NODE -17832.7775 9042.0625
NODE -17832.4450 9042.7200
NODE -17832.2275 9043.7750
NODE -17832.0100 9044.8300
NODE -17831.9800 9045.8400
NODE -17831.9500 9046.8500
NODE -17831.9700 9047.5425
NODE -17831.9900 9048.2350
NODE -17832.0825 9048.6975
NODE -17832.1750 9049.1600
NODE -17545.4450 8897.7150
NODE -17543.9775 8896.9825
NODE -17542.6565 8896.3231
NODE -17542.5100 8896.2500
NODE -17540.5675 8894.8500
NODE -17538.6250 8893.4500
NODE -17536.5825 8891.6675
NODE -17534.5400 8889.8850
NODE -17532.5950 8887.4200
NODE -17530.6500 8884.9550
NODE -17528.7650 8879.7050
NODE -17528.2875 8876.2600
NODE -17527.8100 8872.8150
NODE -17528.0200 8870.1200
NODE -17528.2300 8867.4250
NODE -17528.7550 8864.6575
NODE -17529.2800 8861.8900
NODE -17484.2550 8873.7600
NODE -17486.0282 8874.1832
NODE -17486.7375 8874.3525
NODE -17489.2200 8874.9450
NODE -17492.4050 8875.4125
NODE -17495.5900 8875.8800
NODE -17498.5200 8875.8800
NODE -17501.4500 8875.8800
NODE -17503.7425 8875.4975
NODE -17506.0350 8875.1150
NODE -17508.3700 8874.4775
NODE -17510.7050 8873.8400
NODE -17512.1925 8873.0325
NODE -17513.6800 8872.2250
NODE -17515.5100 8870.8325
NODE -17517.3400 8869.4400
NODE -17518.8150 8867.7525
NODE -17520.2900 8866.0650
NODE -17523.0650 8862.3900
NODE -17525.6949 8858.9072
NODE -17525.8400 8858.7150
NODE -17525.9517 8858.5641
NODE -17529.8550 8853.2875
NODE -17533.8700 8847.8600
NODE -17536.4600 8894.1950
NODE -17533.9400 8893.4650
NODE -17531.4200 8892.7350
NODE -17528.2650 8892.3075
NODE -17525.1100 8891.8800
NODE -17522.1150 8891.9150
NODE -17519.1200 8891.9500
NODE -17515.8600 8892.4475
NODE -17512.6000 8892.9450
NODE -17509.4950 8894.2925
NODE -17506.3900 8895.6400
NODE -17504.1225 8897.5900
NODE -17501.8550 8899.5400
NODE -17499.5150 8902.1825
NODE -17497.1750 8904.8250
NODE -17493.4700 8909.6275
NODE -17489.7650 8914.4300
NODE -17485.1550 8920.9525
NODE -17480.5450 8927.4750
NODE -17469.1200 8867.8450
NODE -17470.7675 8868.6925
NODE -17472.4150 8869.5400
NODE -17475.5725 8871.3075
NODE -17478.7300 8873.0750
NODE -17480.9550 8874.8050
NODE -17483.1800 8876.5350
NODE -17484.4150 8877.7300
NODE -17485.6500 8878.9250
NODE -17486.7750 8880.6925
NODE -17487.9000 8882.4600
NODE -17489.9850 8887.3850
NODE -17490.7875 8889.8850
NODE -17491.5900 8892.3850
NODE -17491.7300 8895.3350
NODE -17491.8700 8898.2850
NODE -17491.5900 8901.0000
NODE -17491.3100 8903.7150
NODE -17490.7425 8906.1675
NODE -17490.1750 8908.6200
NODE -17489.0650 8910.6500
NODE -17487.9550 8912.6800
NODE -17478.5650 8925.9400
NODE -17469.1750 8939.2000
NODE -18111.0050 9119.0700
NODE -18111.9475 9119.6750
NODE -18112.8900 9120.2800
NODE -18114.1725 9121.4275
NODE -18115.4550 9122.5750
NODE -18115.9600 9123.6550
NODE -18116.4650 9124.7350
NODE -18116.6675 9125.9800
NODE -18116.8700 9127.2250
NODE -18116.7475 9128.4900
NODE -18116.6250 9129.7550
NODE -18116.2250 9131.3250
NODE -18115.8250 9132.8950
NODE -18115.7887 9132.9922
NODE -18111.1175 9145.5150
NODE -18106.4100 9158.1350
NODE -18116.2825 9131.8275
NODE -18116.8050 9130.5950
NODE -18117.3300 9129.6700
NODE -18117.8550 9128.7450
NODE -18118.4050 9128.1000
NODE -18118.9550 9127.4550
NODE -18119.7700 9126.9975
NODE -18120.5850 9126.5400
NODE -18121.8550 9126.2800
NODE -18123.1250 9126.0200
NODE -18124.3125 9126.0200
NODE -18125.5000 9126.0200
NODE -18127.1925 9126.2425
NODE -18128.8850 9126.4650
NODE -18130.1350 9126.7750
NODE -18131.3850 9127.0850
NODE -17369.3550 9197.2600
NODE -17364.3500 9198.9425
NODE -17363.4405 9199.2482
NODE -17363.0461 9199.3808
NODE -17359.3450 9200.6250
NODE -17355.0025 9201.1675
NODE -17350.6600 9201.7100
NODE -17346.0225 9201.7500
NODE -17341.3850 9201.7900
NODE -17337.7925 9201.0400
NODE -17334.2000 9200.2900
NODE -17330.7975 9198.4175
NODE -17327.3950 9196.5450
NODE -17324.8500 9194.4525
NODE -17322.3050 9192.3600
NODE -17320.6575 9189.4800
NODE -17319.0100 9186.6000
NODE -17317.9625 9183.1175
NODE -17316.9150 9179.6350
NODE -17316.5425 9176.7925
NODE -17316.1700 9173.9500
NODE -17316.2800 9170.3575
NODE -17316.3900 9166.7650
NODE -17317.0625 9163.8475
NODE -17317.7350 9160.9300
NODE -17318.4825 9159.2600
NODE -17319.2300 9157.5900
NODE -17329.9425 9142.1675
NODE -17340.6550 9126.7450
NODE -17399.2425 9187.3875
NODE -17398.5400 9187.8400
NODE -17397.9650 9188.3100
NODE -17397.3900 9188.7800
NODE -17396.9750 9189.3875
NODE -17396.5600 9189.9950
NODE -17396.2550 9190.6750
NODE -17395.9500 9191.3550
NODE -17395.9100 9192.2000
NODE -17395.8700 9193.0450
NODE -17396.0625 9193.9025
NODE -17396.2550 9194.7600
NODE -17397.6624 9199.8443
NODE -17397.8592 9200.5554
NODE -17405.0200 9226.4250
NODE -17413.7850 9258.0900
NODE -17396.1100 9194.1650
NODE -17395.8850 9193.6275
NODE -17395.6600 9193.0900
NODE -17395.1000 9192.4275
NODE -17394.5400 9191.7650
NODE -17393.9150 9191.3775
NODE -17393.2900 9190.9900
NODE -17392.5150 9190.8000
NODE -17391.7400 9190.6100
NODE -17391.0675 9190.5775
NODE -17390.3950 9190.5450
NODE -17389.4175 9190.6775
NODE -17484.9650 9164.1600
NODE -17484.7425 9163.6250
NODE -17484.5200 9163.0900
NODE -17483.9550 9162.4275
NODE -17483.3900 9161.7650
NODE -17482.7675 9161.3775
NODE -17482.1450 9160.9900
NODE -17481.3700 9160.8000
NODE -17480.5950 9160.6100
NODE -17479.9200 9160.5750
NODE -17479.2450 9160.5400
NODE -17478.2725 9160.6725
NODE -17477.3000 9160.8050
NODE -17488.8000 9156.9350
NODE -17488.1000 9157.3875
NODE -17487.4000 9157.8400
NODE -17486.8225 9158.3100
NODE -17486.2450 9158.7800
NODE -17485.8325 9159.3850
NODE -17485.4200 9159.9900
NODE -17485.1125 9160.6725
NODE -17484.8050 9161.3550
NODE -17484.7675 9162.2000
NODE -17484.7300 9163.0450
NODE -17484.9225 9163.9000
NODE -17485.1150 9164.7550
NODE -17487.0484 9171.2554
NODE -17487.1517 9171.6025
NODE -17494.6850 9196.9300
NODE -17504.2550 9229.1050
NODE -18268.2650 9091.0700
NODE -18266.0375 9086.0675
NODE -18263.8100 9081.0650
NODE -18264.2810 9080.8181
NODE -18268.8125 9078.4425
NODE -18273.8150 9075.8200
NODE -18285.4300 9097.1650
NODE -18283.2025 9092.1650
NODE -18281.0704 9087.3792
NODE -18280.9750 9087.1650
NODE -18285.9775 9084.5425
NODE -18290.9800 9081.9200
NODE -18302.5100 9104.3650
NODE -18300.2825 9099.3650
NODE -18298.0550 9094.3650
NODE -18298.4357 9094.1652
NODE -18303.0575 9091.7400
NODE -18308.0600 9089.1150
NODE -18317.8600 9106.9300
NODE -18316.4625 9103.7550
NODE -18315.1095 9100.6811
NODE -18315.0650 9100.5800
NODE -18318.3850 9098.8025
NODE -18321.7050 9097.0250
NODE -16864.1286 8525.3191
NODE -16866.3561 8530.3191
NODE -16868.5836 8535.3191
NODE -16868.4939 8535.3662
NODE -16863.5811 8537.9441
NODE -16858.5786 8540.5691
NODE -16846.0986 8518.5491
NODE -16848.3261 8523.5491
NODE -16850.4492 8528.3146
NODE -16850.5536 8528.5491
NODE -16845.5511 8531.1741
NODE -16840.5486 8533.7991
NODE -16828.9336 8512.4491
NODE -16831.1611 8517.4491
NODE -16832.9563 8521.4786
NODE -16833.3886 8522.4491
NODE -16828.3861 8525.0741
NODE -16823.3836 8527.6991
NODE -16811.8536 8505.2491
NODE -16814.0811 8510.2541
NODE -16816.1545 8514.9127
NODE -16816.3086 8515.2591
NODE -16811.3061 8517.8791
NODE -16806.3036 8520.4991
NODE -16796.5036 8502.6841
NODE -16797.8986 8505.8591
NODE -16798.9169 8508.1765
NODE -16799.2936 8509.0341
NODE -16795.9786 8510.8141
NODE -16792.6636 8512.5941
NODE -18171.8650 9142.9000
NODE -18172.7825 9143.2675
NODE -18173.7000 9143.6350
NODE -18174.8475 9143.9575
NODE -18175.9950 9144.2800
NODE -18177.8825 9144.3900
NODE -18179.7700 9144.5000
NODE -18180.9950 9144.1125
NODE -18182.2200 9143.7250
NODE -18200.5650 9135.6650
NODE -18215.6555 9129.0349
NODE -18216.2052 9128.7934
NODE -18218.9100 9127.6050
NODE -18219.9625 9126.9375
NODE -18221.0150 9126.2700
NODE -18221.9625 9125.2700
NODE -18222.9100 9124.2700
NODE -18228.1900 9109.7600
NODE -18232.9533 9096.6700
NODE -18233.4700 9095.2500
NODE -18234.0150 9091.8975
NODE -18234.5600 9088.5450
NODE -18234.1975 9085.1900
NODE -18233.8350 9081.8350
NODE -18232.5650 9078.2075
NODE -18231.2950 9074.5800
NODE -18229.3300 9071.8875
NODE -18227.3650 9069.1950
NODE -18224.8736 9067.2119
NODE -18224.4000 9066.8350
NODE -18221.4350 9064.4750
NODE -18203.9850 9057.6125
NODE -18186.5350 9050.7500
NODE -17439.2100 8864.2000
NODE -17442.0050 8856.9775
NODE -17444.8000 8849.7550
NODE -17438.8400 8864.0150
NODE -17441.6235 8856.8223
NODE -17444.4300 8849.5700
NODE -17481.3600 8790.7550
NODE -17484.1550 8783.5300
NODE -17486.6999 8776.9515
NODE -17486.9500 8776.3050
NODE -17481.7300 8790.9350
NODE -17484.5250 8783.7125
NODE -17487.0834 8777.1014
NODE -17487.3200 8776.4900
NODE -17486.4000 8777.7400
NODE -17489.1950 8770.5175
NODE -17490.0923 8768.1988
NODE -17491.9900 8763.2950
NODE -17486.7700 8777.9250
NODE -17489.5650 8770.7000
NODE -17490.4728 8768.3533
NODE -17492.3600 8763.4750
NODE -17641.5600 8836.4750
NODE -17641.2262 8837.3380
NODE -17638.7650 8843.7000
NODE -17637.5747 8846.7768
NODE -17635.9700 8850.9250
NODE -17641.1800 8836.2950
NODE -17640.8356 8837.1853
NODE -17638.3850 8843.5200
NODE -17637.1836 8846.6255
NODE -17635.5900 8850.7450
NODE -17646.2200 8823.2800
NODE -17643.9950 8829.0348
NODE -17643.4275 8830.5025
NODE -17640.6350 8837.7250
NODE -17646.6000 8823.4650
NODE -17644.3800 8829.2017
NODE -17643.8050 8830.6875
NODE -17641.0100 8837.9100
NODE -17609.3050 8741.3300
NODE -17609.9151 8741.7564
NODE -17615.6550 8745.7675
NODE -17616.8630 8746.6117
NODE -17622.0050 8750.2050
NODE -17609.0400 8741.6500
NODE -17609.6768 8742.0952
NODE -17615.3875 8746.0875
NODE -17616.6328 8746.9581
NODE -17621.7350 8750.5250
NODE -17597.6050 8733.6500
NODE -17601.1812 8736.1501
NODE -17603.9525 8738.0875
NODE -17610.3000 8742.5250
NODE -17597.8700 8733.3300
NODE -17601.4184 8735.8107
NODE -17604.2175 8737.7675
NODE -17610.5650 8742.2050
NODE -17527.7900 8859.7950
NODE -17527.1113 8859.5074
NODE -17520.6575 8856.7725
NODE -17513.5250 8853.7500
NODE -17527.9850 8859.4250
NODE -17527.3564 8859.1588
NODE -17520.8525 8856.4050
NODE -17513.7200 8853.3850
NODE -17540.8350 8864.8700
NODE -17533.7025 8861.8500
NODE -17526.5700 8858.8300
NODE -17540.6400 8865.2400
NODE -17533.5075 8862.2200
NODE -17526.3750 8859.2000
NODE -17580.5700 8902.7950
NODE -17577.7750 8910.0200
NODE -17574.9800 8917.2450
NODE -17580.2000 8902.6150
NODE -17577.4050 8909.8400
NODE -17574.6100 8917.0650
NODE -17893.6850 9003.3700
NODE -17886.4600 9000.5750
NODE -17879.2350 8997.7800
NODE -17893.7750 9002.9600
NODE -17886.5500 9000.1650
NODE -17879.3250 8997.3700
NODE -17890.9650 9002.3000
NODE -17883.7400 8999.5075
NODE -17876.5150 8996.7150
NODE -17891.1450 9001.9300
NODE -17883.9200 8999.1350
NODE -17876.6950 8996.3400
NODE -18222.3750 9131.6200
NODE -18215.1525 9128.8250
NODE -18214.4344 9128.5471
NODE -18207.9300 9126.0300
NODE -18222.5600 9131.2500
NODE -18215.3375 9128.4550
NODE -18214.5830 9128.1630
NODE -18208.1150 9125.6600
NODE -18227.1050 9133.0100
NODE -18219.8800 9130.2150
NODE -18212.6550 9127.4200
NODE -18226.9650 9133.4100
NODE -18219.7400 9130.6150
NODE -18212.5150 9127.8200
NODE -17120.6450 8702.9200
NODE -17113.4200 8700.1250
NODE -17110.4830 8698.9888
NODE -17106.1950 8697.3300
NODE -17120.7750 8703.4200
NODE -17113.5550 8700.6250
NODE -17110.3238 8699.3741
NODE -17106.3350 8697.8300
NODE -17112.9050 8699.9300
NODE -17105.6850 8697.1350
NODE -17098.4650 8694.3400
NODE -17112.7250 8700.3000
NODE -17105.5000 8697.5050
NODE -17098.2750 8694.7100
NODE -17759.3600 8597.8650
NODE -17755.6244 8603.0536
NODE -17754.8350 8604.1500
NODE -17750.3100 8610.4350
NODE -17759.0400 8597.5900
NODE -17755.3634 8602.6986
NODE -17754.5150 8603.8775
NODE -17749.9900 8610.1650
NODE -17944.0150 8953.4400
NODE -17939.2725 8951.5850
NODE -17934.5300 8949.7300
NODE -17932.1450 8948.5600
NODE -17929.7600 8947.3900
NODE -17928.0200 8946.0850
NODE -17926.2800 8944.7800
NODE -17925.0625 8943.1525
NODE -17923.8450 8941.5250
NODE -17922.8400 8939.7375
NODE -17921.8350 8937.9500
NODE -17911.0843 8916.2637
NODE -17839.0225 8770.9000
NODE -17756.2100 8603.8500
NODE -17754.9325 8602.1125
NODE -17753.6550 8600.3750
NODE -17751.8375 8598.7775
NODE -17750.0200 8597.1800
NODE -17747.2850 8595.5450
NODE -17744.5500 8593.9100
NODE -17741.9150 8593.2100
NODE -17739.5699 8592.5870
NODE -17739.2800 8592.5100
NODE -17736.7825 8592.2500
NODE -17734.2850 8591.9900
NODE -17731.3525 8592.1500
NODE -17728.4200 8592.3100
NODE -17725.4050 8593.0300
NODE -17722.3900 8593.7500
NODE -17719.3550 8595.1450
NODE -17716.3200 8596.5400
NODE -17713.2050 8598.9975
NODE -17710.0900 8601.4550
NODE -17701.3625 8613.8350
NODE -17692.6350 8626.2150
NODE -17827.5650 8908.3100
NODE -17855.6375 8919.2450
NODE -17883.7100 8930.1800
NODE -17885.6200 8930.8225
NODE -17887.5300 8931.4650
NODE -17889.3825 8931.7675
NODE -17891.2350 8932.0700
NODE -17893.5950 8932.2200
NODE -17895.9550 8932.3700
NODE -17897.7500 8932.3300
NODE -17899.5450 8932.2900
NODE -17901.7175 8932.0100
NODE -17903.8900 8931.7300
NODE -17905.8725 8930.9250
NODE -17907.8550 8930.1200
NODE -17909.2600 8928.6425
NODE -17910.6650 8927.1650
NODE -17911.3750 8925.5925
NODE -17912.0850 8924.0200
NODE -17912.1975 8922.8575
NODE -17912.3100 8921.6950
NODE -17912.1025 8920.4425
NODE -17911.8950 8919.1900
NODE -17911.4850 8917.7100
NODE -17361.1900 9191.9150
NODE -17365.0809 9204.5936
NODE -17365.7350 9206.7250
NODE -17360.7850 9192.0050
NODE -17364.6795 9204.7094
NODE -17365.3250 9206.8150
NODE -17575.8240 8548.0078
NODE -17608.7400 8466.6000
NODE -17641.6560 8385.1922
NODE -17384.7050 8526.8244
NODE -17396.0992 8497.0671
NODE -17419.0800 8437.0500
NODE -17453.4550 8347.2756
NODE -17483.1242 8574.3104
NODE -17467.7414 8568.1009
NODE -17385.6900 8534.9800
NODE -17382.0122 8533.4954
NODE -17288.2558 8495.6496
NODE -17473.9184 8314.7347
NODE -17518.7700 8332.6400
NODE -17563.6216 8350.5453
NODE -17583.8563 8584.4439
NODE -17563.3458 8590.6941
NODE -17531.3964 8600.4300
NODE -17508.1300 8607.5200
NODE -17494.5090 8611.6707
NODE -17432.4037 8630.5961
NODE -17459.5877 8588.3005
NODE -17447.1932 8606.9729
NODE -17438.3800 8620.2500
NODE -17431.7850 8630.1854
NODE -17418.2683 8650.5484
NODE -17417.1723 8652.1995
NODE -17559.1810 8577.0268
NODE -17515.8553 8588.6123
NODE -17502.8500 8592.0900
NODE -17488.8777 8595.8263
NODE -17446.5190 8607.1532
NODE -17463.8754 8563.6221
NODE -17470.0297 8566.5809
NODE -17483.6842 8573.1455
NODE -17496.8600 8579.4800
NODE -17529.8446 8595.3379
NODE -17605.6529 8580.9208
NODE -17588.1480 8573.8376
NODE -17568.5768 8565.9184
NODE -17564.3654 8564.2143
NODE -17522.4900 8547.2700
NODE -17498.0649 8537.3867
NODE -17477.8079 8529.1900
NODE -17439.3271 8513.6192
NODE -17624.4867 8588.5654
NODE -17614.9300 8584.0100
NODE -17606.1706 8579.8346
NODE -17605.3733 8579.4546
NODE -18321.1448 9103.0396
NODE -18298.1732 9094.0627
NODE -18280.9150 9087.3185
NODE -18263.9561 9080.6912
NODE -18246.0196 9073.6819
NODE -18243.1216 9072.5494
NODE -18242.4445 9072.2847
NODE -18242.1557 9072.1719
NODE -18241.1170 9071.7660
NODE -18238.2132 9070.6313
NODE -18233.5502 9068.8090
NODE -18228.3153 9066.7633
NODE -18223.3058 9064.8057
NODE -18221.5707 9064.1276
NODE -18186.6414 9050.4778
NODE -17943.2613 8955.3686
NODE -17940.3099 8954.2153
NODE -17936.4697 8952.7145
NODE -17933.7752 8951.6616
NODE -17929.3668 8949.9389
NODE -17928.8438 8949.7345
NODE -17924.9400 8948.2089
NODE -17923.6904 8947.7206
NODE -17921.7241 8946.9522
NODE -17918.7684 8945.7972
NODE -17917.8389 8945.4339
NODE -17913.3873 8943.6943
NODE -17911.1726 8942.8288
NODE -17909.0211 8941.9881
NODE -17908.0787 8941.6198
NODE -17907.9048 8941.5518
NODE -17906.9888 8941.1939
NODE -17905.5877 8940.6463
NODE -17905.4220 8940.5816
NODE -17904.9947 8940.4146
NODE -17904.8604 8940.3621
NODE -17903.9861 8940.0205
NODE -17902.6698 8939.5061
NODE -17901.0922 8938.8896
NODE -17898.2434 8937.7763
NODE -17897.5126 8937.4907
NODE -17894.4254 8936.2843
NODE -17892.4114 8935.4973
NODE -17890.2290 8934.6444
NODE -17886.8097 8933.3082
NODE -17883.0602 8931.8429
NODE -17879.6402 8930.5065
NODE -17875.8054 8929.0079
NODE -17826.9391 8909.9117
NODE -17825.0912 8909.1896
NODE -17589.0184 8816.9360
NODE -17587.0840 8816.1801
NODE -17563.9397 8807.1356
NODE -17557.1493 8804.4820
NODE -17551.6598 8802.3368
NODE -17541.4513 8798.3475
NODE -17302.2043 8704.8535
NODE -17282.6420 8697.2088
NODE -17148.7151 8644.8723
NODE -17145.3044 8643.5394
NODE -17138.7378 8640.9733
NODE -17135.0059 8639.5149
NODE -17131.5844 8638.1778
NODE -17129.5960 8637.4008
NODE -17128.1823 8636.8484
NODE -17127.9296 8636.7496
NODE -16850.6193 8528.3810
NODE -16833.6603 8521.7538
NODE -16816.4056 8515.0109
NODE -16799.5344 8508.4179
NODE -16793.1539 8505.9244
NODE -17718.0022 8560.4849
NODE -17717.7183 8560.5702
NODE -17712.8589 8562.0303
NODE -17706.5227 8563.9342
NODE -17699.4540 8566.0582
NODE -17609.3246 8593.1401
NODE -17591.0365 8598.6353
NODE -17567.7741 8605.6251
NODE -17535.8207 8615.2264
NODE -17501.6300 8625.5000
NODE -17498.7643 8626.3611
NODE -17436.7319 8645.0005
NODE -17304.6998 8684.6732
NODE -17285.2578 8690.5151
NODE -17689.4048 8585.2939
NODE -17696.0162 8580.7910
NODE -17702.5589 8576.3350
NODE -17704.2400 8575.1900
NODE -17708.0035 8572.6268
NODE -17712.7927 8569.3650
NODE -17716.9481 8566.5348
NODE -17719.0752 8565.0861
NODE -17742.4238 8581.8440
NODE -17744.8600 8578.7100
NODE -17747.2962 8575.5760
NODE -17346.7570 8692.6286
NODE -17326.9000 8692.5500
NODE -17307.0430 8692.4714
NODE -17592.1272 8808.9807
NODE -17589.3700 8799.4400
NODE -17586.6128 8789.8993
NODE -17583.3281 8825.7914
NODE -17570.3300 8829.0300
NODE -17557.3319 8832.2686
NODE -17568.2214 8783.2965
NODE -17556.5800 8786.3600
NODE -17545.9845 8789.1483
NODE -17544.9386 8789.4235
NODE -18227.5336 9094.6978
NODE -18227.3096 9094.0692
NODE -18226.3798 9091.4594
NODE -18224.1768 9085.2760
NODE -18223.7400 9084.0500
NODE -18223.1385 9082.3616
NODE -18219.9464 9073.4022
NODE -18144.4284 9231.0429
NODE -18086.2311 9207.0199
NODE -18082.6700 9205.5500
NODE -18056.8816 9194.9049
NODE -18020.9116 9180.0571
NODE -18042.1286 9230.6451
NODE -18049.0000 9252.6500
NODE -18055.8714 9274.6549
NODE -18168.0985 9243.4266
NODE -18150.5567 9249.3112
NODE -18117.7400 9260.3200
NODE -18067.3815 9277.2134
NODE -17930.4026 9304.8221
NODE -17905.9100 9312.7900
NODE -17881.4174 9320.7579
NODE -17895.9812 9207.7140
NODE -17891.7700 9204.3300
NODE -17887.5588 9200.9460
NODE -17897.6044 9173.7263
NODE -17894.0700 9180.7200
NODE -17890.5356 9187.7137
NODE -17854.3044 9203.1344
NODE -17820.3900 9211.7700
NODE -17786.4756 9220.4056
NODE -17774.2861 9225.0893
NODE -17775.6002 9229.0760
NODE -17780.1600 9242.9100
NODE -17786.0339 9260.7307
NODE -17751.5414 9112.5726
NODE -17677.9100 9135.9300
NODE -17604.2786 9159.2874
NODE -17125.2580 8733.1332
NODE -17469.2124 8867.6087
NODE -17472.6453 8868.9509
NODE -17479.3218 8871.5612
NODE -17484.3552 8873.5291
NODE -17487.3082 8874.6837
NODE -17489.0551 8875.3666
NODE -17494.8976 8877.6509
NODE -17497.0253 8878.4828
NODE -17499.2691 8879.3600
NODE -17499.9807 8879.6382
NODE -17500.6248 8879.8900
NODE -17500.7550 8879.9409
NODE -17501.3037 8880.1555
NODE -17502.9185 8880.7868
NODE -17503.6983 8881.0917
NODE -17506.0886 8882.0262
NODE -17507.3167 8882.5064
NODE -17508.3558 8882.9126
NODE -17509.3496 8883.3011
NODE -17510.1572 8883.6169
NODE -17510.9669 8883.9335
NODE -17511.5798 8884.1731
NODE -17512.9941 8884.7260
NODE -17515.3156 8885.6337
NODE -17515.4396 8885.6821
NODE -17515.9442 8885.8794
NODE -17517.3733 8886.4382
NODE -17520.3426 8887.5991
NODE -17520.7576 8887.7613
NODE -17521.8062 8888.1713
NODE -17524.9712 8889.4087
NODE -17525.9297 8889.7835
NODE -17531.6930 8892.0367
NODE -17533.4328 8892.7169
NODE -17536.5599 8893.9395
NODE -17538.1852 8894.5750
NODE -17611.8100 8923.3600
NODE -17808.6452 9000.3165
NODE -17813.6249 9002.2634
NODE -17818.8160 9004.2930
NODE -17823.7488 9006.2215
NODE -17827.2739 9007.5997
NODE -17828.5416 9008.0954
NODE -17829.3487 9008.4109
NODE -17830.9677 9009.0439
NODE -17832.7917 9009.7570
NODE -17833.2034 9009.9180
NODE -17834.0553 9010.2510
NODE -17836.5652 9011.2323
NODE -17838.4062 9011.9521
NODE -17841.2224 9013.0531
NODE -17843.2738 9013.8552
NODE -17843.6697 9014.0100
NODE -17843.8006 9014.0611
NODE -17844.0080 9014.1422
NODE -17844.2107 9014.2215
NODE -17844.6410 9014.3897
NODE -17844.8008 9014.4522
NODE -17845.1285 9014.5803
NODE -17862.6065 9021.4137
NODE -17864.4989 9022.1536
NODE -17866.2948 9022.8557
NODE -17867.1031 9023.1717
NODE -17868.4435 9023.6958
NODE -17868.9544 9023.8955
NODE -17869.4693 9024.0968
NODE -17870.7950 9024.6151
NODE -17870.9740 9024.6851
NODE -17871.4839 9024.8845
NODE -17872.1156 9025.1314
NODE -17872.8545 9025.4203
NODE -17873.2600 9025.5789
NODE -17874.0645 9025.8934
NODE -17874.5154 9026.0697
NODE -17874.7821 9026.1740
NODE -17875.0758 9026.2888
NODE -17875.4677 9026.4420
NODE -17875.7501 9026.5524
NODE -17876.3126 9026.7723
NODE -17877.9603 9027.4165
NODE -17878.0655 9027.4577
NODE -17879.8941 9028.1726
NODE -17880.0633 9028.2387
NODE -17880.6461 9028.4666
NODE -17880.8156 9028.5329
NODE -17881.1360 9028.6581
NODE -17881.2628 9028.7077
NODE -17882.0130 9029.0010
NODE -17882.4221 9029.1610
NODE -17883.0870 9029.4209
NODE -17884.3773 9029.9254
NODE -17885.0107 9030.1730
NODE -17885.2118 9030.2517
NODE -17886.9007 9030.9119
NODE -17887.8415 9031.2798
NODE -17891.1801 9032.5850
NODE -17894.2832 9033.7983
NODE -18098.3620 9113.5868
NODE -17164.5064 9375.1486
NODE -17275.8401 9216.8268
NODE -17302.4420 9178.9977
NODE -17302.7270 9178.5925
NODE -17302.9315 9178.3016
NODE -17304.3470 9176.2888
NODE -17304.6031 9175.9245
NODE -17306.9310 9172.6141
NODE -17307.7097 9171.5068
NODE -17309.3595 9169.1608
NODE -17310.1600 9168.0223
NODE -17310.3380 9167.7692
NODE -17311.0939 9166.6943
NODE -17312.8130 9164.2496
NODE -17316.0036 9159.7125
NODE -17318.0698 9156.7742
NODE -17339.6725 9126.0541
NODE -17449.0674 8970.4895
NODE -17479.7224 8926.8966
NODE -17488.9112 8913.8296
NODE -17489.1358 8913.5103
NODE -17491.7807 8909.7491
NODE -17494.4642 8905.9331
NODE -17495.8825 8903.9161
NODE -17497.2045 8902.0363
NODE -17499.8880 8898.2202
NODE -17503.2534 8893.4343
NODE -17504.2559 8892.0089
NODE -17504.5631 8891.5719
NODE -17504.7188 8891.3506
NODE -17506.5763 8888.7091
NODE -17507.3098 8887.6660
NODE -17508.9776 8885.2943
NODE -17509.2018 8884.9754
NODE -17510.9166 8882.5370
NODE -17511.2168 8882.1101
NODE -17512.7936 8879.8677
NODE -17512.9023 8879.7132
NODE -17514.9179 8876.8469
NODE -17515.2757 8876.3381
NODE -17516.3083 8874.8697
NODE -17516.6831 8874.3368
NODE -17519.2045 8870.7511
NODE -17521.0808 8868.0830
NODE -17521.7687 8867.1048
NODE -17523.7559 8864.2788
NODE -17526.7078 8860.0812
NODE -17534.8281 8848.5337
NODE -17549.9275 8827.0617
NODE -17576.5735 8789.1698
NODE -17579.5520 8784.9341
NODE -17691.6515 8625.5234
NODE -17709.0774 8600.7429
NODE -17713.4515 8594.5228
NODE -17716.7727 8589.7998
NODE -17718.1601 8587.8268
NODE -17719.4455 8585.9990
NODE -17721.5367 8583.0252
NODE -17722.9448 8581.0229
NODE -17723.2108 8580.6446
NODE -17724.0005 8579.5216
NODE -17724.3011 8579.0941
NODE -17729.0036 8572.4068
NODE -17729.1632 8572.1800
NODE -17733.6284 8565.8303
NODE -17288.6457 9227.2434
NODE -17287.0228 9225.9233
NODE -17282.3525 9222.1242
NODE -17279.1212 9219.4957
NODE -17276.6800 9217.5100
NODE -17264.7143 9207.7766
NODE -17491.4147 9169.9567
NODE -17492.2987 9167.9993
NODE -17492.4965 9167.5613
NODE -17492.8225 9166.8395
NODE -17492.8749 9166.7234
NODE -17493.0878 9166.2519
NODE -17493.2079 9165.9861
NODE -17493.5216 9165.2915
NODE -17493.7300 9164.8300
NODE -17494.7314 9162.6126
NODE -17495.2797 9161.3986
NODE -17495.8563 9160.1217
NODE -17496.0453 9159.7033
NODE -17482.5520 9172.9706
NODE -17481.4960 9172.4756
NODE -17481.1443 9172.3108
NODE -17480.7118 9172.1081
NODE -17480.5232 9172.0196
NODE -17480.3683 9171.9470
NODE -17480.1262 9171.8335
NODE -17479.9352 9171.7440
NODE -17478.9326 9171.2740
NODE -17477.2600 9170.4900
NODE -17476.1973 9169.9918
NODE -17475.0636 9169.4604
NODE -17473.5708 9168.7607
NODE -17471.9680 9168.0094
NODE -17402.8962 9198.3956
NODE -17403.1053 9197.9462
NODE -17403.3070 9197.5124
NODE -17403.6380 9196.8007
NODE -17403.6926 9196.6834
NODE -17403.8892 9196.2608
NODE -17403.9455 9196.1397
NODE -17404.0195 9195.9805
NODE -17404.3531 9195.2634
NODE -17404.5500 9194.8400
NODE -17405.5938 9192.5957
NODE -17406.1578 9191.3832
NODE -17406.2038 9191.2844
NODE -17386.5398 9198.0082
NODE -17387.3385 9198.4562
NODE -17389.9300 9199.9100
NODE -17390.7423 9200.3657
NODE -17390.8552 9200.4290
NODE -17391.3288 9200.6947
NODE -17391.5189 9200.8013
NODE -17392.1793 9201.1718
NODE -17392.5435 9201.3761
NODE -17393.3202 9201.8118
NODE -17337.7186 9393.8607
NODE -17475.3100 9349.5500
NODE -17612.9014 9305.2393
NODE -17300.6511 9339.1249
NODE -17312.3100 9375.3500
NODE -17323.9689 9411.5751
NODE -17300.4583 9294.4170
NODE -17318.6600 9350.9200
NODE -17332.9841 9395.3858
NODE -17336.8617 9407.4230
NODE -17879.2747 9118.6752
NODE -17874.3084 9119.8518
NODE -17869.4403 9121.0051
NODE -17852.3862 9125.0455
NODE -17838.8600 9128.2500
NODE -17805.8578 9136.0687
NODE -17799.2610 9137.6316
NODE -17798.4453 9137.8248
NODE -17793.5427 9122.4749
NODE -17793.6752 9123.1112
NODE -17794.4247 9126.7088
NODE -17796.8115 9138.1652
NODE -17796.9000 9138.5900
NODE -17800.2573 9154.7051
NODE -17792.3617 9125.4230
NODE -17794.4600 9121.7300
NODE -17796.5583 9118.0370
NODE -17787.3242 9150.1463
NODE -17788.9047 9157.2359
NODE -17790.2900 9163.4500
NODE -17790.8918 9166.1497
NODE -17793.2558 9176.7537
NODE -17768.5223 9191.4779
NODE -17795.2812 9184.1578
NODE -17807.4069 9180.8408
NODE -17807.5136 9180.8116
NODE -17809.5151 9180.2640
NODE -17823.7500 9176.3700
NODE -17877.5456 9161.6539
NODE -17878.9777 9161.2621
NODE -17879.9633 9143.7204
NODE -17874.8334 9145.0302
NODE -17840.2500 9153.8600
NODE -17812.6752 9160.9004
NODE -17804.1487 9163.0773
NODE -17802.5022 9163.4977
NODE -17802.1085 9163.5982
NODE -17800.5367 9163.9996
NODE -17880.8830 9147.7096
NODE -17878.3100 9158.4600
NODE -17875.7370 9169.2104
NODE -17813.6790 9092.2180
NODE -17805.7839 9106.6369
NODE -17804.2600 9109.4200
NODE -17802.9107 9111.8842
NODE -17799.4669 9118.1737
NODE -17798.8536 9119.2938
NODE -17794.8410 9126.6220
NODE -17799.7134 9110.1336
NODE -17790.3200 9105.2400
NODE -17787.9055 9103.9821
NODE -17786.9489 9103.4838
NODE -17781.4458 9100.6169
NODE -17780.9266 9100.3464
NODE -17789.8510 9097.9129
NODE -17788.8100 9093.6000
NODE -17787.7690 9089.2871
NODE -17784.7191 9110.0985
NODE -17779.9600 9111.0900
NODE -17775.2009 9112.0815
NODE -17125.0278 8661.3908
NODE -17127.9960 8660.2416
NODE -17131.8295 8658.7573
NODE -17135.1800 8657.4600
NODE -17141.5611 8654.9893
NODE -17145.3322 8653.5292
NODE -17176.0109 9358.7887
NODE -17291.8618 8497.1052
NODE -17427.3888 8415.3505
NODE -17312.5896 8505.4723
NODE -17700.9994 9128.6056
NODE -18089.6676 9269.7372
EDGE 0 1
EDGE 1 2
EDGE 2 3
EDGE 3 4
EDGE 4 5
EDGE 6 7
EDGE 7 8
EDGE 8 9
EDGE 9 10
EDGE 10 11
EDGE 11 12
EDGE 12 13
EDGE 13 14
EDGE 14 15
EDGE 15 16
EDGE 16 17
EDGE 17 18
EDGE 18 19
EDGE 19 20
EDGE 20 21
EDGE 21 22
EDGE 22 23
EDGE 23 24
EDGE 24 25
EDGE 25 26
EDGE 26 27
EDGE 27 28
EDGE 28 29
EDGE 29 30
EDGE 30 31
EDGE 31 32
EDGE 32 33
EDGE 33 34
EDGE 34 35
EDGE 35 36
EDGE 36 37
EDGE 37 38
EDGE 38 39
EDGE 40 41
EDGE 41 42
EDGE 42 43
EDGE 43 44
EDGE 44 45
EDGE 45 46
EDGE 46 47
EDGE 47 48
EDGE 48 49
EDGE 49 50
EDGE 50 51
EDGE 51 52
EDGE 52 53
EDGE 53 54
EDGE 54 55
EDGE 55 56
EDGE 56 57
EDGE 57 58
EDGE 58 59
EDGE 59 60
EDGE 60 61
EDGE 61 62
EDGE 62 63
EDGE 63 64
EDGE 64 65
EDGE 65 66
EDGE 66 67
EDGE 67 68
EDGE 68 69
EDGE 69 70
EDGE 70 71
EDGE 71 72
EDGE 72 73
EDGE 73 74
EDGE 74 75
EDGE 75 76
EDGE 76 77
EDGE 77 78
EDGE 78 79
EDGE 80 81
EDGE 81 82
EDGE 82 83
EDGE 83 84
EDGE 84 85
EDGE 85 86
EDGE 86 87
EDGE 87 88
EDGE 88 89
EDGE 89 90
EDGE 90 91
EDGE 91 92
EDGE 92 93
EDGE 93 94
EDGE 94 95
EDGE 95 96
EDGE 58 96
EDGE 59 97
EDGE 97 98
EDGE 98 99
EDGE 99 100
EDGE 100 101
EDGE 101 102
EDGE 102 103
EDGE 103 104
EDGE 104 105
EDGE 105 106
EDGE 106 107
EDGE 107 108
EDGE 108 109
EDGE 109 110
EDGE 110 111
EDGE 111 112
EDGE 112 113
EDGE 113 114
EDGE 114 115
EDGE 115 116
EDGE 117 118
EDGE 118 119
EDGE 119 120
EDGE 120 121
EDGE 121 122
EDGE 122 123
EDGE 123 124
EDGE 124 125
EDGE 125 126
EDGE 126 127
EDGE 127 128
EDGE 128 129
EDGE 129 130
EDGE 130 131
EDGE 131 132
EDGE 132 133
EDGE 133 134
EDGE 134 135
EDGE 135 136
EDGE 136 137
EDGE 137 138
EDGE 138 139
EDGE 139 140
EDGE 140 141
EDGE 141 142
EDGE 142 143
EDGE 144 145
EDGE 145 146
EDGE 146 147
EDGE 147 148
EDGE 148 149
EDGE 149 150
EDGE 150 151
EDGE 151 152
EDGE 152 153
EDGE 153 154
EDGE 154 155
EDGE 155 156
EDGE 156 157
EDGE 157 158
EDGE 158 159
EDGE 159 160
EDGE 160 161
EDGE 161 162
EDGE 162 163
EDGE 163 164
EDGE 164 165
EDGE 165 166
EDGE 166 167
EDGE 167 168
EDGE 141 168
EDGE 169 170
EDGE 170 171
EDGE 134 171
EDGE 134 172
EDGE 172 173
EDGE 173 174
EDGE 174 175
EDGE 175 176
EDGE 176 177
EDGE 160 177
EDGE 178 179
EDGE 179 180
EDGE 180 181
EDGE 181 182
EDGE 182 183
EDGE 183 184
EDGE 184 185
EDGE 185 186
EDGE 186 187
EDGE 187 188
EDGE 188 189
EDGE 189 190
EDGE 190 191
EDGE 191 192
EDGE 192 193
EDGE 129 193
EDGE 129 194
EDGE 194 195
EDGE 195 196
EDGE 196 197
EDGE 197 198
EDGE 198 199
EDGE 199 200
EDGE 200 201
EDGE 201 202
EDGE 202 203
EDGE 203 204
EDGE 204 205
EDGE 205 206
EDGE 206 207
EDGE 207 208
EDGE 208 209
EDGE 209 210
EDGE 210 211
EDGE 212 213
EDGE 213 214
EDGE 214 215
EDGE 215 216
EDGE 216 217
EDGE 217 218
EDGE 218 219
EDGE 219 220
EDGE 220 221
EDGE 221 222
EDGE 222 223
EDGE 223 224
EDGE 224 225
EDGE 225 226
EDGE 226 227
EDGE 227 228
EDGE 228 229
EDGE 229 230
EDGE 230 231
EDGE 231 232
EDGE 232 233
EDGE 233 234
EDGE 234 235
EDGE 235 236
EDGE 236 237
EDGE 237 238
EDGE 239 240
EDGE 240 241
EDGE 241 242
EDGE 242 243
EDGE 243 244
EDGE 244 245
EDGE 245 246
EDGE 246 247
EDGE 247 248
EDGE 248 249
EDGE 249 250
EDGE 158 250
EDGE 158 251
EDGE 159 252
EDGE 252 253
EDGE 253 254
EDGE 254 255
EDGE 255 256
EDGE 256 257
EDGE 257 258
EDGE 258 259
EDGE 259 260
EDGE 260 261
EDGE 261 262
EDGE 262 263
EDGE 263 264
EDGE 264 265
EDGE 266 267
EDGE 267 268
EDGE 268 269
EDGE 269 270
EDGE 270 271
EDGE 271 272
EDGE 272 273
EDGE 273 274
EDGE 274 275
EDGE 276 277
EDGE 277 278
EDGE 278 279
EDGE 279 280
EDGE 280 281
EDGE 281 282
EDGE 283 284
EDGE 284 285
EDGE 285 286
EDGE 286 287
EDGE 287 288
EDGE 288 289
EDGE 289 290
EDGE 290 291
EDGE 291 292
EDGE 292 293
EDGE 293 294
EDGE 294 295
EDGE 295 296
EDGE 296 297
EDGE 297 298
EDGE 298 299
EDGE 299 300
EDGE 300 301
EDGE 301 302
EDGE 302 303
EDGE 303 304
EDGE 304 305
EDGE 305 306
EDGE 307 308
EDGE 308 309
EDGE 309 310
EDGE 310 311
EDGE 311 312
EDGE 312 313
EDGE 313 314
EDGE 314 315
EDGE 315 316
EDGE 316 317
EDGE 317 318
EDGE 318 319
EDGE 319 320
EDGE 320 321
EDGE 321 322
EDGE 322 323
EDGE 323 324
EDGE 324 325
EDGE 326 327
EDGE 327 328
EDGE 328 329
EDGE 329 330
EDGE 330 331
EDGE 331 332
EDGE 332 333
EDGE 333 334
EDGE 334 335
EDGE 335 336
EDGE 337 338
EDGE 338 339
EDGE 339 340
EDGE 340 341
EDGE 341 342
EDGE 342 343
EDGE 343 344
EDGE 344 345
EDGE 345 346
EDGE 346 347
EDGE 347 348
EDGE 348 349
EDGE 350 351
EDGE 351 352
EDGE 352 353
EDGE 353 354
EDGE 354 355
EDGE 355 356
EDGE 356 357
EDGE 357 358
EDGE 358 359
EDGE 359 360
EDGE 360 361
EDGE 361 362
EDGE 362 363
EDGE 363 364
EDGE 364 365
EDGE 363 366
EDGE 366 367
EDGE 367 368
EDGE 368 369
EDGE 369 370
EDGE 370 371
EDGE 371 372
EDGE 372 373
EDGE 373 374
EDGE 374 375
EDGE 375 376
EDGE 376 377
EDGE 377 378
EDGE 378 379
EDGE 379 380
EDGE 380 381
EDGE 382 383
EDGE 383 384
EDGE 384 385
EDGE 385 386
EDGE 386 387
EDGE 387 388
EDGE 388 389
EDGE 389 390
EDGE 390 391
EDGE 391 392
EDGE 392 393
EDGE 393 394
EDGE 394 395
EDGE 395 396
EDGE 396 397
EDGE 397 398
EDGE 398 399
EDGE 399 400
EDGE 400 401
EDGE 401 402
EDGE 402 403
EDGE 403 404
EDGE 404 405
EDGE 405 406
EDGE 406 407
EDGE 407 408
EDGE 408 409
EDGE 409 410
EDGE 147 411
EDGE 411 412
EDGE 412 413
EDGE 413 414
EDGE 414 415
EDGE 415 416
EDGE 416 417
EDGE 417 418
EDGE 418 419
EDGE 419 420
EDGE 420 421
EDGE 421 422
EDGE 422 423
EDGE 423 424
EDGE 424 425
EDGE 425 426
EDGE 427 428
EDGE 428 429
EDGE 429 430
EDGE 430 431
EDGE 431 432
EDGE 432 433
EDGE 433 434
EDGE 434 435
EDGE 435 436
EDGE 436 437
EDGE 437 438
EDGE 146 438
EDGE 439 440
EDGE 440 441
EDGE 441 442
EDGE 442 443
EDGE 443 444
EDGE 444 445
EDGE 445 446
EDGE 446 447
EDGE 447 448
EDGE 448 449
EDGE 449 450
EDGE 150 450
EDGE 150 451
EDGE 151 452
EDGE 151 453
EDGE 453 454
EDGE 454 455
EDGE 455 456
EDGE 456 457
EDGE 457 458
EDGE 458 459
EDGE 459 460
EDGE 460 461
EDGE 461 462
EDGE 462 463
EDGE 463 464
EDGE 464 465
EDGE 465 466
EDGE 466 467
EDGE 467 468
EDGE 469 470
EDGE 470 471
EDGE 471 472
EDGE 472 473
EDGE 473 474
EDGE 475 476
EDGE 476 477
EDGE 477 478
EDGE 478 479
EDGE 479 480
EDGE 481 482
EDGE 482 483
EDGE 483 484
EDGE 484 485
EDGE 485 486
EDGE 487 488
EDGE 488 489
EDGE 489 490
EDGE 490 491
EDGE 491 492
EDGE 493 494
EDGE 494 495
EDGE 495 496
EDGE 496 497
EDGE 497 498
EDGE 499 500
EDGE 500 501
EDGE 501 502
EDGE 502 503
EDGE 503 504
EDGE 505 506
EDGE 506 507
EDGE 507 508
EDGE 508 509
EDGE 509 510
EDGE 511 512
EDGE 512 513
EDGE 513 514
EDGE 514 515
EDGE 515 516
EDGE 517 518
EDGE 518 519
EDGE 519 520
EDGE 520 521
EDGE 521 522
EDGE 523 524
EDGE 524 525
EDGE 525 526
EDGE 526 527
EDGE 527 528
EDGE 528 529
EDGE 529 530
EDGE 530 531
EDGE 531 532
EDGE 532 533
EDGE 533 534
EDGE 534 535
EDGE 535 536
EDGE 536 537
EDGE 537 538
EDGE 538 539
EDGE 539 540
EDGE 540 541
EDGE 541 542
EDGE 542 543
EDGE 543 544
EDGE 544 545
EDGE 545 546
EDGE 546 547
EDGE 547 548
EDGE 548 549
EDGE 549 550
EDGE 550 551
EDGE 551 552
EDGE 552 553
EDGE 553 554
EDGE 554 555
EDGE 556 557
EDGE 557 558
EDGE 559 560
EDGE 560 561
EDGE 562 563
EDGE 563 564
EDGE 564 565
EDGE 566 567
EDGE 567 568
EDGE 568 569
EDGE 564 570
EDGE 564 571
EDGE 571 572
EDGE 572 573
EDGE 568 574
EDGE 568 575
EDGE 575 576
EDGE 576 577
EDGE 578 579
EDGE 579 580
EDGE 580 581
EDGE 581 582
EDGE 583 584
EDGE 584 585
EDGE 585 586
EDGE 586 587
EDGE 588 589
EDGE 589 590
EDGE 584 590
EDGE 584 591
EDGE 592 593
EDGE 593 594
EDGE 579 594
EDGE 579 595
EDGE 596 597
EDGE 597 598
EDGE 598 599
EDGE 599 600
EDGE 601 602
EDGE 602 603
EDGE 603 604
EDGE 604 605
EDGE 606 607
EDGE 607 608
EDGE 602 608
EDGE 602 609
EDGE 610 611
EDGE 611 612
EDGE 597 612
EDGE 597 613
EDGE 614 615
EDGE 302 615
EDGE 302 616
EDGE 616 617
EDGE 618 619
EDGE 304 619
EDGE 304 620
EDGE 620 621
EDGE 622 623
EDGE 619 623
EDGE 619 624
EDGE 625 626
EDGE 615 626
EDGE 615 627
EDGE 628 629
EDGE 629 630
EDGE 631 632
EDGE 632 633
EDGE 634 635
EDGE 58 635
EDGE 58 636
EDGE 637 638
EDGE 59 638
EDGE 59 639
EDGE 58 640
EDGE 58 641
EDGE 641 642
EDGE 59 643
EDGE 59 644
EDGE 644 645
EDGE 533 646
EDGE 533 647
EDGE 647 648
EDGE 648 649
EDGE 534 650
EDGE 534 651
EDGE 651 652
EDGE 652 653
EDGE 654 655
EDGE 534 655
EDGE 534 652
EDGE 652 656
EDGE 657 658
EDGE 533 658
EDGE 533 648
EDGE 648 659
EDGE 660 661
EDGE 661 662
EDGE 662 663
EDGE 664 665
EDGE 665 666
EDGE 666 667
EDGE 662 668
EDGE 20 662
EDGE 20 669
EDGE 669 670
EDGE 666 671
EDGE 19 666
EDGE 19 672
EDGE 672 673
EDGE 674 675
EDGE 675 676
EDGE 676 677
EDGE 678 679
EDGE 679 680
EDGE 680 681
EDGE 682 683
EDGE 683 684
EDGE 684 685
EDGE 685 686
EDGE 686 687
EDGE 687 688
EDGE 688 689
EDGE 689 690
EDGE 690 691
EDGE 691 692
EDGE 692 693
EDGE 693 694
EDGE 694 695
EDGE 675 695
EDGE 675 679
EDGE 679 696
EDGE 696 697
EDGE 697 698
EDGE 698 699
EDGE 699 700
EDGE 700 701
EDGE 701 702
EDGE 702 703
EDGE 703 704
EDGE 704 705
EDGE 705 706
EDGE 706 707
EDGE 707 708
EDGE 708 709
EDGE 709 710
EDGE 710 711
EDGE 711 712
EDGE 712 713
EDGE 713 714
EDGE 714 715
EDGE 715 716
EDGE 717 718
EDGE 718 719
EDGE 719 720
EDGE 720 721
EDGE 721 722
EDGE 722 723
EDGE 723 724
EDGE 724 725
EDGE 725 726
EDGE 726 727
EDGE 727 728
EDGE 728 729
EDGE 729 730
EDGE 730 731
EDGE 731 732
EDGE 732 733
EDGE 733 734
EDGE 734 735
EDGE 735 736
EDGE 736 737
EDGE 737 738
EDGE 738 739
EDGE 739 740
EDGE 693 740
EDGE 384 741
EDGE 384 742
EDGE 742 743
EDGE 385 744
EDGE 385 745
EDGE 745 746
EDGE 747 748
EDGE 748 749
EDGE 750 751
EDGE 751 752
EDGE 752 753
EDGE 754 755
EDGE 755 756
EDGE 756 757
EDGE 757 758
EDGE 759 760
EDGE 760 761
EDGE 762 763
EDGE 763 764
EDGE 764 765
EDGE 765 766
EDGE 766 767
EDGE 768 769
EDGE 769 770
EDGE 770 771
EDGE 771 772
EDGE 772 773
EDGE 774 775
EDGE 775 776
EDGE 776 777
EDGE 769 777
EDGE 769 778
EDGE 779 780
EDGE 780 781
EDGE 781 782
EDGE 775 782
EDGE 775 783
EDGE 784 785
EDGE 785 786
EDGE 786 787
EDGE 787 788
EDGE 788 789
EDGE 789 790
EDGE 790 791
EDGE 792 793
EDGE 793 794
EDGE 794 795
EDGE 489 796
EDGE 484 489
EDGE 484 797
EDGE 477 797
EDGE 477 798
EDGE 472 798
EDGE 472 799
EDGE 3 799
EDGE 3 800
EDGE 800 801
EDGE 801 802
EDGE 802 803
EDGE 803 804
EDGE 804 805
EDGE 805 806
EDGE 806 807
EDGE 807 808
EDGE 808 809
EDGE 809 810
EDGE 810 811
EDGE 811 812
EDGE 812 813
EDGE 813 814
EDGE 814 815
EDGE 815 816
EDGE 816 817
EDGE 817 818
EDGE 818 819
EDGE 819 820
EDGE 820 821
EDGE 821 822
EDGE 822 823
EDGE 823 824
EDGE 824 825
EDGE 825 826
EDGE 826 827
EDGE 827 828
EDGE 828 829
EDGE 829 830
EDGE 830 831
EDGE 831 832
EDGE 832 833
EDGE 833 834
EDGE 834 835
EDGE 835 836
EDGE 836 837
EDGE 837 838
EDGE 838 839
EDGE 839 840
EDGE 840 841
EDGE 841 842
EDGE 842 843
EDGE 843 844
EDGE 844 845
EDGE 579 845
EDGE 579 584
EDGE 584 846
EDGE 846 847
EDGE 847 848
EDGE 848 849
EDGE 849 850
EDGE 850 851
EDGE 568 851
EDGE 564 568
EDGE 564 852
EDGE 852 853
EDGE 853 854
EDGE 854 855
EDGE 855 856
EDGE 856 857
EDGE 857 858
EDGE 858 859
EDGE 859 860
EDGE 860 861
EDGE 495 861
EDGE 496 862
EDGE 501 862
EDGE 501 863
EDGE 507 863
EDGE 507 864
EDGE 513 864
EDGE 513 865
EDGE 519 865
EDGE 519 866
EDGE 867 868
EDGE 868 869
EDGE 869 870
EDGE 870 871
EDGE 792 871
EDGE 792 872
EDGE 872 873
EDGE 873 874
EDGE 874 875
EDGE 875 876
EDGE 876 877
EDGE 877 878
EDGE 772 878
EDGE 772 879
EDGE 879 880
EDGE 881 882
EDGE 882 883
EDGE 883 884
EDGE 884 885
EDGE 885 886
EDGE 886 887
EDGE 887 888
EDGE 889 890
EDGE 890 891
EDGE 892 893
EDGE 893 894
EDGE 895 896
EDGE 896 897
EDGE 898 899
EDGE 899 900
EDGE 901 902
EDGE 902 903
EDGE 903 904
EDGE 905 906
EDGE 906 907
EDGE 907 908
EDGE 908 909
EDGE 909 910
EDGE 910 911
EDGE 912 913
EDGE 913 914
EDGE 914 915
EDGE 915 916
EDGE 917 918
EDGE 918 919
EDGE 920 921
EDGE 921 922
EDGE 922 923
EDGE 924 925
EDGE 925 926
EDGE 927 928
EDGE 928 929
EDGE 930 931
EDGE 931 932
EDGE 933 934
EDGE 934 935
EDGE 936 937
EDGE 937 938
EDGE 938 939
EDGE 940 941
EDGE 941 942
EDGE 7 943
EDGE 7 560
EDGE 557 560
EDGE 557 944
EDGE 944 945
EDGE 945 946
EDGE 946 947
EDGE 284 947
EDGE 284 948
EDGE 948 949
EDGE 949 950
EDGE 950 951
EDGE 951 952
EDGE 952 953
EDGE 953 954
EDGE 954 955
EDGE 955 956
EDGE 956 957
EDGE 957 958
EDGE 958 959
EDGE 959 960
EDGE 960 961
EDGE 961 962
EDGE 962 963
EDGE 963 964
EDGE 964 965
EDGE 965 966
EDGE 966 967
EDGE 967 968
EDGE 968 969
EDGE 969 970
EDGE 970 971
EDGE 971 972
EDGE 972 973
EDGE 973 974
EDGE 974 975
EDGE 975 976
EDGE 976 977
EDGE 977 978
EDGE 978 979
EDGE 269 979
EDGE 268 632
EDGE 629 632
EDGE 629 980
EDGE 980 981
EDGE 981 982
EDGE 982 983
EDGE 983 984
EDGE 984 985
EDGE 985 986
EDGE 986 987
EDGE 987 988
EDGE 988 989
EDGE 989 990
EDGE 990 991
EDGE 991 992
EDGE 992 993
EDGE 993 994
EDGE 994 995
EDGE 995 996
EDGE 996 997
EDGE 997 998
EDGE 998 999
EDGE 999 1000
EDGE 1000 1001
EDGE 1001 1002
EDGE 1002 1003
EDGE 83 1003
EDGE 83 1004
EDGE 1004 1005
EDGE 1005 1006
EDGE 1006 1007
EDGE 1007 1008
EDGE 1008 1009
EDGE 1009 1010
EDGE 1010 1011
EDGE 1011 1012
EDGE 1012 1013
EDGE 1013 1014
EDGE 164 1014
EDGE 1015 1016
EDGE 1016 1017
EDGE 1017 1018
EDGE 1018 1019
EDGE 1019 1020
EDGE 1020 1021
EDGE 1021 1022
EDGE 136 1022
EDGE 136 1023
EDGE 1024 1025
EDGE 1025 1026
EDGE 1026 1027
EDGE 1027 1028
EDGE 1028 1029
EDGE 1030 1031
EDGE 1031 1032
EDGE 1032 1033
EDGE 1033 1034
EDGE 1034 1035
EDGE 1035 1036
EDGE 43 1036
EDGE 43 1037
EDGE 1037 1038
EDGE 1038 1039
EDGE 1039 1040
EDGE 1040 1041
EDGE 1042 1043
EDGE 1043 1044
EDGE 1044 1045
EDGE 1045 1046
EDGE 1046 1047
EDGE 1047 1048
EDGE 1048 1049
EDGE 1049 1050
EDGE 1050 1051
EDGE 1051 1052
EDGE 1052 1053
EDGE 1053 1054
EDGE 1054 1055
EDGE 1055 1056
EDGE 1056 1057
EDGE 1057 1058
EDGE 1058 1059
EDGE 1059 1060
EDGE 1060 1061
EDGE 1061 1062
EDGE 1062 1063
EDGE 1063 1064
EDGE 1064 1065
EDGE 1065 1066
EDGE 1066 1067
EDGE 1067 1068
EDGE 1068 1069
EDGE 1069 1070
EDGE 1070 1071
EDGE 1071 1072
EDGE 1072 1073
EDGE 1073 1074
EDGE 1074 1075
EDGE 963 1075
EDGE 963 1076
EDGE 1076 1077
EDGE 1077 1078
EDGE 1078 1079
EDGE 1079 1080
EDGE 1080 1081
EDGE 1081 1082
EDGE 1082 1083
EDGE 1083 1084
EDGE 1084 1085
EDGE 1085 1086
EDGE 1086 1087
EDGE 1087 1088
EDGE 615 1088
EDGE 615 619
EDGE 619 1089
EDGE 1089 1090
EDGE 848 1090
EDGE 848 1091
EDGE 1091 1092
EDGE 602 1092
EDGE 597 602
EDGE 597 1093
EDGE 1093 1094
EDGE 1094 1095
EDGE 1095 1096
EDGE 1096 1097
EDGE 1097 1098
EDGE 1098 1099
EDGE 1099 1100
EDGE 1100 1101
EDGE 1101 1102
EDGE 1102 1103
EDGE 1103 1104
EDGE 1104 1105
EDGE 1105 1106
EDGE 1107 1108
EDGE 1108 1109
EDGE 1109 1110
EDGE 1110 1111
EDGE 1043 1111
EDGE 1043 1112
EDGE 1113 1114
EDGE 1114 1115
EDGE 1115 1116
EDGE 1116 1117
EDGE 1117 1118
EDGE 1118 1119
EDGE 1119 1120
EDGE 1120 1121
EDGE 1121 1122
EDGE 1122 1123
EDGE 1123 1124
EDGE 1124 1125
EDGE 1126 1127
EDGE 1127 1128
EDGE 1128 1129
EDGE 1129 1130
EDGE 1130 1131
EDGE 1131 1132
EDGE 1132 1133
EDGE 1133 1134
EDGE 1134 1135
EDGE 1135 1136
EDGE 1136 1137
EDGE 1137 1138
EDGE 1138 1139
EDGE 1140 1141
EDGE 1141 1142
EDGE 1142 1143
EDGE 1144 1145
EDGE 1145 1146
EDGE 1146 1147
EDGE 1147 1148
EDGE 1148 1149
EDGE 1149 1150
EDGE 1150 1151
EDGE 1151 1152
EDGE 1153 1154
EDGE 1154 1155
EDGE 1155 1156
EDGE 1156 1157
EDGE 1157 1158
EDGE 1158 1159
EDGE 1159 1160
EDGE 1160 1161
EDGE 1161 1162
EDGE 1163 1164
EDGE 1164 1165
EDGE 1166 1167
EDGE 1167 1168
EDGE 1169 1170
EDGE 1170 1171
EDGE 1171 1172
EDGE 1173 1174
EDGE 1174 1175
EDGE 1175 1176
EDGE 1176 1177
EDGE 1177 1178
EDGE 1178 1179
EDGE 1179 1180
EDGE 1181 1182
EDGE 1182 1183
EDGE 1183 1184
EDGE 1184 1185
EDGE 1185 1186
EDGE 1182 1187
EDGE 1182 1188
EDGE 1188 1189
EDGE 1190 1191
EDGE 1191 1192
EDGE 1192 1193
EDGE 1193 1194
EDGE 1195 1196
EDGE 1196 1197
EDGE 1197 1198
EDGE 1198 1199
EDGE 1199 1200
EDGE 1200 1201
EDGE 1201 1202
EDGE 1203 1204
EDGE 1204 1205
EDGE 1205 1206
EDGE 1206 1207
EDGE 1207 1208
EDGE 1208 1209
EDGE 1209 1210
EDGE 1211 1212
EDGE 1201 1212
EDGE 1201 1213
EDGE 1214 1215
EDGE 1215 1216
EDGE 1216 1217
EDGE 1217 1218
EDGE 1218 1219
EDGE 1219 1220
EDGE 1221 1222
EDGE 1222 1223
EDGE 1223 1224
EDGE 1224 1225
EDGE 1225 1226
EDGE 1227 1228
EDGE 1228 1229
EDGE 1230 1231
EDGE 1231 1232
EDGE 1233 1234
EDGE 1234 1235
EDGE 1235 1236
EDGE 1236 1237
EDGE 1237 1238
EDGE 9 11
EDGE 11 13
EDGE 13 15
EDGE 15 17
EDGE 17 21
EDGE 21 23
EDGE 26 28
EDGE 28 30
EDGE 26 30
EDGE 30 32
EDGE 28 32
EDGE 32 34
EDGE 30 34
EDGE 34 36
EDGE 42 45
EDGE 45 47
EDGE 42 47
EDGE 47 49
EDGE 45 49
EDGE 42 49
EDGE 49 51
EDGE 47 51
EDGE 45 51
EDGE 51 53
EDGE 49 53
EDGE 47 53
EDGE 53 55
EDGE 51 55
EDGE 55 57
EDGE 53 57
EDGE 61 63
EDGE 63 65
EDGE 61 65
EDGE 65 67
EDGE 63 67
EDGE 67 69
EDGE 65 69
EDGE 69 71
EDGE 71 73
EDGE 73 75
EDGE 73 77
EDGE 75 77
EDGE 82 84
EDGE 53 88
EDGE 51 88
EDGE 49 88
EDGE 82 86
EDGE 84 86
EDGE 55 90
EDGE 53 90
EDGE 51 90
EDGE 49 90
EDGE 82 88
EDGE 86 88
EDGE 84 88
EDGE 57 92
EDGE 55 92
EDGE 53 92
EDGE 51 92
EDGE 88 90
EDGE 86 90
EDGE 84 90
EDGE 57 94
EDGE 55 94
EDGE 49 92
EDGE 90 92
EDGE 88 92
EDGE 86 92
EDGE 92 94
EDGE 57 96
EDGE 53 94
EDGE 51 94
EDGE 90 94
EDGE 92 96
EDGE 65 98
EDGE 63 98
EDGE 61 98
EDGE 94 96
EDGE 55 96
EDGE 53 96
EDGE 67 100
EDGE 65 100
EDGE 63 100
EDGE 67 102
EDGE 65 102
EDGE 61 100
EDGE 98 100
EDGE 63 102
EDGE 100 102
EDGE 61 102
EDGE 98 102
EDGE 67 104
EDGE 65 104
EDGE 102 104
EDGE 100 104
EDGE 63 104
EDGE 104 106
EDGE 102 106
EDGE 106 108
EDGE 108 110
EDGE 110 112
EDGE 112 114
EDGE 110 114
EDGE 121 123
EDGE 123 125
EDGE 121 125
EDGE 47 130
EDGE 45 130
EDGE 42 130
EDGE 51 132
EDGE 49 132
EDGE 47 132
EDGE 45 132
EDGE 42 132
EDGE 127 130
EDGE 90 135
EDGE 51 135
EDGE 49 135
EDGE 47 135
EDGE 88 135
EDGE 86 135
EDGE 130 132
EDGE 127 132
EDGE 90 138
EDGE 92 138
EDGE 53 138
EDGE 51 138
EDGE 49 138
EDGE 45 135
EDGE 42 135
EDGE 88 138
EDGE 86 138
EDGE 132 135
EDGE 130 135
EDGE 92 140
EDGE 96 140
EDGE 94 140
EDGE 55 140
EDGE 53 140
EDGE 51 140
EDGE 47 138
EDGE 45 138
EDGE 90 140
EDGE 135 138
EDGE 132 138
EDGE 57 143
EDGE 96 143
EDGE 94 143
EDGE 55 143
EDGE 49 140
EDGE 47 140
EDGE 88 140
EDGE 86 140
EDGE 138 140
EDGE 135 140
EDGE 88 160
EDGE 86 160
EDGE 82 160
EDGE 84 160
EDGE 135 160
EDGE 132 160
EDGE 90 162
EDGE 140 162
EDGE 138 162
EDGE 49 162
EDGE 88 162
EDGE 86 162
EDGE 135 162
EDGE 132 162
EDGE 130 162
EDGE 90 165
EDGE 92 165
EDGE 140 165
EDGE 53 165
EDGE 51 165
EDGE 138 165
EDGE 49 165
EDGE 47 165
EDGE 45 165
EDGE 88 165
EDGE 82 162
EDGE 84 162
EDGE 135 165
EDGE 160 162
EDGE 90 167
EDGE 94 167
EDGE 55 167
EDGE 92 167
EDGE 140 167
EDGE 53 167
EDGE 51 167
EDGE 49 167
EDGE 86 165
EDGE 84 165
EDGE 162 165
EDGE 160 165
EDGE 132 165
EDGE 92 141
EDGE 57 141
EDGE 96 141
EDGE 94 141
EDGE 55 141
EDGE 53 141
EDGE 51 141
EDGE 47 167
EDGE 88 167
EDGE 86 167
EDGE 138 167
EDGE 165 167
EDGE 162 167
EDGE 135 167
EDGE 132 167
EDGE 90 171
EDGE 140 171
EDGE 51 171
EDGE 167 171
EDGE 138 171
EDGE 49 169
EDGE 47 169
EDGE 45 169
EDGE 42 169
EDGE 88 171
EDGE 165 171
EDGE 135 171
EDGE 162 171
EDGE 160 171
EDGE 132 171
EDGE 130 169
EDGE 90 172
EDGE 167 172
EDGE 49 171
EDGE 47 171
EDGE 45 171
EDGE 42 171
EDGE 88 172
EDGE 86 172
EDGE 165 172
EDGE 135 172
EDGE 162 172
EDGE 160 172
EDGE 130 171
EDGE 140 172
EDGE 51 172
EDGE 138 172
EDGE 49 172
EDGE 171 172
EDGE 47 172
EDGE 45 172
EDGE 88 174
EDGE 86 174
EDGE 82 174
EDGE 84 174
EDGE 162 174
EDGE 160 174
EDGE 132 172
EDGE 130 172
EDGE 90 174
EDGE 140 174
EDGE 51 174
EDGE 167 174
EDGE 138 174
EDGE 49 174
EDGE 171 174
EDGE 47 174
EDGE 86 176
EDGE 82 176
EDGE 84 176
EDGE 165 174
EDGE 135 174
EDGE 172 174
EDGE 160 176
EDGE 132 174
EDGE 130 174
EDGE 90 176
EDGE 167 176
EDGE 138 176
EDGE 171 176
EDGE 88 176
EDGE 165 176
EDGE 135 176
EDGE 162 176
EDGE 174 176
EDGE 172 176
EDGE 132 176
EDGE 130 176
EDGE 171 180
EDGE 88 180
EDGE 86 180
EDGE 82 178
EDGE 84 180
EDGE 165 180
EDGE 135 180
EDGE 162 180
EDGE 174 180
EDGE 172 180
EDGE 176 180
EDGE 160 180
EDGE 132 180
EDGE 138 182
EDGE 171 182
EDGE 88 182
EDGE 86 182
EDGE 82 180
EDGE 165 182
EDGE 135 182
EDGE 162 182
EDGE 174 182
EDGE 172 182
EDGE 176 182
EDGE 132 182
EDGE 130 182
EDGE 167 184
EDGE 138 184
EDGE 171 184
EDGE 82 182
EDGE 84 182
EDGE 165 184
EDGE 135 184
EDGE 162 184
EDGE 174 184
EDGE 172 184
EDGE 160 182
EDGE 132 184
EDGE 180 182
EDGE 130 184
EDGE 138 186
EDGE 49 186
EDGE 47 186
EDGE 171 186
EDGE 45 186
EDGE 88 184
EDGE 86 184
EDGE 84 184
EDGE 135 186
EDGE 172 186
EDGE 176 184
EDGE 132 186
EDGE 182 184
EDGE 180 184
EDGE 160 184
EDGE 130 186
EDGE 167 186
EDGE 47 188
EDGE 45 188
EDGE 42 188
EDGE 165 186
EDGE 162 186
EDGE 174 186
EDGE 176 186
EDGE 132 188
EDGE 182 186
EDGE 184 186
EDGE 180 186
EDGE 160 186
EDGE 130 188
EDGE 127 188
EDGE 138 188
EDGE 49 188
EDGE 171 188
EDGE 45 190
EDGE 42 190
EDGE 165 188
EDGE 135 188
EDGE 162 188
EDGE 172 188
EDGE 174 188
EDGE 176 188
EDGE 182 188
EDGE 184 188
EDGE 180 188
EDGE 186 188
EDGE 160 188
EDGE 130 190
EDGE 127 190
EDGE 47 190
EDGE 169 190
EDGE 165 190
EDGE 135 190
EDGE 162 190
EDGE 172 190
EDGE 171 190
EDGE 174 190
EDGE 176 190
EDGE 132 190
EDGE 182 190
EDGE 184 190
EDGE 186 190
EDGE 160 190
EDGE 188 190
EDGE 127 192
EDGE 47 192
EDGE 169 192
EDGE 45 192
EDGE 42 192
EDGE 135 192
EDGE 162 192
EDGE 172 192
EDGE 171 192
EDGE 174 192
EDGE 132 192
EDGE 182 192
EDGE 184 192
EDGE 186 192
EDGE 188 192
EDGE 130 192
EDGE 190 192
EDGE 127 129
EDGE 47 195
EDGE 169 195
EDGE 45 195
EDGE 42 195
EDGE 135 195
EDGE 162 195
EDGE 172 195
EDGE 171 195
EDGE 174 195
EDGE 176 195
EDGE 132 195
EDGE 182 195
EDGE 184 195
EDGE 186 195
EDGE 188 195
EDGE 130 195
EDGE 190 195
EDGE 192 195
EDGE 47 197
EDGE 169 197
EDGE 45 197
EDGE 42 197
EDGE 165 197
EDGE 135 197
EDGE 162 197
EDGE 172 197
EDGE 171 197
EDGE 174 197
EDGE 176 197
EDGE 132 197
EDGE 182 197
EDGE 184 197
EDGE 186 197
EDGE 188 197
EDGE 190 197
EDGE 127 195
EDGE 138 199
EDGE 49 199
EDGE 47 199
EDGE 169 199
EDGE 45 199
EDGE 42 199
EDGE 165 199
EDGE 135 199
EDGE 162 199
EDGE 172 199
EDGE 171 199
EDGE 174 199
EDGE 176 199
EDGE 132 199
EDGE 195 197
EDGE 192 197
EDGE 130 197
EDGE 127 197
EDGE 138 201
EDGE 49 201
EDGE 47 201
EDGE 169 201
EDGE 45 201
EDGE 42 201
EDGE 165 201
EDGE 135 201
EDGE 171 201
EDGE 182 199
EDGE 184 199
EDGE 186 199
EDGE 197 199
EDGE 195 199
EDGE 192 199
EDGE 188 199
EDGE 130 199
EDGE 190 199
EDGE 127 199
EDGE 49 203
EDGE 47 203
EDGE 45 203
EDGE 42 203
EDGE 172 201
EDGE 174 201
EDGE 162 201
EDGE 176 201
EDGE 132 201
EDGE 184 201
EDGE 186 201
EDGE 199 201
EDGE 197 201
EDGE 195 201
EDGE 192 201
EDGE 188 201
EDGE 190 201
EDGE 130 201
EDGE 127 201
EDGE 138 203
EDGE 47 205
EDGE 169 203
EDGE 45 205
EDGE 42 205
EDGE 165 203
EDGE 135 203
EDGE 172 203
EDGE 171 203
EDGE 174 203
EDGE 162 203
EDGE 132 203
EDGE 184 203
EDGE 186 203
EDGE 201 203
EDGE 199 203
EDGE 197 203
EDGE 195 203
EDGE 192 203
EDGE 188 203
EDGE 190 203
EDGE 130 203
EDGE 127 203
EDGE 49 205
EDGE 169 205
EDGE 42 207
EDGE 135 205
EDGE 172 205
EDGE 171 205
EDGE 132 205
EDGE 186 205
EDGE 203 205
EDGE 201 205
EDGE 199 205
EDGE 197 205
EDGE 195 205
EDGE 192 205
EDGE 188 205
EDGE 190 205
EDGE 130 205
EDGE 127 205
EDGE 49 207
EDGE 47 207
EDGE 169 207
EDGE 45 207
EDGE 171 207
EDGE 132 207
EDGE 205 207
EDGE 203 207
EDGE 201 207
EDGE 199 207
EDGE 197 207
EDGE 195 207
EDGE 192 207
EDGE 188 207
EDGE 130 207
EDGE 190 207
EDGE 47 209
EDGE 169 209
EDGE 45 209
EDGE 42 209
EDGE 40 209
EDGE 205 209
EDGE 207 209
EDGE 203 209
EDGE 201 209
EDGE 199 209
EDGE 214 216
EDGE 216 218
EDGE 214 218
EDGE 218 220
EDGE 216 220
EDGE 220 222
EDGE 218 222
EDGE 222 224
EDGE 220 224
EDGE 224 226
EDGE 222 226
EDGE 226 228
EDGE 224 228
EDGE 228 230
EDGE 226 230
EDGE 230 232
EDGE 228 232
EDGE 232 234
EDGE 230 234
EDGE 234 236
EDGE 232 236
EDGE 220 243
EDGE 222 245
EDGE 220 245
EDGE 218 245
EDGE 241 243
EDGE 222 247
EDGE 220 247
EDGE 218 247
EDGE 243 245
EDGE 216 247
EDGE 241 245
EDGE 220 249
EDGE 218 249
EDGE 245 247
EDGE 243 247
EDGE 216 249
EDGE 241 247
EDGE 222 249
EDGE 220 251
EDGE 218 251
EDGE 247 249
EDGE 245 249
EDGE 243 249
EDGE 216 251
EDGE 214 251
EDGE 241 249
EDGE 222 253
EDGE 247 253
EDGE 249 253
EDGE 245 253
EDGE 243 253
EDGE 241 253
EDGE 222 255
EDGE 220 255
EDGE 247 255
EDGE 249 255
EDGE 245 255
EDGE 243 255
EDGE 241 255
EDGE 253 255
EDGE 220 257
EDGE 247 257
EDGE 249 257
EDGE 245 257
EDGE 243 257
EDGE 241 257
EDGE 222 257
EDGE 253 257
EDGE 255 257
EDGE 247 259
EDGE 249 259
EDGE 245 259
EDGE 243 259
EDGE 241 259
EDGE 220 259
EDGE 253 259
EDGE 255 259
EDGE 257 259
EDGE 243 261
EDGE 241 261
EDGE 253 261
EDGE 255 261
EDGE 257 261
EDGE 259 261
EDGE 247 261
EDGE 249 261
EDGE 245 261
EDGE 241 263
EDGE 253 263
EDGE 255 263
EDGE 257 263
EDGE 259 263
EDGE 247 263
EDGE 249 263
EDGE 245 263
EDGE 243 263
EDGE 261 263
EDGE 269 271
EDGE 271 273
EDGE 269 273
EDGE 278 280
EDGE 286 288
EDGE 288 290
EDGE 288 292
EDGE 290 292
EDGE 292 294
EDGE 290 294
EDGE 294 296
EDGE 280 298
EDGE 278 298
EDGE 292 296
EDGE 296 298
EDGE 294 298
EDGE 280 300
EDGE 278 300
EDGE 298 300
EDGE 296 300
EDGE 282 303
EDGE 300 303
EDGE 280 303
EDGE 273 309
EDGE 271 307
EDGE 269 307
EDGE 271 309
EDGE 269 309
EDGE 275 311
EDGE 273 311
EDGE 309 311
EDGE 311 313
EDGE 313 315
EDGE 315 317
EDGE 317 319
EDGE 319 321
EDGE 283 330
EDGE 286 330
EDGE 328 330
EDGE 283 332
EDGE 286 332
EDGE 330 332
EDGE 286 334
EDGE 288 334
EDGE 330 334
EDGE 332 334
EDGE 288 336
EDGE 319 341
EDGE 321 341
EDGE 339 341
EDGE 321 343
EDGE 323 343
EDGE 339 343
EDGE 341 343
EDGE 319 343
EDGE 323 345
EDGE 341 345
EDGE 343 345
EDGE 321 345
EDGE 323 347
EDGE 343 347
EDGE 345 347
EDGE 352 354
EDGE 352 356
EDGE 354 356
EDGE 352 358
EDGE 354 358
EDGE 356 358
EDGE 352 360
EDGE 354 360
EDGE 356 360
EDGE 358 360
EDGE 354 362
EDGE 356 362
EDGE 358 362
EDGE 360 362
EDGE 352 367
EDGE 354 367
EDGE 356 367
EDGE 358 367
EDGE 360 367
EDGE 352 369
EDGE 354 369
EDGE 356 369
EDGE 358 369
EDGE 362 367
EDGE 352 371
EDGE 354 371
EDGE 356 371
EDGE 360 369
EDGE 367 369
EDGE 362 369
EDGE 358 371
EDGE 369 371
EDGE 360 371
EDGE 367 371
EDGE 362 371
EDGE 352 373
EDGE 354 373
EDGE 356 373
EDGE 358 373
EDGE 371 373
EDGE 369 373
EDGE 360 373
EDGE 367 373
EDGE 362 373
EDGE 352 375
EDGE 354 375
EDGE 356 375
EDGE 358 375
EDGE 373 375
EDGE 371 375
EDGE 369 375
EDGE 360 375
EDGE 367 375
EDGE 362 375
EDGE 354 377
EDGE 356 377
EDGE 358 377
EDGE 375 377
EDGE 373 377
EDGE 371 377
EDGE 369 377
EDGE 360 377
EDGE 367 377
EDGE 362 377
EDGE 377 379
EDGE 375 379
EDGE 373 379
EDGE 371 379
EDGE 369 379
EDGE 144 382
EDGE 144 386
EDGE 386 388
EDGE 388 390
EDGE 390 392
EDGE 392 394
EDGE 394 396
EDGE 396 398
EDGE 398 400
EDGE 400 402
EDGE 402 404
EDGE 404 406
EDGE 406 408
EDGE 404 408
EDGE 412 414
EDGE 412 416
EDGE 414 416
EDGE 412 418
EDGE 414 418
EDGE 416 418
EDGE 412 420
EDGE 414 420
EDGE 416 420
EDGE 418 420
EDGE 420 422
EDGE 412 422
EDGE 414 422
EDGE 416 422
EDGE 418 422
EDGE 420 429
EDGE 412 429
EDGE 414 429
EDGE 416 429
EDGE 418 429
EDGE 422 427
EDGE 412 431
EDGE 414 431
EDGE 416 431
EDGE 418 431
EDGE 422 429
EDGE 429 431
EDGE 420 431
EDGE 422 431
EDGE 418 433
EDGE 431 433
EDGE 429 433
EDGE 412 433
EDGE 414 433
EDGE 416 433
EDGE 420 433
EDGE 422 433
EDGE 433 435
EDGE 418 435
EDGE 431 435
EDGE 429 435
EDGE 412 435
EDGE 414 435
EDGE 416 435
EDGE 420 435
EDGE 422 435
EDGE 435 437
EDGE 433 437
EDGE 418 437
EDGE 431 437
EDGE 429 437
EDGE 412 437
EDGE 414 437
EDGE 416 437
EDGE 420 437
EDGE 422 437
EDGE 441 443
EDGE 443 445
EDGE 441 445
EDGE 445 447
EDGE 443 447
EDGE 441 447
EDGE 447 449
EDGE 445 449
EDGE 443 449
EDGE 441 449
EDGE 447 454
EDGE 449 454
EDGE 445 454
EDGE 443 454
EDGE 441 454
EDGE 447 456
EDGE 449 456
EDGE 445 456
EDGE 443 456
EDGE 441 456
EDGE 454 456
EDGE 447 458
EDGE 449 458
EDGE 445 458
EDGE 443 458
EDGE 441 458
EDGE 454 458
EDGE 456 458
EDGE 447 460
EDGE 449 460
EDGE 445 460
EDGE 443 460
EDGE 441 460
EDGE 454 460
EDGE 456 460
EDGE 458 460
EDGE 441 462
EDGE 454 462
EDGE 456 462
EDGE 458 462
EDGE 447 462
EDGE 449 462
EDGE 460 462
EDGE 445 462
EDGE 443 462
EDGE 454 464
EDGE 456 464
EDGE 458 464
EDGE 447 464
EDGE 449 464
EDGE 460 464
EDGE 445 464
EDGE 443 464
EDGE 462 464
EDGE 441 464
EDGE 439 464
EDGE 525 527
EDGE 525 529
EDGE 527 529
EDGE 525 531
EDGE 527 531
EDGE 529 531
EDGE 535 537
EDGE 537 539
EDGE 535 539
EDGE 542 544
EDGE 544 546
EDGE 546 548
EDGE 548 550
EDGE 550 553
EDGE 556 559
EDGE 562 566
EDGE 565 570
EDGE 569 570
EDGE 573 577
EDGE 565 574
EDGE 569 574
EDGE 582 587
EDGE 583 591
EDGE 578 591
EDGE 591 595
EDGE 583 595
EDGE 578 595
EDGE 596 601
EDGE 596 609
EDGE 601 609
EDGE 609 613
EDGE 596 613
EDGE 601 613
EDGE 303 614
EDGE 282 614
EDGE 300 614
EDGE 280 614
EDGE 617 621
EDGE 303 618
EDGE 282 618
EDGE 300 618
EDGE 280 618
EDGE 303 624
EDGE 618 624
EDGE 614 624
EDGE 282 624
EDGE 300 624
EDGE 280 624
EDGE 303 627
EDGE 618 627
EDGE 614 627
EDGE 624 627
EDGE 282 627
EDGE 300 627
EDGE 280 627
EDGE 628 631
EDGE 96 636
EDGE 57 636
EDGE 143 636
EDGE 636 639
EDGE 96 639
EDGE 57 639
EDGE 143 639
EDGE 639 642
EDGE 636 642
EDGE 96 640
EDGE 57 640
EDGE 143 640
EDGE 640 643
EDGE 637 643
EDGE 634 643
EDGE 96 643
EDGE 57 643
EDGE 143 643
EDGE 539 646
EDGE 537 646
EDGE 535 646
EDGE 539 650
EDGE 537 650
EDGE 535 650
EDGE 646 650
EDGE 539 654
EDGE 537 656
EDGE 535 656
EDGE 653 656
EDGE 649 656
EDGE 539 657
EDGE 537 659
EDGE 535 659
EDGE 653 659
EDGE 649 659
EDGE 654 657
EDGE 23 663
EDGE 21 663
EDGE 17 663
EDGE 15 663
EDGE 23 667
EDGE 21 667
EDGE 660 664
EDGE 17 667
EDGE 15 667
EDGE 23 670
EDGE 21 670
EDGE 663 668
EDGE 667 668
EDGE 17 668
EDGE 15 668
EDGE 23 673
EDGE 21 673
EDGE 668 671
EDGE 663 671
EDGE 667 671
EDGE 17 671
EDGE 15 671
EDGE 677 681
EDGE 73 684
EDGE 75 684
EDGE 77 682
EDGE 73 686
EDGE 71 686
EDGE 77 684
EDGE 684 686
EDGE 71 688
EDGE 75 686
EDGE 686 688
EDGE 684 688
EDGE 73 688
EDGE 688 690
EDGE 686 690
EDGE 71 690
EDGE 678 695
EDGE 674 695
EDGE 690 692
EDGE 688 692
EDGE 678 697
EDGE 674 697
EDGE 695 697
EDGE 697 699
EDGE 678 699
EDGE 674 699
EDGE 695 699
EDGE 699 701
EDGE 697 701
EDGE 701 704
EDGE 699 704
EDGE 704 706
EDGE 701 706
EDGE 706 708
EDGE 704 708
EDGE 708 710
EDGE 710 712
EDGE 712 714
EDGE 116 717
EDGE 112 719
EDGE 110 719
EDGE 114 719
EDGE 110 721
EDGE 108 721
EDGE 719 721
EDGE 112 721
EDGE 108 723
EDGE 719 723
EDGE 721 723
EDGE 110 723
EDGE 721 725
EDGE 723 725
EDGE 110 725
EDGE 108 725
EDGE 723 727
EDGE 725 727
EDGE 108 727
EDGE 725 729
EDGE 727 729
EDGE 729 731
EDGE 727 731
EDGE 731 733
EDGE 729 733
EDGE 733 735
EDGE 731 735
EDGE 729 735
EDGE 735 737
EDGE 733 737
EDGE 731 737
EDGE 735 739
EDGE 733 739
EDGE 737 739
EDGE 144 741
EDGE 386 743
EDGE 144 744
EDGE 741 744
EDGE 386 746
EDGE 750 757
EDGE 747 762
EDGE 754 766
EDGE 755 768
EDGE 767 771
EDGE 747 774
EDGE 754 777
EDGE 763 774
EDGE 754 781
EDGE 764 783
EDGE 768 780
EDGE 747 786
EDGE 754 789
EDGE 751 791
EDGE 779 790
EDGE 774 787
EDGE 762 785
EDGE 747 795
EDGE 784 794
EDGE 774 795
EDGE 762 795
EDGE 520 865
EDGE 514 864
EDGE 508 863
EDGE 502 862
EDGE 36 855
EDGE 34 856
EDGE 32 857
EDGE 30 858
EDGE 28 859
EDGE 26 860
EDGE 23 861
EDGE 306 850
EDGE 692 820
EDGE 717 844
EDGE 116 845
EDGE 114 843
EDGE 733 829
EDGE 731 832
EDGE 719 841
EDGE 729 834
EDGE 721 840
EDGE 727 836
EDGE 723 839
EDGE 725 837
EDGE 112 842
EDGE 737 830
EDGE 735 828
EDGE 690 819
EDGE 688 817
EDGE 686 816
EDGE 684 814
EDGE 682 811
EDGE 73 815
EDGE 71 818
EDGE 75 813
EDGE 110 840
EDGE 108 838
EDGE 106 835
EDGE 104 833
EDGE 69 821
EDGE 67 822
EDGE 102 831
EDGE 65 823
EDGE 100 827
EDGE 63 824
EDGE 61 825
EDGE 98 826
EDGE 77 812
EDGE 555 810
EDGE 553 809
EDGE 550 807
EDGE 548 806
EDGE 2 800
EDGE 478 798
EDGE 546 805
EDGE 471 799
EDGE 544 804
EDGE 483 797
EDGE 542 802
EDGE 539 801
EDGE 537 803
EDGE 747 873
EDGE 784 872
EDGE 710 869
EDGE 754 877
EDGE 783 875
EDGE 774 874
EDGE 767 878
EDGE 712 870
EDGE 714 871
EDGE 853 880
EDGE 708 886
EDGE 706 887
EDGE 710 885
EDGE 704 888
EDGE 868 888
EDGE 712 883
EDGE 701 888
EDGE 699 888
EDGE 697 888
EDGE 678 888
EDGE 674 888
EDGE 714 882
EDGE 695 888
EDGE 888 889
EDGE 706 889
EDGE 704 889
EDGE 708 889
EDGE 703 889
EDGE 710 889
EDGE 701 889
EDGE 699 889
EDGE 712 889
EDGE 697 889
EDGE 678 889
EDGE 674 889
EDGE 714 889
EDGE 695 889
EDGE 879 894
EDGE 852 894
EDGE 613 897
EDGE 609 897
EDGE 599 897
EDGE 604 897
EDGE 846 895
EDGE 589 895
EDGE 593 895
EDGE 583 895
EDGE 578 895
EDGE 895 898
EDGE 847 898
EDGE 591 898
EDGE 595 898
EDGE 586 898
EDGE 581 898
EDGE 298 900
EDGE 296 900
EDGE 306 900
EDGE 618 900
EDGE 614 900
EDGE 622 900
EDGE 625 900
EDGE 303 900
EDGE 282 900
EDGE 300 900
EDGE 280 900
EDGE 278 900
EDGE 572 904
EDGE 576 904
EDGE 565 904
EDGE 569 904
EDGE 611 901
EDGE 607 901
EDGE 596 901
EDGE 601 901
EDGE 897 901
EDGE 851 904
EDGE 900 903
EDGE 306 901
EDGE 808 911
EDGE 553 911
EDGE 551 911
EDGE 2 910
EDGE 550 911
EDGE 546 908
EDGE 471 906
EDGE 478 911
EDGE 544 907
EDGE 542 905
EDGE 541 905
EDGE 539 905
EDGE 537 905
EDGE 652 905
EDGE 648 905
EDGE 535 905
EDGE 365 913
EDGE 915 917
EDGE 912 921
EDGE 117 926
EDGE 118 927
EDGE 125 930
EDGE 123 930
EDGE 121 930
EDGE 120 930
EDGE 929 932
EDGE 932 933
EDGE 929 933
EDGE 933 937
EDGE 153 942
EDGE 23 943
EDGE 21 943
EDGE 668 943
EDGE 671 943
EDGE 17 943
EDGE 660 943
EDGE 664 943
EDGE 15 943
EDGE 13 943
EDGE 11 943
EDGE 9 943
EDGE 326 944
EDGE 296 962
EDGE 328 945
EDGE 294 960
EDGE 292 958
EDGE 330 946
EDGE 286 949
EDGE 303 967
EDGE 618 970
EDGE 614 970
EDGE 624 969
EDGE 627 969
EDGE 300 966
EDGE 280 971
EDGE 298 965
EDGE 278 973
EDGE 276 974
EDGE 290 953
EDGE 288 950
EDGE 332 947
EDGE 334 948
EDGE 339 951
EDGE 315 968
EDGE 317 964
EDGE 341 952
EDGE 319 961
EDGE 238 981
EDGE 236 982
EDGE 234 983
EDGE 232 984
EDGE 90 1012
EDGE 230 986
EDGE 57 1018
EDGE 96 1018
EDGE 645 1005
EDGE 642 1005
EDGE 639 1008
EDGE 636 1008
EDGE 94 1017
EDGE 55 1019
EDGE 92 1015
EDGE 140 1018
EDGE 53 1022
EDGE 51 1024
EDGE 167 1017
EDGE 138 1020
EDGE 49 1026
EDGE 47 1032
EDGE 169 1026
EDGE 45 1035
EDGE 42 1037
EDGE 88 1009
EDGE 86 1006
EDGE 82 1003
EDGE 84 1004
EDGE 165 1016
EDGE 228 988
EDGE 226 989
EDGE 172 1021
EDGE 171 1023
EDGE 174 1014
EDGE 162 1013
EDGE 176 1011
EDGE 182 1010
EDGE 164 184
EDGE 180 1007
EDGE 205 1036
EDGE 207 1038
EDGE 203 1033
EDGE 209 1039
EDGE 201 1031
EDGE 211 1040
EDGE 199 1029
EDGE 197 1028
EDGE 195 1029
EDGE 192 1030
EDGE 273 977
EDGE 271 979
EDGE 311 975
EDGE 309 976
EDGE 313 972
EDGE 307 978
EDGE 343 954
EDGE 321 959
EDGE 345 956
EDGE 323 957
EDGE 347 955
EDGE 160 1008
EDGE 224 991
EDGE 186 1021
EDGE 132 1024
EDGE 188 1023
EDGE 190 1025
EDGE 222 991
EDGE 159 1002
EDGE 253 999
EDGE 220 990
EDGE 255 997
EDGE 257 996
EDGE 247 993
EDGE 249 992
EDGE 245 994
EDGE 218 988
EDGE 259 998
EDGE 243 995
EDGE 216 987
EDGE 261 1000
EDGE 214 985
EDGE 263 1002
EDGE 241 1001
EDGE 130 1027
EDGE 127 1034
EDGE 888 1105
EDGE 889 1104
EDGE 708 1098
EDGE 706 1099
EDGE 710 1096
EDGE 704 1100
EDGE 712 1095
EDGE 701 1102
EDGE 699 1103
EDGE 714 1094
EDGE 697 1102
EDGE 681 1097
EDGE 677 1097
EDGE 716 1093
EDGE 901 1091
EDGE 897 1092
EDGE 900 1090
EDGE 328 1069
EDGE 298 1084
EDGE 330 1071
EDGE 296 1083
EDGE 286 1073
EDGE 294 1080
EDGE 332 1070
EDGE 288 1074
EDGE 306 1089
EDGE 303 615
EDGE 282 1088
EDGE 300 1086
EDGE 280 1087
EDGE 278 1085
EDGE 292 1078
EDGE 290 1076
EDGE 334 1069
EDGE 339 1067
EDGE 317 1068
EDGE 341 1066
EDGE 319 1067
EDGE 343 1064
EDGE 321 1065
EDGE 695 1101
EDGE 275 1082
EDGE 273 1081
EDGE 313 1075
EDGE 311 1077
EDGE 315 1072
EDGE 309 1079
EDGE 271 1080
EDGE 269 1080
EDGE 410 1058
EDGE 408 1057
EDGE 406 1056
EDGE 404 1055
EDGE 402 1051
EDGE 400 1049
EDGE 398 1047
EDGE 345 1063
EDGE 323 1061
EDGE 347 1062
EDGE 325 1060
EDGE 396 1045
EDGE 394 1044
EDGE 386 1054
EDGE 743 1053
EDGE 746 1052
EDGE 392 1046
EDGE 388 1050
EDGE 390 1048
EDGE 402 1110
EDGE 400 1109
EDGE 398 1108
EDGE 396 1107
EDGE 394 1107
EDGE 392 1107
EDGE 390 1107
EDGE 452 1124
EDGE 454 1123
EDGE 456 1122
EDGE 447 1118
EDGE 152 1125
EDGE 449 1117
EDGE 460 1120
EDGE 445 1119
EDGE 443 1118
EDGE 462 1117
EDGE 441 1116
EDGE 439 1115
EDGE 464 1114
EDGE 465 1113
EDGE 454 1129
EDGE 456 1132
EDGE 458 1133
EDGE 449 1137
EDGE 149 1139
EDGE 451 1138
EDGE 460 1133
EDGE 447 1136
EDGE 443 1134
EDGE 462 1130
EDGE 441 1131
EDGE 439 1128
EDGE 464 1127
EDGE 1113 1126
EDGE 466 1126
EDGE 435 1145
EDGE 437 1143
EDGE 148 1152
EDGE 433 1147
EDGE 431 1146
EDGE 420 1144
EDGE 429 1143
EDGE 427 1142
EDGE 382 1140
EDGE 741 1140
EDGE 744 1140
EDGE 147 1152
EDGE 412 1151
EDGE 414 1150
EDGE 418 1148
EDGE 422 1141
EDGE 423 1140
EDGE 386 1140
EDGE 388 1140
EDGE 437 1153
EDGE 146 1153
EDGE 145 1153
EDGE 435 1154
EDGE 431 1155
EDGE 420 1159
EDGE 429 1158
EDGE 427 1160
EDGE 394 1153
EDGE 392 1153
EDGE 382 1153
EDGE 742 1153
EDGE 745 1153
EDGE 412 1158
EDGE 414 1157
EDGE 416 1156
EDGE 418 1157
EDGE 422 1161
EDGE 1140 1162
EDGE 424 1162
EDGE 390 1153
EDGE 386 1153
EDGE 388 1153
EDGE 1163 1166
EDGE 1163 1171
EDGE 239 1176
EDGE 1180 1184
EDGE 239 1189
EDGE 1180 1187
EDGE 1180 1194
EDGE 1186 1191
EDGE 1187 1198
EDGE 1194 1196
EDGE 1175 1202
EDGE 1186 1197
EDGE 1187 1209
EDGE 1193 1210
EDGE 1174 1203
EDGE 1186 1208
EDGE 1202 1204
EDGE 1174 1211
EDGE 1203 1211
EDGE 1189 1219
EDGE 239 1214
EDGE 1180 1220
EDGE 1183 1220
EDGE 1207 1220
EDGE 1199 1220
EDGE 156 1226
EDGE 1189 1221
EDGE 940 1226
EDGE 1194 1221
EDGE 212 1225
EDGE 239 1221
EDGE 1217 1221
EDGE 1178 1221
EDGE 1181 1221
EDGE 1206 1221
EDGE 1224 1227
EDGE 157 1229
EDGE 1189 1227
EDGE 940 1227
EDGE 214 1229
EDGE 212 1229
EDGE 1215 1227
EDGE 1179 1227
EDGE 1227 1230
EDGE 1223 1230
EDGE 155 1232
EDGE 1189 1230
EDGE 940 1232
EDGE 1218 1230
EDGE 1173 1230
EDGE 1203 1230
EDGE 36 1238
EDGE 34 1237
EDGE 30 1235
EDGE 28 1234
EDGE 26 1233
EDGE 37 1238
EDGE 25 1233
EDGE 23 1233
EDGE 662 1233
EDGE 666 1233
EDGE 21 1233
EDGE 17 1233
EDGE 15 1233
EDGE 854 1238
EDGE 1042 1239
EDGE 1043 1239
EDGE 757 1240
EDGE 758 1240
EDGE 752 1241
EDGE 753 1241
EDGE 757 1242
EDGE 758 1242
EDGE 940 1243
EDGE 941 1243
EDGE 922 1244
EDGE 923 1244
